tree
version=v4
num_class=1
num_tree_per_iteration=1
label_index=0
max_feature_idx=31
objective=binary sigmoid:1
feature_names=당월_매출_금액 당월_매출_건수 점포_수_y 유사_업종_점포_수_y 개업_율_y 폐업_률_y 프랜차이즈_점포_수_y 프랜차이즈점포비율(%) 개인점포비율(%) 상권_전체점포_수 상권_내부_업종_점유율(%) 운영_영업_개월_평균 폐업_영업_개월_평균 유효_수요_전환율 점포당_평균_매출 전년_동기_대비_폐업_증감률 소득_구간_코드 상권_업종_적합도 총_아파트_세대수 아파트_평균_시가 총_직장_인구_수 남성_직장_인구_수 여성_직장_인구_수 직장인구_100명당_점포수 아파트_100세대당_점포수 유사업종_점포비율 직장인구_100명당_유사업종수 점포당_매출_밀도 직장인구_1인당_매출 아파트세대당_매출 집객시설_수 집객시설_밀도
feature_infos=[69:1373912008223] [1:17041961] [0.67924528301886788:233.84615384615384] [1:234.92307692307693] [0:31.25] [0:28.755555555555556] [0:6.797752808988764] [0:34.506172839506171] [65.493827160493822:100] [5:15331] [1.0204081632653061:50] [29:268] [18:226] [8.5409100695550363e-05:62652453.846153848] [13.800000000000001:6783056754.8571424] [-0.9285714285714286:34] [0:10] [0:0.40301904082298279] [0:6436] [0:2570164683] [0:214604] [0:123445] [0:91159] [0:300] [0:1175.1177394034537] [1.0204081632653061:50] [0:309.09090909090907] [13.757668711656441:59802840380.53759] [0:754800000] [0:18318826776.306667] [0:594] [0:0.6333333333333333]
tree_sizes=1411 1207 1319 1326 1421 1532 1434 1640 1427 1869 1543 1649 1656 1655 1648 1759 1651 1660 1661 1655 1882 1768 1561 1757 1766 1645 1646 1662 1755 1879 1761 1772 1763 1646 1767 1874 1550 1864 1882 1868 1875 1876 1873 1875 1880 1880 1765 1868 1767 1868 1879 1877 1883 1888 1883 1878 1876 1883 1878 1767 1887 1875 1876 1882 1877 1885 1882 1770 1778 1875 1884 1767 1885 1865 1884 1875 1873 1887 1780 1881 1896 1884 1892 1884 1888 1883 1911 1873 1888 1902 1900 1890 1879 1891 1885 1886 1888 1890 1660 1888 1782 1878 1902 1897 1899 1782 1892 1892 1901 1897 1873 1889 1776 1893 1891 1876 1894 1897 1890 1898 1670 1891 1892 1887 1889 1903 1561 1887 1769 1894 1895 1890 1906 1909 1894 1886 1578 1581 1896 1872 1890 1880 1880 1761 1767 1880 1140 1899 1893 1907 1889 1868 1899 1897 1137 1134 1905 1137 1908 1130 1145 1885 1891 1571 1904 1902 1860 1137 1898 1123 1920 1906 1127 1760 1137 1915 1858 1894 1142 1121 1908 1889 1125 1914 1906 1890 1922 1900 1752 1903 1895 1021 1884 1024 1905 1887 1909 1882 1878 1144 1449 1135 1908 1897 1888 1888 1858 1860 1922 1036 1897 1877 1128 1902 1914 1878 1905 1865 1542 1887 1888 1021 815 1904 1913 1886 1889 1903 1897 1546 1444 1146 1885 1141 1676 1887 812 1896 1566 1142 1916 1914 1768 1875 1917 1888 917 1130 1899 1906 909 1905 1148 1763 1882 1879 1760 815 1903 1891 1925 1453 1897 913 1551 1887 1135 1013 1149 1891 1781 1443 1868 1131 1012 1910 1892 1888 821 1902 1891 1892 1908 1883 1915 1662 1870 1908 1882 1912 1124 1889 1906 1916 1138 1880 1914 1890 1883 1778 1886 1905 1891 1901 1902 1023 1888 1890 1022 1859 1652 1128 1919 1883 1126 1131 1907 1915 1880 1760 1140 1795 1900 1895 1898 1901 1773 1656 1131 1016 1898 1894 1904 1655 1134 1880 1902 1127 1641 1896 1882 811 1907 1906 1872 1903 1876 1865 1146 1904 1927 1879 1856 1899 1878 1124 1143 1913 1880 1648 1915 1870 1884 1011 1892 1126 1892 1010 1788 1887 1124 1131 1802 1917 1873 1907 1780 1923 1894 1899 1911 1910 1904 1007 1782 1127 1152 1854 1905 1135 1778 1880 1775 1008 1914 1891 1895 1791 1919 1895

Tree=0
num_leaves=12
num_cat=0
split_feature=15 14 9 14 6 15 5 14 14 27 1
split_gain=2.18561e+06 134650 90587.3 51877.7 38900.5 34423.3 31394.9 22441.3 9662.5 6427.49 1606.33
threshold=0.042572463768115944 25844775.590909097 398.50000000000006 22193727.48571429 0.79645323289391101 -0.46410256410256406 0.33578431372549028 87832349.166666672 74687217.312500015 303215596.0586769 758347.50000000012
decision_type=2 2 2 2 2 2 2 2 2 2 2
left_child=1 2 6 -2 8 -4 -1 -6 -3 10 -5
right_child=3 4 5 9 7 -7 -8 -9 -10 -11 -12
leaf_value=-3.482996046460662 -2.5718059352509455 -3.3595788177871051 -3.3349453713688568 -2.7163838016239721 -3.1680386750886185 -3.011284758790068 -3.2159651930695148 -3.3758655682078853 -3.4579293153781085 -2.9070421746368975 -3.4248841648212784
leaf_weight=434.50435383617878 5706.9939130209386 2017.9510961845517 347.77129265666008 2468.920427236706 1348.0290102399886 3285.4484464228153 4870.9653448611498 755.49085450544953 1652.3792444318533 467.94063242524862 6.6363612711429587
leaf_count=14588 23176 59683 9937 21380 31404 60048 121478 22705 54160 6718 170
internal_value=-3.00727 -3.23024 -3.15727 -2.6292 -3.34382 -3.04142 -3.2377 -3.24121 -3.40347 -2.74466 -2.71777
internal_weight=23363 14712.5 8938.69 8650.49 5773.85 3633.22 5305.47 2103.52 3670.33 2943.5 2475.56
internal_count=425447 374003 206051 51444 167952 69985 136066 54109 113843 28268 21550
is_linear=0
shrinkage=1


Tree=1
num_leaves=10
num_cat=0
split_feature=15 14 3 14 6 15 14 15 1
split_gain=317520 58453.6 47893.2 28165.2 14862.6 9500.69 5472.41 5420.01 2916.44
threshold=0.042572463768115944 43432055.625000007 11.423376623376624 1467213.6111111112 1.2944272445820435 -0.48979591836734687 104922208.3452381 -0.46410256410256406 17041.000000000004
decision_type=2 2 2 2 2 2 2 2 2
left_child=1 2 3 -1 6 -4 -3 -6 -2
right_child=8 4 5 -5 7 -7 -8 -9 -10
leaf_value=0.31392100312818672 0.38514033076861082 0.11359804121446532 0.15524051822069057 0.18407457457303716 0.049478107049086187 0.35570897685394587 0.038283454924280862 0.2356586581777429 0.34649362847891746
leaf_weight=1822.7266539372504 15162.495086539537 2054.6985661201179 266.33983330056071 9553.4516668692231 176.435710798949 2832.3018019795418 1536.3588443398476 938.49198765680194 4041.5512115396559
leaf_count=26787 30655 53107 6027 188006 4516 29630 47691 18239 20789
internal_value=0.291008 0.204398 0.234288 0.205268 0.112003 0.339318 0.0816779 0.20727 0.377285
internal_weight=38384.9 19180.8 14474.8 11376.2 4705.99 3098.64 3591.06 1114.93 19204
internal_count=425447 374003 250450 214793 123553 35657 100798 22755 51444
is_linear=0
shrinkage=0.03


Tree=2
num_leaves=11
num_cat=0
split_feature=15 14 15 15 21 9 14 14 3 14
split_gain=140916 34831.4 27913.5 105657 6148.72 4355.87 1899.26 1547.15 1115.87 142.59
threshold=0.042572463768115944 74687217.312500015 -0.48979591836734687 -1.0000000180025095e-35 2546.5000000000005 289.50000000000006 3876717.944444445 132243467.50000001 7.5871290545203598 71945657.583333343
decision_type=2 2 2 2 2 2 2 2 2 2
left_child=1 2 5 -4 8 -1 -2 -6 -3 -8
right_child=6 4 3 -5 7 -7 9 -9 -10 -11
leaf_value=-0.0047491689466736117 0.28093399413539183 0.025681316163700351 0.45202475218957211 0.16891742333545828 0.16042749978641388 0.095924906473611349 0.26156693319697055 0.08379100530262279 0.082271771116474421 0.23901999781208327
leaf_weight=604.67362320050597 7946.1141338869929 1597.4286049772054 1267.3385461196303 17154.262705549598 576.70213668234646 1049.1260461807251 15774.819008760154 510.83312755078077 385.37170846015215 2614.247178286314
leaf_count=14073 6681 47524 4803 252680 11520 21440 32896 12834 9129 11867
internal_value=0.21795 0.163745 0.178145 0.188748 0.0691737 0.059386 0.265469 0.126087 0.0372302 0.258561
internal_weight=49480.9 23145.7 20075.4 18421.6 3070.34 1653.8 26335.2 1087.54 1982.8 18389.1
internal_count=425447 374003 292996 257483 81007 35513 51444 24354 56653 44763
is_linear=0
shrinkage=0.03


Tree=3
num_leaves=11
num_cat=0
split_feature=15 5 15 15 5 31 9 27 1 30
split_gain=83745.8 21929.2 19500.2 50012.9 6481.52 2875.1 2636.42 1039.98 609.685 152.884
threshold=0.042572463768115944 0.81023570493234398 -0.48979591836734687 -1.0000000180025095e-35 0.10102040816326532 0.040150212777950008 289.50000000000006 8719456.1329849046 204943.50000000003 24.500000000000004
decision_type=2 2 2 2 2 2 2 2 2 2
left_child=1 4 6 -4 9 -6 -3 -2 -9 -1
right_child=7 2 3 -5 5 -7 -8 8 -10 -11
leaf_value=-0.028965455282451771 0.2174864757617703 -0.0032876060422425053 0.29978953279657716 0.13972711693083717 0.11613040142660332 0.046136923799484877 0.075009309255083964 0.20423186011468281 0.16127579134618567 0.036519416262852371
leaf_weight=623.90354878082871 12176.073855631053 537.31066275015473 1926.2106397785246 20196.570810206234 1083.8027891106904 1084.0769524089992 1351.366445697844 19590.585654310882 645.16396004706621 20.960237167775631
leaf_count=15742 9339 12769 6047 273620 17460 20902 27001 38913 3192 462
internal_value=0.17603 0.136664 0.145954 0.153859 0.0569887 0.0817005 0.0528684 0.208531 0.202984 -0.0260097
internal_weight=59236 26824.2 24011.5 22122.8 2812.74 2167.88 1888.68 32411.8 20235.7 644.864
internal_count=425447 374003 319437 279667 54566 38362 39770 51444 42105 16204
is_linear=0
shrinkage=0.03


Tree=4
num_leaves=12
num_cat=0
split_feature=15 14 0 14 0 14 17 17 28 30 1
split_gain=57758.6 23750.9 14195.8 25034.1 12574.4 17375.6 2986.11 1924.54 1119.28 503.799 546.354
threshold=0.042572463768115944 7918531.8708333345 123308941.00000001 24154515.000000004 57385765.500000007 2303145.1597222225 0.039001181721687324 0.17288759350776675 78088.231535968691 5.5000000000000009 99071.000000000015
decision_type=2 2 2 2 2 2 2 2 2 2 2
left_child=1 4 7 -4 5 -1 -6 -3 -2 -10 -11
right_child=8 2 3 -5 6 -7 -8 -9 9 10 -12
leaf_value=0.17114496231438348 0.17863939392713404 0.034520969210160998 0.17380171935451744 0.08483233739977511 0.15040783032264568 0.089268742007860544 0.23627176159973026 0.076652224484461795 0.17706377842084317 0.16394862178358224 0.1353190965918919
leaf_weight=5335.5594708658755 21243.245100382715 2948.7992585133761 4027.8641276322305 9883.1690120957792 615.90748114138842 4254.6096581891179 1670.5782066471875 1488.6741993073374 4936.1596142798662 10381.107177898288 1198.2236613929272
leaf_count=44103 18926 43676 32536 164713 5342 53952 8996 20685 7589 19935 4994
internal_value=0.14843 0.117398 0.0958425 0.110755 0.150534 0.13502 0.214287 0.0488724 0.173213 0.166077 0.161168
internal_weight=67983.9 30225.2 18348.5 13911 11876.7 9590.17 2286.49 4437.47 37758.7 16515.5 11579.3
internal_count=425447 374003 261610 197249 112393 98055 14338 64361 51444 32518 24929
is_linear=0
shrinkage=0.03


Tree=5
num_leaves=13
num_cat=0
split_feature=5 14 14 0 0 0 14 5 17 17 27 31
split_gain=18484.5 13702.5 8125.68 11001.1 2050.16 1964.99 4560.26 836.914 615.037 526.589 268.797 74.2887
threshold=0.14670014347202298 4926939.7250000006 71945657.583333343 331378158.50000006 1987888033.5000002 36826609.500000007 2303145.1597222225 1.0000000180025095e-35 0.12391625717282297 1.0000000180025095e-35 35116579.691480219 0.19869435867067106
decision_type=2 2 2 2 2 2 2 2 2 2 2 2
left_child=7 5 3 -3 -4 6 -2 -1 11 -7 -10 -9
right_child=1 2 4 -5 -6 9 -8 8 10 -11 -12 -13
leaf_value=-0.030599264395182967 0.15296275516181726 0.1157416072769844 0.082037175925678468 0.14900201654604872 0.11465499048277535 0.14519089595123397 0.1196037859062036 -0.026856218218277661 0.00024012723625480825 0.17555581940833556 0.10460809861696252 0.037020250986385103
leaf_weight=610.45080548897386 14648.742523692548 28521.00426543504 5410.0531490892172 13505.191238835454 2820.8161064907908 1356.9029519408941 5438.810348033905 87.86393566429615 29.581752311438322 3407.1397327706218 82.682421136647463 5.6702897772192946
leaf_count=14563 45206 168254 65248 62036 26867 4435 28359 1861 523 7147 933 15
internal_value=0.128682 0.130225 0.121094 0.12648 0.0934076 0.148607 0.144028 -0.0130485 0.0374177 0.167396 0.0806125 -0.0181262
internal_weight=75924.9 75108.7 50257.1 42026.2 8230.87 24851.6 20087.6 816.249 205.798 4764.04 112.264 93.5342
internal_count=425447 407552 322405 230290 92115 85147 73565 17895 3332 11582 1456 1876
is_linear=0
shrinkage=0.03


Tree=6
num_leaves=12
num_cat=0
split_feature=15 31 2 5 15 15 28 1 30 27 0
split_gain=44176.4 12802.8 9740.27 5550.83 5488.87 3474.33 2874.27 769.036 425.657 486.52 165.93
threshold=0.042572463768115944 0.0057197382769901862 4.4296703296703308 0.14670014347202298 -0.48979591836734687 -0.44097222222222215 9403.4559179440457 6396.5000000000009 6.5000000000000009 639357458.54492319 1732474770.0000002
decision_type=2 2 2 2 2 2 2 2 2 2 2
left_child=1 3 5 10 -4 -3 -5 -2 -9 -10 -1
right_child=7 2 4 6 -6 -7 -8 8 9 -11 -12
leaf_value=-0.026114491686022333 0.13637951712332247 -0.016323355522321985 0.035433574150737092 0.13875330536018116 0.096582482564072591 0.054656024812867937 0.10575535750055808 0.13658126030863987 0.12397454175519121 0.083241719286077612 0.049010059601501239
leaf_weight=267.54011759907007 30419.660254523158 667.42798839882016 1505.0954643078148 3307.524476967752 12466.862281281501 7735.9386089611799 11122.883567977697 4534.0864843428135 10896.173976331949 404.65770842134953 15.152360230684279
leaf_count=6286 22339 13179 23468 17725 104226 100480 108386 6590 20625 1890 253
internal_value=0.113543 0.0890748 0.0746714 0.110879 0.0900426 0.048996 0.113457 0.133127 0.126753 0.122631 -0.0197204
internal_weight=83343 37088.4 22375.3 14713.1 13972 8403.37 14430.4 46254.6 15834.9 11300.8 282.692
internal_count=425447 374003 241353 132650 127694 113659 126111 51444 29105 22515 6539
is_linear=0
shrinkage=0.03


Tree=7
num_leaves=14
num_cat=0
split_feature=5 14 0 14 0 14 5 17 30 17 10 29 0
split_gain=12551.2 10329.8 5217.58 8980.49 3598.91 6789.04 1176.3 1066.45 227.197 148.531 78.5428 113.602 44.9038
threshold=0.10102040816326532 17048849.603174608 318679772.00000006 71945657.583333343 140995146.50000003 4926939.7250000006 0.58174245053800777 1.0000000180025095e-35 24.500000000000004 0.26496693491935736 1.8350168350168354 1976084.6880492705 196246762.50000003
decision_type=2 2 2 2 2 2 2 2 2 2 2 2 2
left_child=8 4 6 -4 5 -2 -3 -6 10 -10 11 -1 -11
right_child=1 2 3 -5 7 -7 -8 -9 9 12 -12 -13 -14
leaf_value=-0.02137776698979179 0.11629500149679675 0.027358880307869336 0.11326350931028485 0.074537548201236301 0.10527967845140876 0.091697356023797125 0.075620247650059133 0.13433772471367825 -0.015751802917168628 -0.0034769504692271861 -0.030654522118352814 0.054305388920934838 0.096485540405535572
leaf_weight=34.499523408710957 29013.121521774679 498.42472468316555 14231.253989249468 8917.3800226971507 1779.0152085833251 16181.169855948538 11386.129941750318 7286.9198592230678 16.778090082108978 2.9123488478362551 624.23637451604009 13.016543146222828 11.590128637850283
leaf_count=799 84507 5522 59578 85331 5471 78197 75542 15046 358 59 14848 140 49
internal_value=0.101869 0.102863 0.0900381 0.0984046 0.111116 0.107522 0.0736358 0.128822 -0.0238979 0.041977 -0.027859 0.00693038 0.083833
internal_weight=89996.4 89293.4 35033.2 23148.6 54260.2 45194.3 11884.6 9065.94 703.033 31.2806 671.752 47.5161 14.5025
internal_count=425447 409194 225973 144909 183221 162704 81064 20517 16253 466 15787 939 108
is_linear=0
shrinkage=0.03


Tree=8
num_leaves=12
num_cat=0
split_feature=15 14 0 14 0 14 11 15 1 30 1
split_gain=37982.7 11243.5 10253.5 10777.3 9797.96 13634.5 1614.98 1351.03 675.247 311.408 406.374
threshold=0.042572463768115944 19995885.222222228 140995146.50000003 4926939.7250000006 374173665.00000006 87832349.166666672 84.500000000000014 -0.63397129186602863 8627.5000000000018 4.5000000000000009 204943.50000000003
decision_type=2 2 2 2 2 2 2 2 2 2 2
left_child=1 2 3 -1 6 -6 -3 -4 -2 -10 -11
right_child=8 4 7 -5 5 -7 -8 -9 9 10 -12
leaf_value=0.09143797323249811 0.11176344341709257 0.05229306451564561 0.013091086511255758 0.048196976133722876 0.096678834374758979 0.024207461487084948 0.014359018716209621 0.12428589992970236 0.11198938019861332 0.10165972435799479 0.074481034844071259
leaf_weight=13124.365262519568 37196.42521288991 1258.316234735772 104.77934205532074 8684.722040720284 6330.0101988725364 3720.2406526207924 5014.0261202547699 4920.1662370860577 4251.347794957459 10934.990626610816 739.87721350044012
leaf_count=80373 24779 13363 1348 82061 49375 63234 63729 20520 5452 18553 2660
internal_value=0.0922663 0.0713092 0.0832718 0.0742651 0.0515827 0.0699316 0.0220805 0.122019 0.109266 0.103332 0.100038
internal_weight=96279.3 43156.6 26834 21809.1 16322.6 10050.3 6272.34 5024.95 53122.6 15926.2 11674.9
internal_count=425447 374003 184302 162434 189701 112609 77092 21868 51444 26665 21213
is_linear=0
shrinkage=0.03


Tree=9
num_leaves=16
num_cat=0
split_feature=14 3 17 0 14 14 0 14 6 14 17 0 31 14 17
split_gain=7764.88 4094.36 3012.65 3012.03 3814.16 1946.4 1668.32 1417.91 1374.88 1179.88 654.074 631.264 625.581 360.272 59.2618
threshold=37989986.51282052 4.0582579185520364 1.0000000180025095e-35 888774530.00000012 115318417.62500001 252619.18750000003 192348897.00000003 3225469.464285715 0.60331143951833621 1549586.1750000003 0.18044012784957889 1732474770.0000002 0.061960444441435163 418628840.87500006 0.27732679247856146
decision_type=2 2 2 2 2 2 2 2 2 2 2 2 2 2 2
left_child=1 2 9 8 12 14 -7 -4 13 -1 -10 -6 -5 -2 -3
right_child=3 5 7 4 11 6 -8 -9 10 -11 -12 -13 -14 -15 -16
leaf_value=0.077892523816936191 0.048174178446617762 0.11619317925204792 0.094853324612168013 0.10151449693059884 0.040539967642324155 0.087991282682282179 0.099820080081957932 0.075915381469253432 0.058684764551988247 0.038917480782486795 0.081070176857115733 0.066032395332430896 0.079155478940586332 -0.025018241028706596 0.031221700691348248
leaf_weight=1028.3630857281387 5926.6970055196434 3363.9307252205908 5774.9215524531901 4433.3628416135907 1436.5631027854979 39164.669545993209 16602.111406467855 11521.161358390003 2962.4138165749609 2378.3507282957435 2370.5532422959805 2782.3814964108169 2040.4450101703405 52.037467580288649 21.472544990479946
leaf_count=3795 53798 4345 18101 18769 16232 123131 42359 60885 19782 17106 12310 23399 10422 937 76
internal_value=0.0845181 0.0888886 0.0772026 0.0686063 0.0801221 0.0929574 0.0915392 0.0823169 0.0576262 0.0509813 0.0688404 0.0575336 0.0946712 0.0474711 0.115803
internal_weight=101859 79855 20702.8 22004.5 10692.8 59152.2 55766.8 17296.1 11311.7 3406.71 5332.97 4218.94 6473.81 5978.73 3385.4
internal_count=425447 269798 99887 155649 68822 169911 165490 78986 86827 20901 32092 39631 29191 54735 4421
is_linear=0
shrinkage=0.03


Tree=10
num_leaves=13
num_cat=0
split_feature=15 15 15 14 9 9 11 0 30 31 27 28
split_gain=34903.6 8651 21377.6 9190.33 1568.95 971.261 869.793 623.829 504.117 232.721 213.015 56.0889
threshold=0.042572463768115944 -0.48979591836734687 -0.084699453551912551 17048849.603174608 289.50000000000006 413.50000000000006 86.500000000000014 338646616.00000006 4.5000000000000009 0.013951881338446267 639357458.54492319 81405.671198004115
decision_type=2 2 2 2 2 2 2 2 2 2 2 2
left_child=1 4 5 -4 9 -3 -6 11 -9 -1 -10 -2
right_child=7 2 3 -5 6 -7 -8 8 10 -11 -12 -13
leaf_value=0.0062904965472005345 0.096938953953593726 0.15485285683538771 0.067394389954960096 0.03823288316665123 0.052417479003044998 0.11739453603193163 0.014217528989567 0.097258340418149347 0.085137363562705279 -0.02514414884461132 0.061624303170425554 0.092322191471234091
leaf_weight=280.63946576416492 29009.560144126415 1073.9388071671128 24822.501214239746 16132.261669162661 788.14624083787203 3031.6208347342908 1678.8272643052042 4597.3231341987848 11333.598282903433 775.64091840386391 560.34777633845806 13151.498291701078
leaf_count=3885 14402 1719 151397 170645 8128 4660 20502 4918 17937 13067 1995 12192
internal_value=0.077812 0.05897 0.0625095 0.0559265 0.0136199 0.127728 0.0266767 0.0933999 0.0878631 -0.0167932 0.0841111 0.0955329
internal_weight=107236 48583.6 45060.3 40954.8 3523.25 4105.56 2466.97 58652.3 16491.3 1056.28 11893.9 42161.1
internal_count=425447 374003 328421 322042 45582 6379 28630 51444 24850 16952 19932 26594
is_linear=0
shrinkage=0.03


Tree=11
num_leaves=14
num_cat=0
split_feature=15 15 15 14 9 15 0 9 30 17 30 28 14
split_gain=31537.4 7373.25 17519.6 7995.51 1449.39 767.399 623.385 622.036 419.856 484.087 205.045 70.7801 5.91492
threshold=0.042572463768115944 -0.48979591836734687 -1.0000000180025095e-35 31603146.750000004 289.50000000000006 -0.65833333333333321 338646616.00000006 413.50000000000006 4.5000000000000009 0.21113128215074542 2.5000000000000004 81405.671198004115 418628840.87500006
decision_type=2 2 2 2 2 2 2 2 2 2 2 2 2
left_child=1 4 7 -4 10 -6 11 -3 12 -10 -1 -2 -8
right_child=6 2 3 -5 5 -7 8 -9 9 -11 -12 -13 -14
leaf_value=0.0043289909003000979 0.09020835060048063 0.135578855902005 0.05952723859960643 0.029631486229924103 -0.0071952054426966811 0.03363690844196477 0.090324237119271969 0.10616802418038815 0.082329312184492881 0.06816151341653405 -0.024812058716139496 0.085754560856866308 0.054270881613859061
leaf_weight=296.55186948366463 30220.224291652441 1189.9697362221777 31855.475511923432 10845.375712867826 513.55047008022666 2008.2844726666808 4736.81677120924 3268.9288795143366 8614.8230674937367 3806.8999722972512 744.44314965233207 13725.782493054867 88.281610101461411
leaf_count=4177 14402 1719 195060 126929 6413 22217 4673 4713 12119 7813 12775 12192 245
internal_value=0.0722737 0.0547491 0.0578928 0.0519479 0.0130608 0.0253166 0.0867823 0.114452 0.0814452 0.0780771 -0.0165386 0.0888477 0.089841
internal_weight=111915 50722.6 47159.7 42700.9 3562.83 2521.83 61192.8 4458.9 17246.8 12421.7 1041 43946 4825.1
internal_count=425447 374003 328421 321989 45582 28630 51444 6432 24850 19932 16952 26594 4918
is_linear=0
shrinkage=0.03


Tree=12
num_leaves=14
num_cat=0
split_feature=15 9 14 30 14 14 5 1 17 1 15 27 27
split_gain=28917.2 6804.39 6217.35 4744.23 2517.45 1725.92 1482.47 757.594 298.66 280.874 202.075 195.835 25.405
threshold=0.042572463768115944 964.00000000000011 17629732.625000004 1.0000000180025095e-35 104922208.3452381 2208051.8159722225 1.7109772423025438 5419.5000000000009 0.23861358314752582 204943.50000000003 -0.60555555555555551 146528328.31789643 2521604.5716711264
decision_type=2 2 2 2 2 2 2 2 2 2 2 2 2
left_child=1 2 3 -1 -4 10 -7 12 9 -9 -3 -10 -2
right_child=7 5 4 -5 -6 6 -8 8 11 -11 -12 -13 -14
leaf_value=0.069583329922268261 0.086594682311167265 -0.013207742626510628 0.035582121367336669 0.042976308531307475 0.0042128455973993147 0.042473794985106846 0.070858407983228761 0.079955955651966337 0.074307556747332568 0.061366306072370577 0.095714687597625137 0.060853028900471659 0.082602518095220318
leaf_weight=10457.052079860121 11927.551720038056 11.512703180313109 12214.082769609988 14584.340219330043 2844.6500279456377 2185.6596604511142 8283.5652889572084 16265.424685165286 4237.7623453736305 1067.4048567265272 2159.6116004660726 2077.2420587539673 27876.139461681247
leaf_count=56052 3449 139 115490 97853 47322 13557 38834 18062 5162 2687 4756 4581 17503
internal_value=0.0674866 0.0510416 0.0449551 0.0541234 0.0296684 0.0702719 0.0650047 0.0811398 0.0765573 0.0788669 0.0950367 0.0700413 0.0838317
internal_weight=116192 52740.5 40100.1 25041.4 15058.7 12640.3 10469.2 63451.5 23647.8 17332.8 2171.12 6315 39803.7
internal_count=425447 374003 316717 153905 162812 57286 52391 51444 30492 20749 4895 9743 20952
is_linear=0
shrinkage=0.03


Tree=13
num_leaves=14
num_cat=0
split_feature=15 11 14 0 0 5 14 1 5 17 27 1 27
split_gain=26902.9 6294.35 4423.86 5249.85 3422.84 2336.37 2236.34 768.458 401.47 298.296 268.429 125.294 77.4196
threshold=0.042572463768115944 90.500000000000014 30560858.340909097 215630432.50000003 912230437.50000012 0.53378995433789966 8754962.7647058833 8403.5000000000018 0.10102040816326532 0.21113128215074542 146528328.31789643 204943.50000000003 2768072.5497841598
decision_type=2 2 2 2 2 2 2 2 2 2 2 2 2
left_child=1 5 3 -3 -4 8 -7 12 -1 11 -11 -9 -2
right_child=7 2 4 -5 -6 6 -8 9 -10 10 -12 -13 -14
leaf_value=-0.029305629169574608 0.081547939551335699 0.039874342418352235 0.00612085096074885 0.078898078948222483 0.04456898152950612 0.072596036865245739 0.052884788666650057 0.075370432408810278 0.020021947521307291 0.070211805436627167 0.056899483825795648 0.060655888377378328 0.07730971323143121
leaf_weight=189.12978229299188 13031.523987039924 19961.142465479672 5392.6717358548194 3689.9297991544008 3389.5850327499211 9702.0900030396879 11826.047512501478 11451.670371517539 531.33069070801139 5029.1579078733921 2665.4540142714977 988.94921832531691 32284.176462203264
leaf_count=3692 3747 128340 65133 15056 35926 38865 82021 12574 4970 6195 5803 2299 20826
internal_value=0.0632835 0.0477253 0.0392555 0.0460101 0.0210143 0.0600361 0.0618138 0.0762676 0.00669846 0.0710617 0.0657239 0.0742776 0.0785558
internal_weight=120133 54681.9 32433.3 23651.1 8782.26 22248.6 21528.1 65450.9 720.46 20135.2 7694.61 12440.6 45315.7
internal_count=425447 374003 244455 143396 101059 129548 120886 51444 8662 26871 11998 14873 24573
is_linear=0
shrinkage=0.03


Tree=14
num_leaves=14
num_cat=0
split_feature=15 15 15 14 9 1 11 9 30 27 31 27 14
split_gain=25299.3 5952.91 14039.9 6119.38 1210.56 780.028 655.65 467.767 230.924 388.019 199.559 50.744 23.0879
threshold=0.042572463768115944 -0.48979591836734687 -0.084699453551912551 2703284.9785714294 289.50000000000006 5419.5000000000009 85.500000000000014 908.50000000000011 6.5000000000000009 150070165.9148474 0.013951881338446267 2400087.6729361792 418628840.87500006
decision_type=2 2 2 2 2 2 2 2 2 2 2 2 2
left_child=1 4 7 -4 10 11 -6 -3 12 -10 -1 -2 -7
right_child=5 2 3 -5 6 8 -8 -9 9 -11 -12 -13 -14
leaf_value=0.0028137981864656937 0.077402177711745457 0.10501725016801237 0.061571042825219018 0.036295788380210574 0.041471848288650782 0.073078452915304945 0.0097382752609898003 0.083874256887960338 0.068140199188927747 0.056989580382182423 -0.025377738227606982 0.073473221992256657 0.042821384173296402
leaf_weight=307.12002518028021 12181.441918939352 2604.761540081352 11372.62626112625 36263.837747145444 832.388921700418 7210.3684572577477 1956.9090485274792 2403.0427138879895 13408.582233756781 4459.5292020589113 794.35391236096621 29852.416839942336 100.83185531198978
leaf_count=3885 3309 3271 46116 275926 7294 6651 21336 3108 14405 9174 13067 17643 262
internal_value=0.0595657 0.0447517 0.0473979 0.0423481 0.00889519 0.072013 0.0193902 0.0951583 0.0675849 0.065409 -0.0175581 0.0746398 0.0727538
internal_weight=123748 56535 52644.3 47636.5 3890.77 67213.2 2789.3 5007.8 25179.3 17868.1 1101.47 42033.9 7311.2
internal_count=425447 374003 328421 322042 45582 51444 28630 6379 30492 23579 16952 20952 6913
is_linear=0
shrinkage=0.03


Tree=15
num_leaves=15
num_cat=0
split_feature=15 3 14 27 27 14 17 30 1 17 31 27 1 29
split_gain=23911.8 5689.38 4914.93 3800.73 2117.78 1918.48 1203.71 1098.28 801.471 365.008 276.254 157.751 118.94 12.5641
threshold=0.042572463768115944 8.5635083226632549 17629732.625000004 50133171.630738534 79183091.531378254 50724230.625000007 0.19823817908763888 7.5000000000000009 14463.500000000002 0.21113128215074542 0.062572505800464043 4382441.8903508782 204943.50000000003 113184203.00741194
decision_type=2 2 2 2 2 2 2 2 2 2 2 2 2 2
left_child=1 2 3 -1 -4 7 -7 -3 11 12 -11 -2 -10 -13
right_child=8 5 4 -5 -6 6 -8 -9 9 10 -12 13 -14 -15
leaf_value=0.040402905012020485 0.07296077460955136 0.069170133986917695 0.0077038617830547966 0.09257811262096724 0.031568122000922606 0.024588760108499204 0.058437382248194253 0.052766562971527035 0.067189381175071061 0.061133230732928139 0.046746015747140539 0.068673630161221244 0.053603996071519153 0.027387433400744801
leaf_weight=23413.984192483127 17832.308164253831 6822.6028635762632 6159.8127207197249 1325.3388631381094 7356.9986644070596 2697.9724404402077 1482.9782857522368 8990.8973818682134 8996.9317960739136 3702.5959515571594 2339.4407851099968 34799.878712162375 1051.0755775123835 35.570175930857658
leaf_count=136797 5480 20790 60189 4835 81476 24432 10114 35370 9969 5201 4733 23695 2299 67
internal_value=0.0562746 0.0421106 0.0353025 0.0432537 0.0207156 0.0550992 0.036768 0.0599045 0.0682619 0.0620968 0.0556971 0.0701266 0.0658533 0.0686441
internal_weight=127008 58250.6 38256.1 24739.3 13516.8 19994.5 4180.95 15813.5 68757.8 16090 6042.04 52667.8 10048 34835.4
internal_count=425447 374003 283297 141632 141665 90706 34546 56160 51444 22202 9934 29242 12268 23762
is_linear=0
shrinkage=0.03


Tree=16
num_leaves=14
num_cat=0
split_feature=15 5 15 15 5 26 9 1 17 27 17 30 27
split_gain=22796.3 5422.87 4318.49 8957.86 2190.63 1043.69 865.116 820.82 212.151 273.417 148.495 103.604 92.2367
threshold=0.042572463768115944 0.93513323983169716 -0.48979591836734687 -0.08848733233979135 0.10102040816326532 3.5714285714285721 289.50000000000006 6396.5000000000009 0.21113128215074542 80815023.740622595 0.11746063828468324 24.500000000000004 4382441.8903508782
decision_type=2 2 2 2 2 2 2 2 2 2 2 2 2
left_child=1 4 6 -4 11 -6 -3 12 10 -10 -9 -1 -2
right_child=7 2 3 -5 5 -7 -8 8 9 -11 -12 -13 -14
leaf_value=-0.030299737522876489 0.069666901726115407 -0.015429699009610706 0.08330856701167591 0.040952266990256982 0.01784757408853746 0.067360788802587016 0.019194432144999635 0.060306834600461344 0.061525647629436672 0.050253546837261888 0.068093228392850674 0.016241447441917491 0.065890613349897029
leaf_weight=877.99924577772617 17945.866490542889 837.36908215656877 5007.8681803569198 44387.114354800433 5633.2711105383933 399.82156225666404 2730.5160179138184 10589.406582057476 4835.7433958053589 4488.4982281625271 4649.6375272870064 35.40099785104394 27594.146715983748
leaf_count=15742 5393 12229 5860 264717 46278 2395 26320 12166 4949 7931 4059 462 16946
internal_value=0.053308 0.0396994 0.0429687 0.0452711 0.0147298 0.0212928 0.0110293 0.0649263 0.0602971 0.0561921 0.0627492 -0.0282303 0.0674018
internal_weight=130013 59909.4 52962.9 49395 6946.49 6033.09 3567.89 70103.3 24563.3 9324.24 15239 913.4 45540
internal_count=425447 374003 309126 270577 64877 48673 38549 51444 29105 12880 16225 16204 22339
is_linear=0
shrinkage=0.03


Tree=17
num_leaves=14
num_cat=0
split_feature=15 31 10 14 11 0 0 15 27 17 30 17 27
split_gain=21821.4 5070.4 4190.11 3286.9 2434.91 2136.36 1832.43 1274.18 809.95 362.649 313.78 233.944 130.377
threshold=0.042572463768115944 0.0057197382769901862 1.2579113924050638 11561022.175000003 94.500000000000014 52212079.500000007 288611222.50000006 -0.63397129186602863 41901162.821596079 0.14803239703178409 14.500000000000002 0.11715466901659967 2768072.5497841598
decision_type=2 2 2 2 2 2 2 2 2 2 2 2 2
left_child=1 3 7 5 -4 -1 -5 -3 12 11 -11 -10 -2
right_child=8 2 4 6 -6 -7 -8 -9 9 10 -12 -13 -14
leaf_value=0.049390652877474267 0.067193598983599778 -0.025939371723507312 0.035157153884411395 0.021160561226244972 0.017014727611875124 0.074969290762521304 0.045764167794041313 0.050075601395230172 0.056761131915599387 0.05757592413888403 0.045160810807768223 0.065904760210371546 0.062922767933827811
leaf_weight=9173.3808760382235 14044.573153167963 193.9644412510097 11405.081807326525 4590.1211587898433 16135.637070575729 4485.1843504011631 6873.2549518439919 8606.2012339271605 8789.3789273351431 4350.5758116096258 4074.6893307864666 5037.2730143964291 34970.009071812034
leaf_count=38882 3782 2222 74404 33269 129278 13332 47167 35449 10695 5115 7141 3867 20844
internal_value=0.0506359 0.0375195 0.0303285 0.0478964 0.024544 0.0578654 0.0359556 0.0483555 0.0619372 0.0569837 0.0516661 0.0601623 0.0641673
internal_weight=132729 61462.8 36340.9 25121.9 27540.7 13658.6 11463.4 8800.17 71266.5 22251.9 8425.27 13826.7 49014.6
internal_count=425447 374003 241353 132650 203682 52214 80436 37671 51444 26818 12256 14562 24626
is_linear=0
shrinkage=0.03


Tree=18
num_leaves=14
num_cat=0
split_feature=15 14 5 31 5 3 1 8 20 17 27 27 1
split_gain=21027.5 4889.33 4514.02 3455.97 1943.91 977.028 877.628 636.297 387.965 209.954 235.624 146.145 137.687
threshold=0.042572463768115944 104922208.3452381 0.93513323983169716 0.0057197382769901862 1.0000000180025095e-35 10.662132352941178 8627.5000000000018 94.81493172465396 535.50000000000011 0.21113128215074542 146528328.31789643 4850725.1232957421 204943.50000000003
decision_type=2 2 2 2 2 2 2 2 2 2 2 2 2
left_child=1 2 4 -4 -1 8 11 -7 -3 12 -11 -2 -8
right_child=6 5 3 -5 -6 7 9 -9 -10 10 -12 -13 -14
leaf_value=-0.031338830975606573 0.063948509585169427 -0.019178393203844606 0.049945930148775478 0.034188192198470357 0.020145061909254827 0.019049154371514689 0.057637297359204892 0.087998863171112648 0.0032874536986236217 0.053863720189374381 0.042493571702004948 0.059929917603106231 0.044742193044644753
leaf_weight=729.45868622884154 19502.800457805395 1026.9358912687749 21679.492269981652 30251.100510127842 5872.6568075567484 1250.7757939957082 12706.058280318975 121.11718707531691 2044.0829503741115 5523.179560855031 3000.4640301764011 30393.403156340122 1134.9653542339802
leaf_count=12687 5879 16524 94201 166637 42594 11902 12451 1017 28441 6118 5797 18900 2299
internal_value=0.0481941 0.0355059 0.0378085 0.0407797 0.014394 0.00513841 0.0592419 0.0260439 -0.00427201 0.0541203 0.0499464 0.06152 0.0566316
internal_weight=135236 62975.6 58532.7 51930.6 6602.12 4442.91 72260.9 1371.89 3071.02 22364.7 8523.64 49896.2 13841
internal_count=425447 374003 316119 260838 55281 57884 51444 12919 44965 26665 11915 24779 14750
is_linear=0
shrinkage=0.03


Tree=19
num_leaves=14
num_cat=0
split_feature=15 14 6 31 14 1 28 0 16 1 30 14 31
split_gain=20339.6 4373.5 4302.63 3163.07 1688.9 898.868 800.281 650.729 529.692 235.754 227.207 111.052 99.3484
threshold=0.042572463768115944 104922208.3452381 0.62575301204819289 0.0057197382769901862 7918531.8708333345 5419.5000000000009 798762.40105633822 1805725366.0000002 2.5000000000000004 99071.000000000015 12.500000000000002 2805202.7083333335 0.031304442508710804
decision_type=2 2 2 2 2 2 2 2 2 2 2 2 2
left_child=1 2 3 -1 -4 11 7 -3 -8 12 -11 -2 -7
right_child=5 6 4 -5 -6 9 8 -9 -10 10 -12 -13 -14
leaf_value=0.039345416479138015 0.061797030707153956 0.00438595521745643 0.054767835850679403 0.020810027335380375 0.038871186060059876 0.05700281233199371 0.082300603178420029 0.036565583630077385 -0.011098623904085126 0.056096825904375647 0.039518939432255797 0.057979861236996499 0.051921878685318154
leaf_weight=14520.504888165742 17499.654563993216 1483.7887785919011 9959.9889660142362 19481.083197068423 15994.741039719433 7798.5805970430374 41.222591854631901 906.28702017664909 2028.4264172054827 1248.8307553529739 2712.7271614223719 27782.050074517727 16056.228946000338
leaf_count=78023 4915 19294 27246 135428 75422 6337 400 8332 29858 1493 5408 16037 17254
internal_value=0.0459637 0.0336578 0.0357894 0.0287404 0.0450007 0.0567985 0.0049699 0.0167525 -0.00864513 0.0524095 0.0449443 0.0594757 0.053619
internal_weight=137514 64416 59956.3 34001.6 25954.7 73098.1 4459.72 2390.08 2069.65 27816.4 3961.56 45281.7 23854.8
internal_count=425447 374003 316119 213451 102668 51444 57884 27626 30258 30492 6901 20952 23591
is_linear=0
shrinkage=0.03


Tree=20
num_leaves=16
num_cat=0
split_feature=15 15 15 31 1 9 15 9 17 28 28 31 17 30 1
split_gain=19708.6 4284.33 10634.5 3770.33 924.987 913.295 530.557 389.403 256.475 247.297 243.402 162.736 120.948 120.218 52.6886
threshold=0.042572463768115944 -0.48979591836734687 -0.084699453551912551 0.0057197382769901862 17498.500000000004 289.50000000000006 -0.65833333333333321 413.50000000000006 0.21113128215074542 78088.231535968691 367768.26206310384 0.013951881338446267 1.0000000180025095e-35 37.500000000000007 625.50000000000011
decision_type=2 2 2 2 2 2 2 2 2 2 2 2 2 2 2
left_child=1 5 7 -4 9 11 -7 -3 13 14 -10 -1 -11 -6 -2
right_child=4 2 3 -5 8 6 -8 -9 10 12 -12 -13 -14 -15 -16
leaf_value=-0.0014318546471445599 0.059586745090050804 0.086342461214048483 0.038783969871203347 0.023010439657645342 0.054225384524265313 -0.012716454482886415 0.017685833481407016 0.067098387688352717 0.049229975570904812 0.046479695590831205 0.0362676765819109 -0.025935663530249054 0.054476570504707465 0.046335756381223267 0.056289329197345132
leaf_weight=347.1866169180721 18706.669489338994 1608.1415457762778 24469.671544075012 31087.165736090392 5887.4774100631475 631.6706390529871 2589.8361418135464 4192.5937608405948 2822.43151499331 2784.6597083956003 3080.3268966823816 842.33602300845087 17914.783349916339 4072.5855053216219 18525.261072605848
leaf_count=3885 5701 1719 122281 199761 6021 6413 22217 4660 3340 2621 5813 13067 12796 5401 9751
internal_value=0.0439224 0.0319666 0.0340192 0.0299669 0.0545689 0.0033893 0.011684 0.0726475 0.0479601 0.0563651 0.0425798 -0.0189155 0.0534366 0.0510769 0.0579702
internal_weight=139563 65768.6 61357.6 55556.8 73794.2 4411.03 3221.51 5800.74 15862.8 57931.4 5902.76 1189.52 20699.4 9960.06 37231.9
internal_count=425447 374003 328421 322042 51444 45582 28630 6379 20575 30869 9153 16952 15417 11422 15452
is_linear=0
shrinkage=0.03


Tree=21
num_leaves=15
num_cat=0
split_feature=15 14 3 15 17 0 14 1 27 30 15 14 14 28
split_gain=19120.4 4091.84 3739.09 2587.87 1899.63 1062.25 1567.18 946.581 238.051 364.896 143.098 132.553 69.2937 7.27226
threshold=0.042572463768115944 1376570.0538461541 4.0070422535211279 -0.48979591836734687 1.0000000180025095e-35 10981796.000000002 252619.18750000003 5292.5000000000009 89210089.395619452 4.5000000000000009 -0.51470588235294101 2805202.7083333335 250806585.81250003 74737.994286948451
decision_type=2 2 2 2 2 2 2 2 2 2 2 2 2 2
left_child=1 5 4 -4 -3 6 -1 11 12 -10 -7 -2 -9 -13
right_child=7 2 3 -5 -6 10 -8 8 9 -11 -12 13 -14 -15
leaf_value=0.063403690503806842 0.057672956321938723 -0.010923162399086611 0.0065668826809465557 0.033989151514391684 0.018870608984133907 -0.014381889832268178 0.034600862122703385 0.050749068894634299 0.052825616281446899 0.040981667361462346 0.071691982686405017 0.054905533907112711 0.010605074357707595 0.052125994517218159
leaf_weight=2537.3993858247995 17650.642953112721 2271.5434218551964 3372.5728478915989 39487.205059379339 12299.844020336866 12.349733144044874 5432.7577449120581 16639.678144946694 3687.7674800306559 8419.0596983134747 1614.6855772398412 15785.633854463696 49.681231647729874 12126.514053925872
leaf_count=5926 4914 19440 32274 194999 98249 117 20162 13807 3561 13210 2836 7687 124 8141
internal_value=0.0420486 0.0304156 0.0273706 0.0318351 0.0142175 0.0485634 0.0438762 0.0525262 0.0481489 0.0446527 0.070895 0.0552752 0.050641 0.0537277
internal_weight=141387 67028.4 57431.2 42859.8 14571.4 9597.19 7970.16 74359 28796.2 12106.8 1627.04 45562.8 16689.4 27912.1
internal_count=425447 374003 344962 227273 117689 29041 26088 51444 30702 16771 2953 20742 13931 15828
is_linear=0
shrinkage=0.03


Tree=22
num_leaves=13
num_cat=0
split_feature=15 5 14 15 14 5 3 13 1 31 17 1
split_gain=18620.4 3854.41 3727.66 3061.18 967.872 767.122 641.106 546.627 332.348 220.149 117.866 89.2549
threshold=0.042572463768115944 0.40450861195542048 109756321.25000001 -0.48979591836734687 10891812.375000002 1.0000000180025095e-35 10.662132352941178 1915.2861277397067 65232.500000000007 0.0057197382769901862 0.23861358314752582 543.50000000000011
decision_type=2 2 2 2 2 2 2 2 2 2 2 2
left_child=1 5 3 -3 11 -1 -4 -7 10 -10 -6 -2
right_child=4 2 6 -5 8 7 -8 -9 9 -11 -12 -13
leaf_value=-0.031439005567382564 0.05592020747548896 0.0064213043490775499 -0.0050711892999485185 0.033924009397144524 0.04969446376115564 -0.0038415661722502182 0.019752690587904596 0.043561537647105297 0.050303378038762246 0.036750663107912258 0.044741145899167889 0.052246698088935874
leaf_weight=830.50832747668028 18763.185412287712 3898.7861953154206 2850.5499171353877 57749.334899593145 22895.472685262561 1309.6884658671916 1375.6312020234764 247.28660595417023 1650.3497777432203 4619.1256839185953 7888.3980528563261 18986.07526345551
leaf_count=14563 5606 36409 39152 257595 18353 12087 12006 2191 1678 8059 8433 9315
internal_value=0.0403037 0.0289618 0.030319 0.0321871 0.0506456 -0.00842679 0.00304325 0.00401198 0.0471103 0.0404345 0.0484486 0.0540949
internal_weight=143064 68261.8 65874.3 61648.1 74802.6 2387.48 4226.18 1556.98 37053.3 6269.48 30783.9 37749.3
internal_count=425447 374003 345162 294004 51444 28841 51158 14278 36523 9737 26786 14921
is_linear=0
shrinkage=0.03


Tree=23
num_leaves=15
num_cat=0
split_feature=15 11 15 15 5 27 22 5 9 27 31 27 0 0
split_gain=18162.3 3709.97 2903.24 7213.39 1047.55 997.084 666.196 526.164 404.626 280.44 381.63 103.598 51.7827 8.54118
threshold=0.042572463768115944 85.500000000000014 -0.46410256410256406 -0.05798319327731092 1.5187529301453355 21536236.311239872 3700.0000000000005 0.14670014347202298 289.50000000000006 153942900.43999156 0.052654119238138182 2400087.6729361792 4228905507.5000005 989216220.50000012
decision_type=2 2 2 2 2 2 2 2 2 2 2 2 2 2
left_child=1 4 8 -4 7 11 -6 -1 -3 12 -11 -2 -7 -13
right_child=5 2 3 -5 6 9 -8 -9 -10 10 -12 13 -14 -15
leaf_value=-0.028927600758382684 0.054775489445286318 -0.01997330941241944 0.064706752356546104 0.021797082094011482 0.038674056169495104 0.046812552517812862 0.05335673902183654 0.026854228619615055 0.0029523621641637425 0.046356325432668412 0.033090975750060418 0.050896752546032285 0.027044748609231218 0.025057543808610704
leaf_weight=146.67035659961402 13248.106691256166 976.9268814176321 3827.3006620779634 43710.333083450794 11017.963556814939 26033.275665923953 3954.5128787718713 3519.869818970561 2283.1097450144589 4306.9793271720409 4075.3241725862026 27217.395893365145 196.73486757278442 59.355679571628571
leaf_count=2598 3360 14188 4409 254366 47493 21699 11264 18347 21338 5150 7231 13618 304 82
internal_value=0.0386816 0.0276093 0.023394 0.0252717 0.0390677 0.048906 0.0426036 0.0245059 -0.00396857 0.0450773 0.0399812 0.0521575 0.046681 0.0508554
internal_weight=144574 69436.7 50797.7 47537.6 18639 75137.2 14972.5 3666.54 3260.04 34612.3 8382.3 40524.9 26230 27276.8
internal_count=425447 374003 294301 258775 79702 51444 58757 20945 35526 34384 12381 17060 22003 13700
is_linear=0
shrinkage=0.03


Tree=24
num_leaves=15
num_cat=0
split_feature=15 14 2 14 5 1 11 0 30 27 30 14 1 14
split_gain=17714.2 3588.28 3305.99 2207.58 1544.83 1032.32 947.785 507.28 399.067 236.446 302.048 186.969 67.4826 14.633
threshold=0.042572463768115944 1376570.0538461541 3.8067345783814379 87832349.166666672 1.0000000180025095e-35 6396.5000000000009 100.50000000000001 10981796.000000002 1.0000000180025095e-35 89210089.395619452 4.5000000000000009 2805202.7083333335 190397.00000000003 10891812.375000002
decision_type=2 2 2 2 2 2 2 2 2 2 2 2 2 2
left_child=1 6 4 -4 -3 11 7 -1 -8 12 -11 -2 -7 -13
right_child=5 2 3 -5 -6 9 8 -9 -10 10 -12 13 -14 -15
leaf_value=0.044585155014150397 0.052681162685135813 -0.031188729236377565 0.030168473715337745 0.0081446139070969342 0.014029606488922744 0.045409157886486348 0.042792300489116329 0.065376253755239727 0.019565447575505057 0.046636105020885797 0.035888608724213747 0.049464566068498077 0.02227955109297506 0.046847528585437212
leaf_weight=5772.6605686955154 17721.28731764853 696.39525309018791 39358.977204211056 4590.9452001210302 15757.003657314926 14854.622632354498 1078.9627310633659 1413.0357656739652 1860.8315821513534 3669.7198126763105 8511.8508436977863 17385.636827349663 162.87460228800774 13065.660481214523
leaf_count=15974 4939 12866 170926 48050 113120 12282 3111 2152 7804 3497 13024 8358 302 9042
internal_value=0.0371767 0.0263598 0.023577 0.0278721 0.0120872 0.0472908 0.0428981 0.0488055 0.0282743 0.0425195 0.0391821 0.0499701 0.0451828 0.0483663
internal_weight=145900 70528.8 60403.3 43949.9 16453.4 75371.7 10125.5 7185.7 2939.79 27199.1 12181.6 48172.6 15017.5 30451.3
internal_count=425447 374003 344962 218976 125986 51444 29041 18126 10915 29105 16521 22339 12584 17400
is_linear=0
shrinkage=0.03


Tree=25
num_leaves=14
num_cat=0
split_feature=15 3 14 0 0 14 14 0 1 17 11 1 0
split_gain=17306.7 3383.95 3051.37 4346.21 2278.44 1101.77 1057.04 953.383 355.402 223.887 199.297 100.743 37.7041
threshold=0.042572463768115944 11.423376623376624 25844775.590909097 196246762.50000003 479741176.00000006 3983567.0274725282 10891812.375000002 109559049.00000001 17041.000000000004 0.21113128215074542 106.50000000000001 543.50000000000011 6592138071.500001
decision_type=2 2 2 2 2 2 2 2 2 2 2 2 2
left_child=1 2 3 -1 -4 10 11 -7 12 -10 -3 -2 -8
right_child=6 5 4 -5 -6 7 8 -9 9 -11 -12 -13 -14
leaf_value=0.022060283292036822 0.051242822929680756 0.052445986887660709 -0.002359896127157719 0.053494089580294342 0.021318596129474145 0.012771605562618202 0.04482261147550641 0.035223275054249235 0.041572249119459025 0.03389338132246765 0.033832313078806492 0.047529914900160744 0.0074470330762967489
leaf_weight=33890.837256396189 18711.834997966886 3649.9547750614583 7219.076860325411 4481.9888456314802 7388.2247490547597 2009.5788566917181 21606.722030028701 12193.062475193292 9862.5429586023092 6255.9548026323318 748.07508523017168 19041.511902108788 32.828646019101143
leaf_count=164786 5606 6220 65667 14101 66727 7627 16074 46989 11153 9222 1886 9315 74
internal_value=0.0357668 0.0251877 0.0213099 0.025752 0.00962398 0.0362052 0.0457879 0.0320654 0.0421667 0.038628 0.0494125 0.0493906 0.0447725
internal_weight=147092 71580.8 52980.1 38372.8 14607.3 18600.7 75511.4 14202.6 37758 16118.5 4398.03 37753.3 21639.6
internal_count=425447 374003 311281 178887 132394 62722 51444 54616 36523 20375 8106 14921 16148
is_linear=0
shrinkage=0.03


Tree=26
num_leaves=14
num_cat=0
split_feature=5 14 0 14 0 14 17 17 30 17 10 29 27
split_gain=4146.93 4095.18 2107.31 3232.05 1637.35 2669.23 840.34 745.83 139.09 104.493 40.1901 77.4907 37.2733
threshold=0.10102040816326532 8754962.7647058833 123308941.00000001 32732494.916666668 57385765.500000007 2805202.7083333335 1.0000000180025095e-35 0.17288759350776675 24.500000000000004 0.26496693491935736 1.8350168350168354 1976084.6880492705 51929961.532331549
decision_type=2 2 2 2 2 2 2 2 2 2 2 2 2
left_child=8 4 7 -4 5 -2 -6 -3 10 -10 11 -1 -11
right_child=1 2 3 -5 6 -7 -8 -9 9 12 -12 -13 -14
leaf_value=-0.02478395342037721 0.042959080321363856 0.015269871223855834 0.040138126550221427 0.026719405817826516 0.036296480051287126 0.028525125456800946 0.053307948041881784 0.028795940842778742 -0.01981673368275122 -0.0064838061316905091 -0.031625353994091561 0.030402008418464247 0.061959275805349358
leaf_weight=50.497207561507821 32700.330911897123 9746.6792218051851 29296.360551077873 36475.632788173854 3614.6986964084208 18065.091528672725 11317.32374695316 5968.939938724041 25.207506567239761 4.8025702051818397 846.70734616182745 20.327008221298456 19.045936927199364
leaf_count=799 53795 39332 61401 161418 7413 51903 13877 20055 358 61 14848 140 47
internal_value=0.0344438 0.0348512 0.0303423 0.0327047 0.0404352 0.0378332 0.0492324 0.0204317 -0.0271466 0.0175516 -0.0298125 -0.00605036 0.0502224
internal_weight=148152 147185 81487.6 65772 65697.4 50765.4 14932 15715.6 966.588 49.056 917.532 70.8242 23.8485
internal_count=425447 409194 282206 222819 126988 105698 21290 59387 16253 466 15787 939 108
is_linear=0
shrinkage=0.03


Tree=27
num_leaves=14
num_cat=0
split_feature=15 5 14 31 5 1 22 14 27 31 27 17 27
split_gain=17761.2 3082.67 2798.88 2134.15 1435.18 1092.85 734.928 642.212 244.846 229.858 207.178 83.9243 21.994
threshold=0.042572463768115944 1.0437979539641946 82532288.916666672 0.0057197382769901862 1.0000000180025095e-35 6396.5000000000009 1319.0000000000002 599978.80000000016 263261004.24560961 0.037001612770401072 4382441.8903508782 0.23861358314752582 18278240.220491849
decision_type=2 2 2 2 2 2 2 2 2 2 2 2 2
left_child=1 4 3 -3 -1 10 -4 -6 11 -10 -2 -7 -12
right_child=5 2 6 -5 7 8 -8 -9 9 -11 12 -13 -14
leaf_value=-0.031322580653754054 0.048804065896424088 0.033748953859225612 -0.004568644047361849 0.022087681802530523 0.036876210760986378 0.040985980725755392 0.016612486892089162 0.0080209720757604703 0.040489822239139557 0.026014768516920809 0.045572492817621407 0.03617027162209116 0.042905357318299822
leaf_weight=791.21284172683954 18477.058151632547 24717.870870999992 3141.2442274130881 33423.824691295624 745.03094158321619 17231.025649920106 2752.4663212746382 8373.5427014287561 1725.542147859931 2750.0982807725668 16206.470545977354 5861.7500389367342 13293.098837867379
leaf_count=14563 5393 86918 37896 153054 2296 15214 22043 57233 2180 5359 7988 6352 8958
internal_value=0.0331074 0.0226469 0.0250565 0.0270532 0.00705896 0.0433394 0.0053353 0.0104386 0.038498 0.0317188 0.0461078 0.0397892 0.0443941
internal_weight=149490 73945.2 64035.4 58141.7 9909.79 75545 5893.71 9118.57 27568.4 4475.64 47976.6 23092.8 29499.6
internal_count=425447 374003 299911 239972 74092 51444 59939 59529 29105 7539 22339 21566 16946
is_linear=0
shrinkage=0.03


Tree=28
num_leaves=15
num_cat=0
split_feature=15 11 14 0 0 27 6 14 5 1 17 30 27 0
split_gain=17339 2995.1 2834.79 3687.47 3008.1 1114.86 899.696 714.567 471.284 321.836 197.978 189.85 130.831 16.3854
threshold=0.042572463768115944 85.500000000000014 19995885.222222228 120900411.50000001 374173665.00000006 21536236.311239872 1.6846292947558774 1127719.0416666667 1.8592649647887327 99071.000000000015 0.14803239703178409 12.500000000000002 2400087.6729361792 288611222.50000006
decision_type=2 2 2 2 2 2 2 2 2 2 2 2 2 2
left_child=1 6 3 -3 -4 12 7 -1 -8 10 -7 -11 -2 -14
right_child=5 2 4 -5 -6 9 8 -9 -10 11 -12 -13 13 -15
leaf_value=0.043808187305754816 0.0483337670862692 0.018187007660574434 -0.0056254963907679178 0.042299006192517488 0.018358824992661782 0.041177003173909252 0.023680673628324361 0.024890874174676104 0.046481768888388286 0.039648947557373984 0.035882823581339124 0.025514605315076388 0.044484637507934362 0.038920722099412879
leaf_weight=2129.9050266630948 12988.512647658587 27765.928794080392 7748.5442245937884 7195.2336730249226 11943.550964511931 19467.741652220488 1072.9710433334112 12626.088538389653 4368.1028480827808 1348.9637095034122 11567.426207691431 2928.5952499955893 25580.728294610977 1586.6106418520212
leaf_count=4751 3360 124657 62065 20140 87439 15119 3679 60547 10725 1485 12433 5347 12493 1207
internal_value=0.0319361 0.0216972 0.0180386 0.0231663 0.00892273 0.0420843 0.0315752 0.0276652 0.0420684 0.0381322 0.039223 0.030102 0.0455435 0.0441825
internal_weight=150319 74850.3 54653.3 34961.2 19692.1 75468.6 20197.1 14756 5441.07 35312.7 31035.2 4277.56 40155.9 27167.3
internal_count=425447 374003 294301 144797 149504 51444 79702 65298 14404 34384 27552 6832 17060 13700
is_linear=0
shrinkage=0.03


Tree=29
num_leaves=16
num_cat=0
split_feature=15 15 15 14 14 9 15 1 9 31 1 31 28 28 14
split_gain=16925.7 2914.2 8790.8 3338.13 1141.17 692.623 435.797 326.581 288.147 195.455 157.798 138.715 82.5025 20.7738 4.17804
threshold=0.042572463768115944 -0.48979591836734687 -0.084699453551912551 2208051.8159722225 14192377.12294564 289.50000000000006 -0.65833333333333321 65232.500000000007 908.50000000000011 0.0057197382769901862 543.50000000000011 0.013951881338446267 1504554.1782456376 71525.568884145716 819886.83516483533
decision_type=2 2 2 2 2 2 2 2 2 2 2 2 2 2 2
left_child=1 5 8 -4 10 11 -7 12 -3 -9 14 -1 -6 -12 -2
right_child=4 2 3 -5 7 6 -8 9 -10 -11 13 -13 -14 -15 -16
leaf_value=-0.0047731780137377873 0.048297119669484231 0.062200979412970134 0.032220826201255187 0.015471088134557645 0.038877425347641659 -0.015646879098828215 0.010276863578464301 0.039505824567815775 0.048305040839729869 0.027187119269599578 0.043534015238833892 -0.026603289340167081 0.032904838156574343 0.040579927818949264 0.045329585279443398
leaf_weight=382.54748727194965 7036.7925015240908 3416.8300614580512 13594.800513900816 50737.235687505454 23893.927318513393 710.79519471526146 2968.0531293228269 1691.2950705885887 2989.7352295666933 4842.6334227323532 13726.847982659936 901.26475777477026 3104.3943463414907 9206.4061582833529 11825.801013484597
leaf_count=3885 1516 3271 39163 282879 20161 6413 22217 1666 3108 8031 6256 13067 3834 5593 4387
internal_value=0.0308321 0.0208063 0.0223651 0.0190178 0.040901 -0.00140693 0.00521678 0.0367161 0.0558489 0.0304636 0.0442433 -0.0202518 0.0382104 0.0423767 0.0464757
internal_weight=151029 75701.3 70738.6 64332 75328.1 4962.66 3678.85 33532.3 6406.57 6533.93 41795.8 1283.81 26998.3 22933.3 18862.6
internal_count=425447 374003 328421 322042 51444 45582 28630 33692 6379 9697 17752 16952 23995 11849 5903
is_linear=0
shrinkage=0.03


Tree=30
num_leaves=15
num_cat=0
split_feature=15 3 14 0 14 14 0 5 0 27 31 14 1 28
split_gain=16500.2 2826.75 2487.83 3367.04 1164.89 987.95 920.309 605.213 585.905 325.89 326.751 165.186 105.244 22.2024
threshold=0.042572463768115944 11.423376623376624 70563326.333333358 331378158.50000006 14192377.12294564 46502802.000000007 1017643429.0000001 2.111735330836455 1987888033.5000002 153942900.43999156 0.052654119238138182 2805202.7083333335 113848.00000000001 78088.231535968691
decision_type=2 2 2 2 2 2 2 2 2 2 2 2 2 2
left_child=1 2 3 -1 11 7 -7 -3 -4 12 -11 -2 -6 -13
right_child=4 5 8 -5 9 6 -8 -9 -10 10 -12 13 -14 -15
leaf_value=0.015553371753351771 0.045608804099946068 0.025427221357635036 -0.0068109836696499844 0.037709237563419255 0.037798521057197693 -0.0025488260548623418 0.026306522383281052 0.038099777074724041 0.016013985637301803 0.036181856277127146 0.024223378260140132 0.042502186896851452 0.027257717362826606 0.039612367382281959
leaf_weight=43546.561720721424 17360.087045878172 5520.6679836064577 4636.1759195290506 7195.1325241532177 23845.883162081242 1416.0227449014783 3295.1221124045551 9568.9801333919168 1278.4971857145429 4388.9238234460354 4245.8887573182583 14739.201327815652 1095.2774419039488 9451.6575497239828
leaf_count=212936 5025 15781 54342 31513 19810 8976 16915 21050 12490 5110 7221 6948 1551 5779
internal_value=0.029798 0.0199795 0.0165601 0.0187059 0.039784 0.0297422 0.0176466 0.0334953 -0.00184412 0.0355695 0.0303573 0.0431748 0.0373535 0.0413996
internal_weight=151584 76457.2 56656.4 50741.7 75126.9 19800.8 4711.14 15089.6 5914.67 33576 8634.81 41550.9 24941.2 24190.9
internal_count=425447 374003 311281 244449 51444 62722 25891 36831 66832 33692 12331 17752 21361 12727
is_linear=0
shrinkage=0.03


Tree=31
num_leaves=15
num_cat=0
split_feature=15 15 15 14 14 9 15 1 30 17 31 27 3 1
split_gain=16119.6 2687.56 8056.24 3056.53 1188.51 642.785 405.364 390.189 273.835 213.132 134.077 130.456 38.0035 27.1501
threshold=0.042572463768115944 -0.48979591836734687 -1.0000000180025095e-35 2703284.9785714294 10891812.375000002 289.50000000000006 -0.65833333333333321 17041.000000000004 68.500000000000014 0.21113128215074542 0.013951881338446267 2400087.6729361792 1.6575187969924816 2023.5000000000002
decision_type=2 2 2 2 2 2 2 2 2 2 2 2 2 2
left_child=1 5 8 -4 11 10 -7 12 -3 -9 -1 -2 -6 -13
right_child=4 2 3 -5 7 6 -8 9 -10 -11 -12 13 -14 -15
leaf_value=-0.0051018395019248345 0.045362270683646393 0.0563517117375779 0.029016624007418178 0.013843326885627394 0.01106832171228418 -0.015815661875618271 0.0090612915768617346 0.034191887382713525 0.041501646289722222 0.026916738253297302 -0.026536553879061966 0.042247096385217606 0.037753879646279291 0.039195044981496709
leaf_weight=386.38923554122448 12620.717041373253 4741.4964512065053 15735.045790847391 49910.225506238639 66.395676910877228 715.5744056776166 3038.8765938170254 10090.492395415902 1807.9093475267291 6439.163002088666 894.14794107154012 15202.831163346767 21573.866515681148 8877.9467789381742
leaf_count=3885 3306 4227 46109 275880 105 6413 22217 11153 2205 9222 13067 6589 16043 5026
internal_value=0.0288062 0.0191833 0.020661 0.0174866 0.038726 -0.00199722 0.00426788 0.0349694 0.0523612 0.0313866 -0.020226 0.0426161 0.0376811 0.0411482
internal_weight=152101 77229.7 72194.7 65645.3 74871.4 5034.99 3754.45 38169.9 6549.41 16529.7 1280.54 36701.5 21640.3 24080.8
internal_count=425447 374003 328421 321989 51444 45582 28630 36523 6432 20375 16952 14921 16148 11615
is_linear=0
shrinkage=0.03


Tree=32
num_leaves=15
num_cat=0
split_feature=15 5 14 0 0 5 14 28 27 31 14 0 28 0
split_gain=15718.6 2627.89 2393.27 3255.93 2884.9 1277.2 1212.45 673.222 328.259 309.991 178.136 87.0706 25.7054 3.4306
threshold=0.042572463768115944 1.0437979539641946 9111387.7875000015 203827392.50000003 57385765.500000007 1.0000000180025095e-35 14192377.12294564 507361.0444681943 153942900.43999156 0.052654119238138182 2805202.7083333335 4228905507.5000005 78088.231535968691 4730167.5000000009
decision_type=2 2 2 2 2 2 2 2 2 2 2 2 2 2
left_child=1 5 4 -4 -3 -1 10 -7 11 -10 13 -8 -12 -2
right_child=6 2 3 -5 -6 7 8 -9 9 -11 12 -13 -14 -15
leaf_value=-0.031413281906556345 0.045724095419960156 0.021760426898451639 0.0031114938412355993 0.021862660041529716 0.043729210559846313 0.0031468003077717703 0.035383858778264866 0.022123459328736092 0.033908295861302701 0.022327040627086226 0.040506627488762138 0.011970533768985357 0.037584002080282321 0.042702904571979498
leaf_weight=810.85094716958702 5592.9565785974264 23358.695011012256 12642.604527238756 24495.136937983334 7016.631319001317 7416.7184349149466 24731.519858241081 2165.8744947258383 4417.1000579297543 4282.3913322836161 14560.905918732285 167.08686321973801 9366.1684280782938 11452.117429360747
leaf_count=14563 1184 80790 70460 132366 16295 43242 21068 16287 5110 7221 6948 293 5779 3841
internal_value=0.0278739 0.0184437 0.0206054 0.0154839 0.0268552 0.00438989 0.0377199 0.00746694 0.0334432 0.028259 0.0412127 0.0352352 0.0393881 0.0437353
internal_weight=152477 77906.5 67513.1 37137.7 30375.3 10393.4 74570.2 9582.59 33598.1 8699.49 40972.1 24898.6 23927.1 17045.1
internal_count=425447 374003 299911 202826 97085 74092 51444 59529 33692 12331 17752 21361 12727 5025
is_linear=0
shrinkage=0.03


Tree=33
num_leaves=14
num_cat=0
split_feature=5 28 17 17 3 5 27 27 30 17 25 29 27
split_gain=3163.49 1559.84 1932.19 2830.22 1231.07 521.907 321.538 158.059 125.579 93.8535 34.8108 69.3603 33.4679
threshold=0.10102040816326532 7753.3673415376479 1.0000000180025095e-35 0.059137627482414253 5.0066666666666677 1.1928767702388503 147942.73930562954 1071285.985166349 24.500000000000004 0.26496693491935736 1.8350168350168352 1976084.6880492705 51929961.532331549
decision_type=2 2 2 2 2 2 2 2 2 2 2 2 2
left_child=8 5 4 -4 -3 7 -7 -2 10 -10 11 -1 -11
right_child=1 2 3 -5 -6 6 -8 -9 9 12 -12 -13 -14
leaf_value=-0.024969259077580561 0.028100127171689096 0.0062909374620839439 0.040275975957468554 0.025467831921451425 0.022762727253005131 0.044608109632823384 0.033680710628131404 0.013843127107334692 -0.02007702178451155 -0.0067022717820507515 -0.031635596738271383 0.026911712037244587 0.056304827215325662
leaf_weight=50.861044986173511 1516.2128097787499 6596.7223716601729 13358.605953071266 91893.023982230574 10793.909364432096 2901.8999146670103 23421.169497732073 1415.3381159119308 25.703088050708175 4.939219772815707 827.01161085441709 21.07572165876627 20.209853250533342
leaf_count=799 3141 27285 25320 281870 27963 2662 36731 4222 358 61 14848 140 47
internal_value=0.0269729 0.027315 0.0258204 0.027353 0.0165271 0.0335632 0.0349112 0.0213326 -0.0272694 0.014755 -0.0298826 -0.00740357 0.0453023
internal_weight=152847 151897 122642 105252 17390.6 29254.6 26323.1 2931.55 949.801 50.8522 898.948 71.9368 25.1491
internal_count=425447 409194 362438 307190 55248 46756 39393 7363 16253 466 15787 939 108
is_linear=0
shrinkage=0.03


Tree=34
num_leaves=15
num_cat=0
split_feature=15 11 31 30 14 14 14 6 27 31 14 31 29 17
split_gain=15975.5 2526.74 1945.74 1293.36 1281.79 1149.49 986.21 920.849 334.371 294.791 189.297 166.998 58.884 55.0011
threshold=0.042572463768115944 90.500000000000014 0.0057197382769901862 53.500000000000007 14192377.12294564 526917.56250000012 19270129.446428575 0.59731240981240996 153942900.43999156 0.052654119238138182 2805202.7083333335 0.12050155017463994 66100281.638047144 1.0000000180025095e-35
decision_type=2 2 2 2 2 2 2 2 2 2 2 2 2 2
left_child=1 5 6 -4 10 11 -3 -7 12 -10 -2 -1 -6 -12
right_child=4 2 3 -5 8 7 -8 -9 9 -11 13 -13 -14 -15
leaf_value=0.043508587606796045 0.042298168754925383 0.025679669130999453 0.0040784579148227199 0.018438058564732421 0.033621824790389158 0.015288697489983828 0.010125142770105493 0.0258956426187609 0.031988408216118543 0.020740921885093175 0.033949776591712513 -0.024469955497903206 0.013211148799510087 0.038602128063309718
leaf_weight=2458.1260680407286 16741.484873354435 10989.533986952156 22653.032630372792 7513.7872362546623 24655.363830208778 12831.269262913615 5558.2987724505365 17658.210545297712 4434.1027054786682 4309.1003600209951 4073.3553603738546 23.44773330539465 158.63136920332909 19582.021070480347
leaf_count=4197 5025 36453 142633 29302 21107 65119 36067 60108 5110 7221 2740 124 254 9987
internal_value=0.0260271 0.016702 0.012206 0.00766345 0.0360691 0.0230629 0.0204707 0.0214425 0.0316885 0.0264935 0.0396941 0.0427111 0.0335006 0.0378243
internal_weight=153640 79685.7 46714.7 30166.8 73954.1 32971.1 16547.8 30489.5 33557.2 8743.2 40396.9 2481.57 24814 23655.4
internal_count=425447 374003 244455 171935 51444 129548 72520 125227 33692 12331 17752 4321 21361 12727
is_linear=0
shrinkage=0.03


Tree=35
num_leaves=16
num_cat=0
split_feature=15 14 0 14 14 15 28 18 0 27 31 14 0 17 0
split_gain=15578.3 2466.26 2565.32 5074.51 1299.23 1203.1 497.927 443.007 392.781 327.731 278.194 195.012 83.8148 50.5654 4.84338
threshold=0.042572463768115944 109756321.25000001 450596455.00000006 19995885.222222228 14192377.12294564 -0.65833333333333321 798762.40105633822 1724.5000000000002 1805725366.0000002 153942900.43999156 0.052654119238138182 2703284.9785714294 4228905507.5000005 1.0000000180025095e-35 7651638.0000000009
decision_type=2 2 2 2 2 2 2 2 2 2 2 2 2 2 2
left_child=1 2 3 -1 11 -4 8 -8 -3 12 -11 14 -6 -13 -2
right_child=4 6 5 -5 9 -7 7 -9 -10 10 -12 13 -14 -15 -16
leaf_value=0.019131076453271983 0.043009278060225357 -0.0045825525757178269 -0.02286650307977248 -0.0024469470729491837 0.03272827727832632 0.03065335475714662 -0.017098163990375132 0.03600218100486717 0.018123672025507666 0.030989137948267593 0.020073465642893595 0.033300058617176324 0.010020207743220322 0.037755215984566853 0.040162295572529864
leaf_weight=49082.766453903168 7720.0798533707857 1667.2854685038328 378.04921321757138 12250.610675143078 24582.376145511866 13395.620783763006 2265.1808718629181 136.57331006042659 1142.6183883696795 4440.1557683050632 4319.1502089947462 4149.1226513683796 167.27794627845287 19725.714315101504 8438.4527772665024
leaf_count=181108 1850 17831 3474 83465 21068 50928 27763 1393 8041 5110 7221 2782 293 10106 3014
internal_value=0.0252113 0.0160715 0.0174562 0.0148211 0.0351875 0.0291589 -0.00387031 -0.0138615 0.00468729 0.0307842 0.0256536 0.0388595 0.0325822 0.0370036 0.041563
internal_weight=153861 80318.7 75107 61333.4 73542.3 13773.7 5211.66 2401.75 2809.9 33509 8759.31 40033.4 24749.7 23874.8 16158.5
internal_count=425447 374003 318975 264573 51444 54402 55028 29156 25872 33692 12331 17752 21361 12888 4864
is_linear=0
shrinkage=0.03


Tree=36
num_leaves=13
num_cat=0
split_feature=14 5 5 14 29 14 17 12 27 14 5 5
split_gain=3354.11 1553.49 1399.26 1262.85 1523.52 987.735 1201.89 445.134 244.383 158.157 104.279 49.1461
threshold=8578206.7613636386 0.23222109875294913 1.0000000180025095e-35 71945657.583333343 222318.07867342242 599978.80000000016 1.0000000180025095e-35 52.500000000000007 31525466.911476988 185965.20454545456 0.10102040816326532 0.10102040816326532
decision_type=2 2 2 2 2 2 2 2 2 2 2 2
left_child=1 8 -2 4 -4 9 -7 -5 10 -3 -1 -10
right_child=2 5 3 7 -6 6 -8 -9 11 -11 -12 -13
leaf_value=-0.031119642493755113 -0.030642026469506554 0.042531533257561198 0.016432780152698698 0.010377869613634107 0.025865743613912914 0.019949812169646405 0.030661287733837576 0.020662589072978525 -0.011132665556158433 0.034813695313191895 -0.0062114795904412825 0.048484713139220266
leaf_weight=354.06054226122797 464.95932530239224 4664.3335781693459 23502.537966992706 12079.439467089251 45550.1302729249 12315.520885407925 42273.755963601172 5571.8878843076527 8.5310379564762098 6899.2334432154894 277.76806210353971 47.077991396188736
leaf_count=5324 9627 4664 78641 66491 113368 29358 80170 26462 127 9576 1590 49
internal_value=0.0244325 0.0294939 0.0205467 0.0208268 0.0226599 0.0299608 0.0282514 0.0136409 -0.0150699 0.0379805 -0.0206137 0.0384918
internal_weight=154009 66840.3 87169 86704 69052.7 66152.8 54589.3 17651.3 687.438 11563.6 631.829 55.609
internal_count=425447 130858 294589 284962 192009 123768 109528 92953 7090 14240 6914 176
is_linear=0
shrinkage=0.03


Tree=37
num_leaves=16
num_cat=0
split_feature=14 0 14 0 14 0 0 0 5 5 1 3 28 27 29
split_gain=3181.87 1858.98 2493.57 1563.66 2284.46 1328.21 1161.4 976.251 842.143 573.674 313.119 209.877 192.377 145.191 57.6646
threshold=8578206.7613636386 97088341.500000015 32732494.916666668 54701940.500000007 2303145.1597222225 203827392.50000003 582283805.50000012 35844920.000000007 0.23222109875294913 0.45383522727272735 1030.5000000000002 3.4396969696969699 632922.30743033544 21536236.311239872 7102257.1733659804
decision_type=2 2 2 2 2 2 2 2 2 2 2 2 2 2 2
left_child=3 9 5 4 8 -3 -4 -6 -1 14 -11 13 -13 -5 -2
right_child=1 2 6 11 7 -7 -8 -9 -10 10 -12 12 -14 -15 -16
leaf_value=-0.020141556797476465 -0.026326052442117082 0.020354699203303898 0.0099094658250970715 -0.008367242553096647 0.014172053526209328 0.032286986472775704 0.02046480561441676 0.027870017375038122 0.031885257611519086 0.0026544356108920814 0.013401060505224461 0.036960666496376582 0.054217003788250874 0.026890543155108786 0.014867460294501663
leaf_weight=272.55207575112581 425.03608144819736 14287.214376566932 15143.373338779435 110.54083260148764 14759.180025778711 20856.53148451075 24918.131857572123 6912.4118890408427 29468.491474665701 3447.7974611520767 8470.3037845864892 13915.178375642747 678.95120363682508 891.16455082409084 22.560421969741583
leaf_count=2593 4979 40455 73092 467 44994 37431 95999 15582 45464 13580 28961 18895 542 2321 92
internal_value=0.0236112 0.0198375 0.0216105 0.0285369 0.0259933 0.0274477 0.0164808 0.0185588 0.0313976 0.0090389 0.0103019 0.0368872 0.0378204 0.0229042 -0.0237701
internal_weight=154579 87570.9 75205.3 67008.5 51412.6 35143.7 40061.5 21671.6 29741 12365.7 11918.1 15595.8 14594.1 1001.71 447.597
internal_count=425447 294589 246977 130858 108633 77886 169091 60576 48057 47612 42541 22225 19437 2788 5071
is_linear=0
shrinkage=0.03


Tree=38
num_leaves=16
num_cat=0
split_feature=15 15 15 31 1 9 15 27 12 0 27 30 25 28 0
split_gain=16210.9 2373.98 7399.28 2272.52 1362.55 530.525 332.703 290.952 263.494 259.787 244.987 122.746 116.283 45.8137 11.2237
threshold=0.042572463768115944 -0.48979591836734687 -0.084699453551912551 0.0057197382769901862 5292.5000000000009 289.50000000000006 -0.65833333333333321 263261004.24560961 52.500000000000007 277111208.00000006 4382441.8903508782 5.5000000000000009 2.5320512820512824 74737.994286948451 7651638.0000000009
decision_type=2 2 2 2 2 2 2 2 2 2 2 2 2 2 2
left_child=1 5 9 -4 10 12 -7 11 -9 -3 14 -6 -1 -12 -2
right_child=4 2 3 -5 7 6 -8 8 -10 -11 13 -13 -14 -15 -16
leaf_value=-0.025663531391170859 0.041206262909307817 0.05287705915864286 0.018289925981576406 0.0074407229228506356 0.033181239540457326 -0.017518133098699495 0.0041959264845004259 0.015416265934743727 0.030082319125977489 0.039995512961954631 0.036180916427626685 0.028157548753536835 -0.0033873856558600244 0.033101969616331377 0.03825376434469227
leaf_weight=1098.7758960742503 7496.5126792490482 2666.3282391130924 31166.171748634428 39361.88938543573 6803.8899174183607 767.80815733224154 3349.4973543584347 2888.4251556694508 1861.4653179645538 4014.6956875398755 13517.585361406207 18258.485996752977 270.28929070197046 12405.596171841025 9158.9179346263409
leaf_count=13477 1859 1244 122281 199761 5081 6413 22217 5177 2421 5135 7002 18023 3475 8392 3489
internal_value=0.0228276 0.0137483 0.0151032 0.0122383 0.033194 -0.0053034 9.04691e-05 0.0282324 0.0212467 0.0452478 0.0366561 0.0295416 -0.0213717 0.0347286 0.0396203
internal_weight=155086 82695.5 77209.1 70528.1 72390.9 5486.37 4117.31 29812.3 4749.89 6681.02 42578.6 25062.4 1369.07 25923.2 16655.4
internal_count=425447 374003 328421 322042 51444 45582 28630 30702 7598 6379 20742 23104 16952 15394 5348
is_linear=0
shrinkage=0.03


Tree=39
num_leaves=16
num_cat=0
split_feature=15 11 14 0 0 1 6 17 5 27 27 30 1 28 14
split_gain=15726.7 2224.62 1965.93 3060.45 2189.51 1367.86 702.184 647.657 389.46 284.922 270.225 284.29 72.6115 53.1724 14.6612
threshold=0.042572463768115944 85.500000000000014 19995885.222222228 120900411.50000001 374173665.00000006 6396.5000000000009 1.6846292947558774 0.039001181721687324 1.7109772423025438 4382441.8903508782 89210089.395619452 4.5000000000000009 190397.00000000003 78088.231535968691 968726.70000000007
decision_type=2 2 2 2 2 2 2 2 2 2 2 2 2 2 2
left_child=1 6 3 -3 -4 9 7 -1 -8 14 12 -12 -7 -11 -2
right_child=5 2 4 -5 -6 10 8 -9 -10 13 11 -13 -14 -15 -16
leaf_value=0.0055949579895620185 0.040529170448392896 0.010061037910938063 -0.0088756616008645699 0.030988384260635354 0.010597727140738979 0.030171619079259155 0.011098299330683167 0.02094313835042029 0.033298744381707449 0.035226287492457153 0.030860124545631872 0.020844512900235715 0.0092481181225510852 0.032121775054708812 0.037483326061297048
leaf_weight=3057.0892956983298 7683.6894249916077 30898.871579824015 8446.4472218696028 7894.7561221905053 13451.14767258428 14633.67264084518 852.86753521114588 13406.278780099005 5124.2153427451849 14541.476343810558 3742.7117049098015 8970.9517990648746 171.39779587090015 13279.97284334898 8860.9856172651052
leaf_count=11975 1943 124657 62065 20140 87439 12282 2737 53323 11667 7736 3497 13024 302 9210 3450
internal_value=0.0221548 0.0132649 0.0102753 0.014331 0.00308405 0.0324303 0.0213366 0.0181026 0.0301717 0.0357053 0.0271325 0.0238282 0.029941 0.0337636 0.0389351
internal_weight=155017 83131.7 60691.2 38793.6 21897.6 71884.9 22440.5 16463.4 5977.08 44366.1 27518.7 12713.7 14805.1 27821.4 16544.7
internal_count=425447 374003 294301 144797 149504 51444 79702 65298 14404 22339 29105 16521 12584 16946 5393
is_linear=0
shrinkage=0.03


Tree=40
num_leaves=16
num_cat=0
split_feature=15 15 15 14 14 9 11 1 0 14 17 31 0 17 0
split_gain=15276.4 2214.59 6895.97 2344.49 1376.16 500.109 364.91 360.327 259.266 211.597 209.092 115.773 58.1322 56.3442 9.98744
threshold=0.042572463768115944 -0.48979591836734687 -0.084699453551912551 1376570.0538461541 14192377.12294564 289.50000000000006 62.500000000000007 17498.500000000004 324885334.00000006 2805202.7083333335 0.21113128215074542 0.013951881338446267 7868744906.500001 1.0000000180025095e-35 7651638.0000000009
decision_type=2 2 2 2 2 2 2 2 2 2 2 2 2 2 2
left_child=1 5 8 -4 9 11 -7 12 -3 14 -9 -1 -6 -11 -2
right_child=4 2 3 -5 7 6 -8 10 -10 13 -12 -13 -14 -15 -16
leaf_value=-0.0076357177765842858 0.039937529154142719 0.050321232247487017 0.02407669154294911 0.0090247601360177888 0.030308830848486016 0.04803820686743341 -0.0019909184357661982 0.026710792070669398 0.037664583305653823 0.029770647188605989 0.019520409902046645 -0.02704782917197382 -0.010201563696548252 0.034403357898090237 0.037008260658346968
leaf_weight=417.21077778935432 7250.1533800959587 2848.1208354309201 11013.236461833119 60358.585131477565 17160.734332993627 120.59463413059711 4039.3535371124744 9571.2297666966915 3860.6254079565406 3912.6384292840958 6370.2281316816807 940.97108348272741 24.21692581474781 18699.207770109177 8367.8546752482653
leaf_count=3885 1852 1375 26541 295501 13791 476 28154 10750 5004 2740 9086 13067 65 9987 3173
internal_value=0.0215006 0.0127939 0.014092 0.0113524 0.0316958 -0.00555659 -0.000366032 0.0271836 0.0431426 0.0355927 0.0238604 -0.0212551 0.0302412 0.0336233 0.038407
internal_weight=154955 83598.7 78080.6 71371.8 71356.3 5518.13 4159.95 33126.4 6708.75 38229.9 15941.5 1358.18 17185 22611.8 15618
internal_count=425447 374003 328421 322042 51444 45582 28630 33692 6379 17752 19836 16952 13856 12727 5025
is_linear=0
shrinkage=0.03


Tree=41
num_leaves=16
num_cat=0
split_feature=15 3 17 17 1 29 5 15 15 1 28 17 30 28 1
split_gain=14813.4 2092.55 2012.97 3056.61 1383.53 855.082 661.65 380.317 301.985 276.026 227.938 223.876 167.037 49.234 38.1022
threshold=0.042572463768115944 11.423376623376624 1.0000000180025095e-35 0.059137627482414253 5292.5000000000009 58464.77991788432 2.111735330836455 -0.63397129186602863 -0.45227272727272722 99071.000000000015 16438.963911268074 0.23861358314752582 12.500000000000002 74737.994286948451 543.50000000000011
decision_type=2 2 2 2 2 2 2 2 2 2 2 2 2 2 2
left_child=1 2 5 -4 10 -1 8 -8 -3 11 14 -6 -11 -12 -2
right_child=4 6 3 -5 9 -7 7 -9 -10 12 13 -13 -14 -15 -16
leaf_value=0.0046247043353107526 0.038622065504263871 -0.004896302820084378 0.031919559082860566 0.0093440195685226077 0.029083689017950588 -0.012697493433078404 -0.014694884089577122 0.025154081422282842 0.015392452919653271 0.027745938016370316 0.034200380862442897 0.022625852713549506 0.015024291911337698 0.031008186649874592 0.034725090173224303
leaf_weight=6407.0698429588228 11192.679139688611 716.28685760870576 6112.0932257156819 45727.057854263112 17812.265683740377 4254.5100577995181 209.02581958472729 13226.520625732839 7320.293489381671 1385.2807359099388 11954.880198895931 7202.1148239970207 3134.3617272228003 12436.857865899801 5692.2277037650347
leaf_count=26869 3375 4936 21049 237689 15424 25674 1678 33944 22164 1493 6119 8377 5408 8513 2735
internal_value=0.0208809 0.0123544 0.0095737 0.0120148 0.0309872 -0.00229305 0.0204347 0.0245162 0.0135747 0.0259919 0.0345499 0.0272402 0.019009 0.032594 0.0373421
internal_weight=154784 83972.9 62500.7 51839.2 70810.7 10661.6 21472.1 13435.5 8036.58 29534 41276.6 25014.4 4519.64 24391.7 16884.9
internal_count=425447 374003 311281 258738 51444 52543 62722 35622 27100 30702 20742 23801 6901 14632 6110
is_linear=0
shrinkage=0.03


Tree=42
num_leaves=16
num_cat=0
split_feature=15 14 0 14 14 14 28 16 0 0 31 14 14 17 0
split_gain=14391.9 2054.95 2155.94 4035.55 1409.62 1111.2 437.235 409.178 327.681 277.957 283.701 223.434 113.374 57.8098 12.8433
threshold=0.042572463768115944 109756321.25000001 450596455.00000006 19995885.222222228 14192377.12294564 50724230.625000007 798762.40105633822 2.5000000000000004 1805725366.0000002 823288141.00000012 0.029867246384870795 2805202.7083333335 264861922.3571429 1.0000000180025095e-35 4730167.5000000009
decision_type=2 2 2 2 2 2 2 2 2 2 2 2 2 2 2
left_child=1 2 3 -1 11 -4 8 -8 -3 12 -11 14 -6 -13 -2
right_child=4 6 5 -5 9 -7 7 -9 -10 10 -12 13 -14 -15 -16
leaf_value=0.014526547823156684 0.03936606149467374 -0.0063160505568665643 0.030739688316187716 -0.0043119474678932623 0.027992066066678048 0.013912186902099713 0.055806691008981772 -0.01694172146861753 0.013761367703645205 0.028561668891293565 0.018568117620366253 0.02839859209632313 -0.0028072381180169253 0.033069790272253874 0.03614593294490466
leaf_weight=51609.327210690826 4916.4868338704109 1757.4767976459116 8342.8219729214907 12754.494716480374 20980.247751668096 6205.4799730442464 57.085671043023467 2459.9431372974068 1230.4094150029123 3966.6410603821278 7838.530507966876 3844.8630522191525 103.71874149143696 18333.990000933409 10266.379489660263
leaf_count=181108 1184 17831 22411 83465 18220 31991 389 28767 8041 3861 11389 2740 222 9987 3841
internal_value=0.0202715 0.0119195 0.0131558 0.0107929 0.0303026 0.0235858 -0.00578513 -0.0149591 0.00196927 0.0257398 0.0219606 0.0343065 0.0278372 0.0322811 0.0372285
internal_weight=154668 84417 78912.1 64363.8 70250.9 14548.3 5504.92 2517.03 2987.89 32889.1 11805.2 37361.7 21084 22178.9 15182.9
internal_count=425447 374003 318975 264573 51444 54402 55028 29156 25872 33692 15250 17752 18442 12727 5025
is_linear=0
shrinkage=0.03


Tree=43
num_leaves=16
num_cat=0
split_feature=15 15 15 14 14 6 14 27 0 0 31 14 0 17 0
split_gain=13970.1 2039.62 6389.04 2138.45 1418.08 479.376 519.365 333.666 318.025 281.453 257.643 228.756 82.465 56.6872 14.251
threshold=0.042572463768115944 -0.48979591836734687 -1.0000000180025095e-35 2805202.7083333335 14192377.12294564 0.71516754850088193 15848713.016666668 153942900.43999156 823288141.00000012 324885334.00000006 0.05298726570814704 2805202.7083333335 4228905507.5000005 1.0000000180025095e-35 7651638.0000000009
decision_type=2 2 2 2 2 2 2 2 2 2 2 2 2 2 2
left_child=1 5 9 -4 11 8 -7 12 -1 -3 -9 14 -6 -13 -2
right_child=4 2 3 -5 7 6 -8 10 -10 -11 -12 13 -14 -15 -16
leaf_value=-0.019015499430919017 0.038275631330223374 0.048035798306230899 0.019210913055048875 0.0072049259135862102 0.027066658872839509 0.019856004512689315 -0.007105512514290536 0.025059087759346198 0.0074294413922546369 0.035023228562730338 0.014641803149598199 0.027786623398731832 0.0050811842092708826 0.032421901215603829 0.035203566144970846
leaf_weight=2383.2696705777198 6920.0326490700245 2849.8079789802432 17662.06199067831 54805.443035198376 23814.2867012918 1014.3022584989667 1698.0067106261849 4457.8575907498598 483.25112279132009 3910.0677605643868 4325.2069958895445 3812.479447811842 165.72005134820938 18142.559527099133 8038.3521297425032
leaf_count=22839 1852 1377 47461 274528 21068 4980 12541 5163 5222 5055 7168 2740 293 9987 3173
internal_value=0.0196888 0.0115078 0.0127424 0.0101349 0.0296413 -0.00600779 0.00301984 0.0250662 -0.0145314 0.0406077 0.0199662 0.0336894 0.0269192 0.0316379 0.0366637
internal_weight=154483 84806.2 79227.4 72467.5 69676.5 5578.83 2712.31 32763.1 2866.52 6759.88 8783.06 36913.4 23980 21955 14958.4
internal_count=425447 374003 328421 321989 51444 45582 17521 33692 28061 6432 12331 17752 21361 12727 5025
is_linear=0
shrinkage=0.03


Tree=44
num_leaves=16
num_cat=0
split_feature=15 31 10 27 14 0 0 17 15 1 17 14 17 28 0
split_gain=13542.3 1950.63 1641.32 1428.29 1334.96 1646.17 1576.31 913.138 579.044 346.706 229.154 206.143 155.222 34.246 14.2826
threshold=0.042572463768115944 0.039119804931265607 1.3986697965571209 21536236.311239872 11561022.175000003 57385765.500000007 241918052.50000003 0.18634702265262607 -0.63397129186602863 17498.500000000004 0.21113128215074542 2703284.9785714294 0.040998259559273727 9403.4559179440457 4730167.5000000009
decision_type=2 2 2 2 2 2 2 2 2 2 2 2 2 2 2
left_child=1 4 8 11 5 -1 -6 -4 -3 12 -11 14 -5 -13 -2
right_child=3 2 7 9 6 -7 -8 -9 -10 10 -12 13 -14 -15 -16
leaf_value=0.015261211130674628 0.038333568783128671 -0.026355737815597809 -0.0016136248162678462 0.020887370331594754 -0.0017032316708686123 0.032813172969460104 0.015815102444792745 0.01106496852910345 0.015043179384291802 0.02417045823828191 0.016639056927461093 0.033898333767118545 0.028734458974824923 0.030377650442388434 0.03503254321099341
leaf_weight=16313.51799444668 4755.4345930665731 296.68279465287924 18884.835799906403 2947.0111220777035 6922.3373786658049 6850.911043856293 13866.584610909224 6992.6585098598152 14990.828733090311 9899.6178002953529 6090.4983120709658 5034.9997240155935 15197.196238234639 15658.908730953932 9505.9737823158503
leaf_count=50607 1184 2667 108956 2959 36896 14877 66611 40628 52761 10980 8818 2447 11627 9791 3638
internal_value=0.0191346 0.0111214 0.00642382 0.0290018 0.0155166 0.0204714 0.00998335 0.00181567 0.0142127 0.0246067 0.021322 0.0332804 0.0274799 0.0312596 0.0361745
internal_weight=154208 85118.4 41165 69089.6 43953.4 23164.4 20788.9 25877.5 15287.5 34134.3 15990.1 34955.3 18144.2 20693.9 14261.4
internal_count=425447 374003 205012 51444 168991 65484 103507 149584 55428 34384 19798 17060 14586 12238 4822
is_linear=0
shrinkage=0.03


Tree=45
num_leaves=16
num_cat=0
split_feature=15 11 31 14 2 14 17 14 1 17 1 31 31 17 14
split_gain=13146 1926.57 1477 1441.52 986.953 910.585 774.023 714.954 430.646 201.806 174.947 141.148 45.2673 43.3294 23.3407
threshold=0.042572463768115944 90.500000000000014 0.0057197382769901862 10891812.375000002 3.7835585585585592 526917.56250000012 0.1211511790752411 121580771.21764708 17041.000000000004 0.21113128215074542 543.50000000000011 0.12050155017463994 0.035648232602215425 1.0000000180025095e-35 819886.83516483533
decision_type=2 2 2 2 2 2 2 2 2 2 2 2 2 2 2
left_child=1 5 7 10 -4 11 -7 -3 12 -10 14 -1 -5 -12 -2
right_child=3 2 4 8 -6 6 -8 -9 9 -11 13 -13 -14 -15 -16
leaf_value=0.033768463654581825 0.037581656727351628 0.015219336057734732 -0.0048780626211766386 0.029584112004895489 0.0065565376087508061 0.010403440845369684 0.019672427397739785 -0.012615676534699237 0.023338646974973794 0.016391476863089855 0.027130208092618367 -0.026214966931745035 0.026107250778345657 0.031669984652841564 0.034168454446109241
leaf_weight=2612.5099005363882 5730.4048216193914 17000.617434151471 9708.6359119098634 6514.8567632585764 22526.287532532588 17542.390239149332 15218.029005926102 861.03652941994369 9943.2564864456654 6452.3530288785696 3335.7392444461584 24.881747163832188 13722.012205198407 13139.475594565272 9659.0502382069826
leaf_count=4197 1516 63685 66567 4588 105368 68871 56356 8835 11153 9222 2315 124 11560 7000 4090
internal_value=0.0185886 0.0107393 0.00694939 0.0283807 0.00311102 0.016097 0.0147171 0.0138664 0.0242944 0.020624 0.0330639 0.0330462 0.0272491 0.0307781 0.0354767
internal_weight=153992 85494.4 50096.6 68497.1 32234.9 35397.8 32760.4 17861.7 36632.5 16395.6 31864.7 2637.39 20236.9 16475.2 15389.5
internal_count=425447 374003 244455 51444 171935 129548 125227 72520 36523 20375 14921 4321 16148 9315 5606
is_linear=0
shrinkage=0.03


Tree=46
num_leaves=15
num_cat=0
split_feature=15 5 14 27 14 5 17 10 1 14 30 17 18 27
split_gain=12761.9 1903.97 1711.04 1512.94 1447.71 987.43 764.276 528.579 350.509 244.369 179.408 111.317 57.341 15.6266
threshold=0.042572463768115944 1.2063894523326575 54462452.700757585 79183091.531378254 14192377.12294564 1.0000000180025095e-35 0.18044012784957889 2.6671408250355628 46183.000000000007 2805202.7083333335 4.5000000000000009 0.23861358314752582 971.50000000000011 2400087.6729361792
decision_type=2 2 2 2 2 2 2 2 2 2 2 2 2 2
left_child=1 5 3 -3 9 -1 -4 -7 11 13 -10 -6 -11 -2
right_child=4 2 6 -5 8 7 -8 -9 10 12 -12 -13 -14 -15
leaf_value=-0.031431560147298525 0.036194598696070432 0.012850211345877072 -0.0039934836331088335 0.028956957091965461 0.026411302088865364 0.00021162633808039956 0.012216457233907987 0.01813055766425713 0.02525426997302371 0.030700075754194572 0.015373644681437202 0.021540376861220591 0.02626661438667165 0.032921044220193874
leaf_weight=807.43510743789375 9368.889772683382 54026.697710495442 7379.4635501988232 5817.1034174747765 17045.797790765762 12126.38686369732 4036.8265561535954 1673.4467777870595 2305.8288253694773 17046.093384236097 6548.9264176487923 6441.2587901800871 4224.3825878798962 4915.0841162502766
leaf_count=14563 2865 185312 56902 18687 14481 65768 24259 8512 2322 9737 9942 6947 2990 2160
internal_value=0.0180597 0.010371 0.0123932 0.0144232 0.0277786 0.000501393 0.00174427 0.00240408 0.0231568 0.0319704 0.0179884 0.0250913 0.0298401 0.035106
internal_weight=153764 85867.4 71260.1 59843.8 67896.3 14607.3 11416.3 13799.8 32341.8 35554.4 8854.76 23487.1 21270.5 14284
internal_count=425447 374003 285160 203999 51444 88843 81161 74280 33692 17752 12264 21428 12727 5025
is_linear=0
shrinkage=0.03


Tree=47
num_leaves=16
num_cat=0
split_feature=15 15 15 14 14 9 1 11 0 30 27 25 1 0 14
split_gain=12385.3 1871.27 5991.55 1980.11 1452.89 442.485 419.474 320.373 284.195 199.59 194.853 110.302 55.6645 53.4758 0.409162
threshold=0.042572463768115944 -0.48979591836734687 -0.084699453551912551 1376570.0538461541 10891812.375000002 289.50000000000006 17041.000000000004 62.500000000000007 324885334.00000006 4.5000000000000009 2400087.6729361792 2.5320512820512824 2023.5000000000002 7868744906.500001 1127719.0416666667
decision_type=2 2 2 2 2 2 2 2 2 2 2 2 2 2 2
left_child=1 5 8 -4 10 11 13 -7 -3 -8 14 -1 -12 -6 -2
right_child=4 2 3 -5 6 7 9 -9 -10 -11 12 -13 -14 -15 -16
leaf_value=-0.025641618969990499 0.036428145520397609 0.045749336269291944 0.020231994904010991 0.0066173892658462951 0.026090093657594175 0.042059320693010813 0.0252043490636682 -0.0033858605958258263 0.032703659766976693 0.017467849079426077 0.031557239103098371 -0.0040246535785211516 0.027887231680159549 -0.012251798787626998 0.033320615960008612
leaf_weight=1091.3760712277144 7026.5095212757587 2823.406315267086 11360.202932268381 62471.224002823234 19924.361212521791 129.39987345784903 4174.550393179059 4169.5935069210827 3898.5833580866456 12139.24992415309 13030.593728974462 274.89425220154226 7755.14659114182 23.661414802074432 3213.914091438055
leaf_count=13477 2000 1375 26541 295501 16085 476 4010 28154 5004 16365 6589 3475 5026 63 1306
internal_value=0.0175492 0.0100179 0.0111901 0.00871631 0.0271945 -0.00663017 0.0230913 -0.00186952 0.0382773 0.0194707 0.0319756 -0.0214049 0.0302105 0.0260339 0.0355059
internal_weight=153507 86218.7 80553.4 73831.4 67288 5665.26 36261.8 4298.99 6721.99 16313.8 31026.2 1366.27 20785.7 19948 10240.4
internal_count=425447 374003 328421 322042 51444 45582 36523 28630 6379 20375 14921 16952 11615 16148 3306
is_linear=0
shrinkage=0.03


Tree=48
num_leaves=15
num_cat=0
split_feature=15 5 14 27 27 17 5 28 27 17 27 30 14 14
split_gain=11994.2 1775.23 1649.3 1519.4 1457.46 1011.99 870.449 595.658 377.322 262.406 163.395 150.468 20.627 9.22526
threshold=0.042572463768115944 1.0437979539641946 48089392.352272734 57959076.018753327 15731556.114345452 0.19823817908763888 1.0000000180025095e-35 507361.0444681943 153942900.43999156 0.14803239703178409 2400087.6729361792 11.500000000000002 5563932.666666667 8578206.7613636386
decision_type=2 2 2 2 2 2 2 2 2 2 2 2 2 2
left_child=1 6 3 -3 10 -4 -1 -8 11 -10 13 -6 -12 -2
right_child=4 2 5 -5 8 -7 7 -9 9 -11 12 -13 -14 -15
leaf_value=-0.031375440022882728 0.035054922593900195 0.011652506553575337 -0.0040938796771055287 0.02577821810479582 0.02731756473183173 0.012941247797891058 -0.0028954428797518094 0.013930067631563341 0.02181520772476888 0.011316566085744046 0.031130284058264623 0.022664031101080444 0.028437171908857813 0.018503268230185763
leaf_weight=790.38146993890405 10023.123052120209 53445.021121487021 8834.1889141872525 7869.1880941838026 10654.725848540664 4848.0027767047286 8234.3941687420011 2442.6109126899391 4970.8934560865164 3897.8726304024458 10359.342015072703 18233.585419476032 8446.0917290002108 90.781984210014343
leaf_count=14563 3285 180646 65649 25659 7912 27957 43242 16287 5984 6397 5155 17168 5468 75
internal_value=0.0170659 0.00968988 0.0113705 0.0134718 0.026626 0.00194754 -0.0012994 0.000965117 0.0227204 0.0172313 0.0317097 0.0243947 0.0299459 0.0349369
internal_weight=153140 86463.8 74996.4 61314.2 66676.4 13682.2 11467.4 10677 37757.1 8868.77 28919.3 28888.3 18805.4 10113.9
internal_count=425447 374003 299911 206305 51444 93606 74092 59529 37461 12381 13983 25080 10623 3360
is_linear=0
shrinkage=0.03


Tree=49
num_leaves=16
num_cat=0
split_feature=14 0 14 0 14 0 5 5 29 5 3 1 12 0 10
split_gain=2657.38 1908.46 2399.39 1556.55 2411.5 1093.89 717.345 558.592 487.695 484.177 296.216 260.43 178.052 167.441 145.654
threshold=7918531.8708333345 97088341.500000015 19995885.222222228 39775498.000000007 2303145.1597222225 306033072.00000006 0.23222109875294913 0.58174245053800777 222318.07867342242 1.0639661756683034 3.9407374890254614 1125.5000000000002 69.500000000000014 58700209.500000007 2.5320512820512828
decision_type=2 2 2 2 2 2 2 2 2 2 2 2 2 2 2
left_child=3 9 8 4 6 -4 -1 -6 -3 13 14 -11 -12 -2 -5
right_child=1 2 5 10 7 -7 -8 -9 -10 11 12 -13 -14 -15 -16
leaf_value=-0.024033841793881083 -0.021324082841230042 0.017608287451250912 0.004821657180319819 0.014888882780691009 -0.015484843690131395 0.014412190095543807 0.024076227702331972 0.010218734571073413 0.02742307399461481 -0.0010566446122792731 0.030600017977558194 0.0084351865917101296 0.00079853318845224039 -0.0035409131104524381 0.032925815222235887
leaf_weight=269.83493500389159 770.32618096470833 7181.5490621533245 14392.862920215353 1966.4769582320005 787.48563655093312 42092.453227125108 27602.942367374897 15064.214608073235 13213.415325846523 3821.0986856594682 15654.567018024623 8080.8595365919173 185.44993742182851 1244.0434677191079 522.32316594012082
leaf_count=2586 5286 16109 62164 5497 5971 148992 44962 41727 21272 14044 21748 26375 442 6897 1375
internal_value=0.0165871 0.0133119 0.0151622 0.0213746 0.0182838 0.0119709 0.0235967 0.0089265 0.023984 0.00308242 0.0287254 0.00538784 0.0302541 -0.0104636 0.0188608
internal_weight=152850 90796.6 76880.3 62053.3 43724.5 56485.3 27872.8 15851.7 20395 13916.3 18328.8 11902 15840 2014.37 2488.8
internal_count=425447 301139 248537 124308 95246 211156 47548 47698 37381 52602 29062 40419 22190 12183 6872
is_linear=0
shrinkage=0.03


Tree=50
num_leaves=16
num_cat=0
split_feature=15 15 15 31 27 2 1 15 0 27 17 30 1 0 0
split_gain=11881.7 1748.02 5630.84 1719.54 1468.45 337.568 335.534 294.745 283.029 229.738 222.422 154.885 111.833 44.2078 12.5154
threshold=0.042572463768115944 -0.48979591836734687 -0.084699453551912551 0.0057197382769901862 21536236.311239872 3.8655281285878305 99071.000000000015 -0.65833333333333321 324885334.00000006 2768072.5497841598 0.14803239703178409 12.500000000000002 60705.500000000007 288611222.50000006 44124581.500000007
decision_type=2 2 2 2 2 2 2 2 2 2 2 2 2 2 2
left_child=1 5 8 -4 9 12 10 -7 -3 14 -6 -8 -1 -11 -2
right_child=4 2 3 -5 6 7 11 -9 -10 13 -12 -13 -14 -15 -16
leaf_value=-0.02490828254251615 0.034338039259002057 0.043746170019175128 0.012681413305522254 0.0035275979615005215 0.024552615796321755 -0.019475849946190976 0.021966181008142769 -0.00011785884788572819 0.030749912983541485 0.028799154441486955 0.019008118137665252 0.0096398028623744855 0.01456280420319782 0.022417380160795319 0.027224628652684414
leaf_weight=983.76393322646618 10118.371371924877 2798.9876764863729 33190.414422627538 41682.795767690986 17716.996699422598 853.62388711050153 1337.5960619151592 3843.9512324146926 3901.8678731992841 20374.775990352035 11017.496220618486 3072.2492907494307 58.600335199385881 1391.5349431037903 627.62128472328186
leaf_count=12189 3419 1375 122281 199761 15119 7076 1485 25393 5004 12078 12433 5347 924 1200 363
internal_value=0.0160771 0.00882389 0.0099501 0.0075875 0.0257181 -0.0071604 0.02125 -0.00369267 0.0362686 0.0302603 0.0224388 0.0134472 -0.0224858 0.0284083 0.0339639
internal_weight=152971 87314 81574.1 74873.2 65656.6 5739.94 33144.3 4697.58 6700.86 32512.3 28734.5 4409.85 1042.36 21766.3 10746
internal_count=425447 374003 328421 322042 51444 45582 34384 32469 6379 17060 27552 6832 13113 13278 3782
is_linear=0
shrinkage=0.03


Tree=51
num_leaves=16
num_cat=0
split_feature=15 11 27 15 15 6 17 5 1 17 9 1 17 14 27
split_gain=11489.1 1705.09 1466.77 1448.52 3851.99 595.413 532.98 478.813 404.961 237.668 185.071 175.276 172.143 31.6032 18.7688
threshold=0.042572463768115944 85.500000000000014 15731556.114345452 -0.46410256410256406 -0.05798319327731092 0.64747307373653695 0.039001181721687324 1.7248188405797105 17041.000000000004 0.21113128215074542 289.50000000000006 563.50000000000011 1.0000000180025095e-35 819886.83516483533 3957095.9925880716
decision_type=2 2 2 2 2 2 2 2 2 2 2 2 2 2 2
left_child=1 5 11 10 -5 6 -1 -7 12 -10 -3 13 -4 -2 -13
right_child=2 3 8 4 -6 7 -8 -9 9 -11 -12 14 -14 -15 -16
leaf_value=-0.004928808716245979 0.035168853168539092 -0.021844846221181921 0.017013558722446458 0.034613783320994851 0.0050526703957776819 0.0080788068030091496 0.013093012709326382 0.022479123788130963 0.020521561515919266 0.012958864632052477 -0.0073606197158050208 0.030325105119057689 0.025155074779222606 0.031416368531179281 0.026940565366984554
leaf_weight=1770.3182901404798 5224.2080179303885 1089.8456736207008 2873.8560266196728 4258.7649938315153 55563.226478695869 2619.6795045956969 8628.8056536689401 10622.100039966404 10109.854929819703 6171.8338731378317 2968.9625238366425 3541.2472438067198 18013.463855117559 8952.7821918725967 10154.808219254017
leaf_count=7587 1527 14188 2995 4409 254366 9023 35553 27539 11312 9040 21338 1721 14114 4092 6643
internal_value=0.0156386 0.00853873 0.0251877 0.0059882 0.0071658 0.0154212 0.0100195 0.0196449 0.0212645 0.0176712 -0.0113233 0.0304039 0.0240493 0.032837 0.0278501
internal_weight=152564 87521.7 65042.1 63880.8 59822 23640.9 10399.1 13241.8 37169 16281.7 4058.81 27873 20887.3 14177 13696.1
internal_count=425447 374003 51444 294301 258775 79702 43140 36562 37461 20352 35526 13983 17109 5619 8364
is_linear=0
shrinkage=0.03


Tree=52
num_leaves=16
num_cat=0
split_feature=14 0 14 0 14 0 0 17 3 5 17 5 5 17 5
split_gain=2521.67 1774.71 2297.81 1469.12 2285.04 1017.89 888.627 758.792 858.333 666.852 615.249 515.456 317.012 286.346 224.774
threshold=7918531.8708333345 97088341.500000015 32732494.916666668 39775498.000000007 2303145.1597222225 200175936.50000003 582283805.50000012 1.0000000180025095e-35 9.1088485746020016 0.23222109875294913 0.18044012784957889 0.88589511754068717 0.45383522727272735 0.059137627482414253 1.3954766164068493
decision_type=2 2 2 2 2 2 2 2 2 2 2 2 2 2 2
left_child=3 10 5 4 9 -3 -4 8 -5 -1 14 -6 -12 -9 -2
right_child=1 2 6 7 11 -7 -8 13 -10 -11 12 -13 -14 -15 -16
leaf_value=-0.024032320817413397 -0.011478202556937168 0.013234078537661611 0.0032726429601764519 0.0027455110769406149 -0.0085433980190679978 0.023579168493719386 0.012384742498923674 0.039962805818013654 0.02893742600988336 0.022572245245658849 -0.031311345923842764 0.0095667507454924115 0.011770863105936721 0.028452709446515172 -4.3165479027286544e-05
leaf_weight=266.96969662420452 1988.8146293554455 14519.570547321811 15422.869240883738 2182.0488647595048 1557.3593351561576 21189.145401222631 25747.154906889424 2521.3811683878303 2325.6556316427886 27257.977706737816 144.22595710679889 14203.889349982142 4931.7353139780462 11101.720306744799 6811.4232047647238
leaf_count=2586 11069 40847 73092 6926 8921 38599 95999 2875 2728 44962 1782 38777 15430 16533 24321
internal_value=0.0152107 0.0120291 0.0138112 0.0199073 0.016891 0.0193809 0.00897439 0.027087 0.0163165 0.0221063 0.00214934 0.00776897 0.0104522 0.0306268 -0.00264597
internal_weight=152172 90754.9 76878.7 61417 43286.2 35708.7 41170 18130.8 4507.7 27524.9 13876.2 15761.2 5075.96 13623.1 8800.24
internal_count=425447 301139 248537 124308 95246 79446 169091 29062 9654 47548 52602 47698 17212 19408 35390
is_linear=0
shrinkage=0.03


Tree=53
num_leaves=16
num_cat=0
split_feature=15 11 27 30 15 15 2 2 27 2 30 27 30 0 0
split_gain=11320.8 1613.17 1471.44 1290.29 1220.25 3277.67 646.356 398.585 382.902 320.28 242.562 175.851 156.792 32.4529 9.33105
threshold=0.042572463768115944 101.50000000000001 15731556.114345452 1.0000000180025095e-35 -0.48979591836734687 -0.084699453551912551 3.5963225371120111 12.979071784862288 153942900.43999156 7.4156504065040663 6.5000000000000009 2400087.6729361792 11.500000000000002 256264806.50000003 47444025.000000007
decision_type=2 2 2 2 2 2 2 2 2 2 2 2 2 2 2
left_child=1 4 11 7 9 -6 -5 -3 12 -1 -10 14 -4 -13 -2
right_child=2 3 8 6 5 -7 -8 -9 10 -11 -12 13 -14 -15 -16
leaf_value=-0.013576357616848193 0.033420486138583227 0.0076370677321066296 0.025157921416664838 -0.011854885966999521 0.034435323534556403 0.0093181516682779887 0.00065901172352193511 0.023231395179325369 0.022149923306784072 0.0031856154701560687 0.011401014869359179 0.028141638966248161 0.020364570943215327 0.021243789167077892 0.025342817439045099
leaf_weight=2085.3355444222689 8965.5003008544445 6861.3389527220279 10297.202710300684 5252.7676628995687 5123.8916304782033 52417.030234998092 12581.987366709858 1879.5713432691991 2825.8279510289431 1992.1386316344142 5965.0188818126917 16927.895979076624 17710.083010464907 927.00029866397381 415.35550548136234
leaf_count=18229 3109 30744 7912 37672 4561 204951 61816 4495 2935 11535 9446 9824 17168 799 251
internal_value=0.0147493 0.00777561 0.0243495 0.00159497 0.0104398 0.0115637 -0.00303182 0.0110278 0.0204163 -0.00539794 0.0148915 0.0296484 0.0221405 0.0278033 0.0331071
internal_weight=152228 88194.1 64033.9 26575.7 61618.4 57540.9 17834.8 8740.91 36798.1 4077.47 8790.85 27235.8 28007.3 17854.9 9380.86
internal_count=425447 374003 51444 134727 239276 209512 99488 35239 37461 29764 12381 13983 25080 10623 3360
is_linear=0
shrinkage=0.03


Tree=54
num_leaves=16
num_cat=0
split_feature=14 0 14 0 14 0 0 17 3 0 5 17 17 17 19
split_gain=2400.49 1430.96 1910.91 1420.98 2502.12 906.069 806.995 749.53 831.291 745.595 620.428 597.38 587.834 255.531 67.7541
threshold=8754962.7647058833 54701940.500000007 2805202.7083333335 138301579.50000003 32732494.916666668 22736621.500000004 533898685.50000006 1.0000000180025095e-35 8.4552139037433172 35844920.000000007 0.43212530712530722 1.0000000180025095e-35 0.18044012784957889 0.059137627482414253 327498122.50000006
decision_type=2 2 2 2 2 2 2 2 2 2 2 2 2 2 2
left_child=1 2 5 10 11 -1 -6 8 -3 -4 14 -5 -12 -9 -2
right_child=3 7 9 4 6 -7 -8 13 -10 -11 12 -13 -14 -15 -16
leaf_value=0.01871796391380787 -0.029486395812689775 -0.00072267861868729772 0.0039157920208742923 0.0091057444561437502 0.0023773730037430175 0.033868057480167135 0.011375882968900816 0.039823050155648347 0.027587815710667145 0.016750374224334535 0.00083009889348536884 0.021881113211796869 0.011838101898611878 0.028272110833175299 0.00045445305956233055
leaf_weight=27099.424429999664 523.3730225302279 1667.025915523991 11629.709157753736 3868.2174713183194 13447.945656502619 4117.9653636794537 27033.051217403263 2292.644128780812 2098.3586377128959 6273.0258391201496 11831.477483429015 23793.500101966783 6912.6575242429972 9134.110803918913 75.091896463185549
leaf_count=51043 6238 5391 38028 9504 63941 5036 101242 2394 2541 15303 43191 46559 21628 12767 641
internal_value=0.0143495 0.0187514 0.0162515 0.0111106 0.0131476 0.0207327 0.00838927 0.0268084 0.015093 0.0084249 0.00392819 0.0201016 0.00489756 0.0306415 -0.0257614
internal_weight=151798 64312.3 49120.1 87485.3 68142.7 31217.4 40481 15192.1 3765.38 17902.7 19342.6 27661.7 18744.1 11426.8 598.465
internal_count=425447 132503 109410 292944 221246 56079 165183 23093 7932 53331 71698 56063 64819 15161 6879
is_linear=0
shrinkage=0.03


Tree=55
num_leaves=16
num_cat=0
split_feature=15 14 0 14 27 14 28 18 27 0 27 30 30 0 0
split_gain=11120.6 1546.86 1713.72 3074.7 1475.64 821.674 379.775 380.76 331.168 270.91 244.773 199.277 176.806 48.1287 17.3965
threshold=0.042572463768115944 109756321.25000001 450596455.00000006 19995885.222222228 21536236.311239872 52597330.06060607 798762.40105633822 1724.5000000000002 263261004.24560961 1805725366.0000002 2768072.5497841598 22.500000000000004 9.5000000000000018 288611222.50000006 44124581.500000007
decision_type=2 2 2 2 2 2 2 2 2 2 2 2 2 2 2
left_child=1 2 3 -1 10 -4 9 -8 12 -3 14 -10 -6 -12 -2
right_child=4 6 5 -5 8 -7 7 -9 11 -11 13 -13 -14 -15 -16
leaf_value=0.0092504412753829767 0.032641588085775088 -0.0081926097658405715 0.022957837985505193 -0.0067796295325557188 0.023763421235701264 0.0088097257797020538 -0.019084015332754826 0.027283548345485929 0.017164859781378907 0.0094664698976080434 0.026752834753502156 0.0049930085621235284 0.018566953633992463 0.020144434606168278 0.024992628007931391
leaf_weight=54181.996491359547 9391.800430059433 1862.0143540352583 9053.2996280267835 13425.554632626474 9356.9004102647305 6297.0972338300198 2493.9776349551976 156.76703551970422 2778.5423447936773 1324.690360058099 19375.40507863462 2181.0706793367863 18027.975704863667 1339.6554804444313 587.88313546776772
leaf_count=181108 3419 17831 23640 83465 7659 30762 27763 1393 3712 8041 12078 4111 18902 1200 363
internal_value=0.0139163 0.00707305 0.00812374 0.00606594 0.0235511 0.0171702 -0.00783611 -0.0161925 0.0190583 -0.000832528 0.0282727 0.0118493 0.0203556 0.0263418 0.0322322
internal_weight=151835 88795.4 82957.9 67607.6 63039.2 15350.4 5837.45 2650.74 32344.5 3186.7 30694.7 4959.61 27384.9 20715.1 9979.68
internal_count=425447 374003 318975 264573 51444 54402 55028 29156 34384 25872 17060 7823 26561 13278 3782
is_linear=0
shrinkage=0.03


Tree=56
num_leaves=16
num_cat=0
split_feature=15 14 6 17 1 14 27 0 14 27 30 1 27 27 14
split_gain=10728.5 1523.96 1512.7 1693.28 1491.46 926.148 334.008 313.308 479.086 276.921 277.258 74.1516 72.9369 52.2747 36.1807
threshold=0.042572463768115944 599978.80000000016 0.60331143951833621 1.0000000180025095e-35 5292.5000000000009 109756321.25000001 4382441.8903508782 5680598.0000000009 252619.18750000003 89210089.395619452 4.5000000000000009 190397.00000000003 3416415.9389426662 18278240.220491849 968726.70000000007
decision_type=2 2 2 2 2 2 2 2 2 2 2 2 2 2 2
left_child=1 7 3 -3 6 -4 14 8 -1 11 -11 -6 -9 -8 -2
right_child=4 2 5 -5 9 -7 13 12 -10 10 -12 -13 -14 -15 -16
leaf_value=0.025648099568641888 0.033211090735791017 -0.011530960420694699 0.011649402629887229 0.0045239835715364454 0.020826792025727441 -0.0053086435112790313 0.026344110275009363 0.037943354599746584 0.008011872152813692 0.021525460764015448 0.011620270749022695 0.00051511054813291898 -0.01187071334746072 0.023085931039413261 0.029295732701287235
leaf_weight=3171.2890507988632 5838.9971211403608 6980.3803904745728 34055.542399488389 38159.357508348301 14875.05138669908 3156.9475001133978 12136.759061023593 925.60598680749536 2498.7044908292592 3618.9981695860624 8931.5352309942245 167.37889145314693 19.839532285928726 9860.7221620976925 7004.1723470985889
leaf_count=5835 1940 37522 104882 193755 13629 24159 7597 1126 6664 3561 13210 302 60 7797 3408
internal_value=0.0135393 0.00684703 0.00573128 0.00203759 0.0230712 0.0102084 0.0272053 0.0206876 0.0179229 0.0178384 0.0145011 0.0206035 0.0366977 0.0249017 0.0311148
internal_weight=151401 88967.7 82352.2 45139.7 62433.6 37212.5 34840.7 6615.44 5669.99 27593 12550.5 15042.4 945.446 21997.5 12843.2
internal_count=425447 374003 360318 231277 51444 129041 20742 13685 12499 30702 16771 13931 1186 15394 5348
is_linear=0
shrinkage=0.03


Tree=57
num_leaves=16
num_cat=0
split_feature=15 15 15 14 1 6 14 14 1 1 17 13 31 26 14
split_gain=10350.7 1490.73 4830.92 1527.96 1475.11 363.291 403.892 335.562 259.57 254.789 222.876 217.178 139.166 76.1176 46.0924
threshold=0.042572463768115944 -0.48979591836734687 -0.084699453551912551 1376570.0538461541 5292.5000000000009 0.71516754850088193 15848713.016666668 3764774.7000000007 23274.500000000004 99071.000000000015 0.23861358314752582 667.59577696803137 0.0057197382769901862 0.4455846557439514 1209782.0312500002
decision_type=2 2 2 2 2 2 2 2 2 2 2 2 2 2 2
left_child=1 5 8 -4 7 11 -7 14 -3 10 -6 -1 -11 -9 -2
right_child=4 2 3 -5 9 6 -8 13 -10 12 -12 -13 -14 -15 -16
leaf_value=-0.020064711421294717 0.032380918569647255 0.037452002755587105 0.015484485559525061 0.0037288464064985367 0.020590300853077996 0.013637325404699557 -0.0092381265719739588 0.026084802023146423 0.025007226884419299 0.01988395718721412 0.014009946389481623 -0.0011637642550843877 0.0075930039523168548 0.022122237536657902 0.028389219586722213
leaf_weight=2209.579281359911 6780.4974424988031 3802.9621667936444 11743.707096390426 64952.120410198346 16256.162369087338 1112.2823119200766 1794.7168766427785 10314.34402063489 2803.1059577688575 1115.3609173297882 6751.2589357793331 732.69404775835574 3328.4252088367939 9726.4618167132139 7557.6032396107912
leaf_count=20021 2416 2400 26541 295501 15424 4980 12541 6747 3979 1174 8377 8040 5727 7695 3884
internal_value=0.0131716 0.00662776 0.00765611 0.00553194 0.0226026 -0.00799433 -0.000450129 0.0267506 0.0322445 0.017395 0.0186711 -0.0153979 0.0107412 0.0241811 0.0303109
internal_weight=150981 89151.2 83301.9 76695.8 61830.1 5849.27 2907 34378.9 6606.07 27451.2 23007.4 2942.27 4443.79 20040.8 14338.1
internal_count=425447 374003 328421 322042 51444 45582 17521 20742 6379 30702 23801 28061 6901 14442 6300
is_linear=0
shrinkage=0.03


Tree=58
num_leaves=16
num_cat=0
split_feature=15 14 11 14 0 0 6 17 1 27 26 17 17 17 14
split_gain=9971.79 1473.43 1449.54 1237.65 2350.9 1749.15 511.332 499.384 326.637 278.313 181.01 151.439 110.828 88.2789 40.0011
threshold=0.042572463768115944 14192377.12294564 85.500000000000014 25844775.590909097 149173978.00000003 582283805.50000012 1.6846292947558774 0.039001181721687324 46183.000000000007 4382441.8903508782 0.90675164429193067 0.21113128215074542 0.2388630956411362 1.0000000180025095e-35 968726.70000000007
decision_type=2 2 2 2 2 2 2 2 2 2 2 2 2 2 2
left_child=2 9 6 4 -4 -5 7 -1 12 14 -8 -10 -3 -11 -2
right_child=1 8 3 5 -6 -7 10 -9 11 13 -12 -13 -14 -15 -16
leaf_value=-0.0005431084288117122 0.03250293840213142 0.020750811662652257 0.0034150046213203915 -0.011604211821453356 0.020518029916348813 0.0062608353075340436 0.017794092610263712 0.012455200565750514 0.015362612818687464 0.019582526921787306 0.032177138410569087 0.0069329441427820101 0.015805469826293439 0.02537019146116103 0.028430333012769562
leaf_weight=3246.747046886012 5641.8127911835909 15958.349065646529 36347.000089116395 9325.6542118582875 9020.2273296210915 10435.540264068171 5348.6285595670342 14568.919067874551 5645.4164332747459 3254.0922428071499 956.29778098315001 2986.2079829871655 5976.4828186184168 14880.704465180635 6890.2320721298456
leaf_count=11975 1952 14601 138585 68422 23269 64025 12499 53323 7308 2753 1905 4956 6827 9580 3467
internal_value=0.012821 0.0221433 0.00642205 0.00409296 0.00682187 -0.00217088 0.0127032 0.0100862 0.017462 0.0267974 0.0200516 0.0124668 0.0194165 0.0243504 0.0303028
internal_weight=150482 61233.3 89249 65128.4 45367.2 19761.2 24120.6 17815.7 30566.5 30666.8 6304.93 8631.62 21934.8 18134.8 12532
internal_count=425447 51444 374003 294301 161854 132447 79702 65298 33692 17752 14404 12264 21428 12333 5419
is_linear=0
shrinkage=0.03


Tree=59
num_leaves=15
num_cat=0
split_feature=15 14 5 14 0 0 5 28 1 27 30 1 18 14
split_gain=9613.9 1461.81 1422.25 1353.85 1838.79 1660.81 494.864 640.365 374.369 246.024 170.069 77.8008 54.3723 11.8875
threshold=0.042572463768115944 11995439.545700638 0.58174245053800777 2805202.7083333335 19120883.500000004 42929158.500000007 1.0000000180025095e-35 507361.0444681943 17041.000000000004 2400087.6729361792 4.5000000000000009 2023.5000000000002 55.500000000000007 1127719.0416666667
decision_type=2 2 2 2 2 2 2 2 2 2 2 2 2 2
left_child=2 9 6 4 -4 -5 -1 -8 12 13 -10 -11 -3 -2
right_child=1 8 3 5 -6 -7 7 -9 10 11 -12 -13 -14 -15
leaf_value=-0.031357472997423037 0.03230033111710439 0.024119040879918386 0.0095190626873900321 -0.0064352394977259782 0.032906280529514657 0.0070405607844219557 -0.013060539710796456 0.013445777677400845 0.019450906713999048 0.02645922981553836 0.012144116067935065 0.022288048368422173 0.019545803152506862 0.028475220258698489
leaf_weight=781.06050052307546 5737.3081216365099 3335.156005397439 15482.060156822205 9640.5291591510177 3755.4843787103891 55795.760493237525 2812.4270190950483 1140.8589957822114 3903.6226371079683 11721.57386764884 11718.1879029423 7661.9836504608393 13850.7491735816 2712.6319661736488
leaf_count=14563 2000 2591 39885 41718 6506 246568 17393 7370 3988 6886 16295 5680 12684 1320
internal_value=0.0124742 0.0216937 0.00621813 0.00711338 0.0141083 0.00505373 -0.00975897 -0.00538174 0.0173849 0.0267593 0.0139888 0.0248305 0.0204553 0.0311286
internal_weight=150049 60641.2 89408.2 84673.8 19237.5 65436.3 4734.35 3953.29 32807.7 27833.5 15621.8 19383.6 17185.9 8449.94
internal_count=425447 51444 374003 334677 46391 288286 39326 24763 35558 15886 20283 12566 15275 3320
is_linear=0
shrinkage=0.03


Tree=60
num_leaves=16
num_cat=0
split_feature=15 27 31 25 14 0 14 0 17 27 17 27 17 0 14
split_gain=9268.99 1452.83 1412.58 1207.06 1133.74 1196.21 799.988 713.22 542.821 355.426 241.551 194.242 118.051 34.3987 24.1361
threshold=0.042572463768115944 15731556.114345452 0.0057197382769901862 1.2579113924050636 11561022.175000003 50981318.500000007 185965.20454545456 203827392.50000003 0.21698994934558871 153942900.43999156 0.14803239703178409 2400087.6729361792 1.0000000180025095e-35 256264806.50000003 8754962.7647058833
decision_type=2 2 2 2 2 2 2 2 2 2 2 2 2 2 2
left_child=2 11 4 8 5 -1 -5 -6 -4 12 -11 14 -3 -13 -2
right_child=1 9 3 6 7 -7 -8 -9 -10 10 -12 13 -14 -15 -16
leaf_value=0.010161051364324694 0.030831929013408563 0.013398643416707922 0.00781468002603798 0.024400742479160645 -0.0046967419152696369 0.025729647439374947 -0.00049757773536463997 0.0086967994151635891 0.023516553628895917 0.016467437425480739 0.0063244919748351169 0.025215889337450434 0.019787246953025969 0.018175415560903265 0.0094698534235172164
leaf_weight=13576.450292753056 8250.7805267721415 3117.1480648368597 9940.6048497967422 1182.5821486487985 5021.2740114405751 6623.2708065677434 38412.159764073789 12349.293313872069 2474.4778014272451 4812.7243069261312 3832.2165081351995 15568.022792682052 23532.180411741138 874.51972042024136 68.338463768362999
leaf_count=38475 3287 3422 30632 2451 24818 13739 201231 55618 7039 5984 6397 9824 21658 799 73
internal_value=0.0121351 0.021253 0.00601947 0.00281549 0.0104512 0.0152826 0.000254266 0.00482272 0.0109713 0.0173275 0.0119934 0.0268332 0.0190491 0.0248602 0.0306774
internal_weight=149636 60055.9 89580.1 52009.8 37570.3 20199.7 39594.7 17370.6 12415.1 35294.3 8644.94 24761.7 26649.3 16442.5 8319.12
internal_count=425447 51444 374003 241353 132650 52214 203682 80436 37671 37461 12381 13983 25080 10623 3360
is_linear=0
shrinkage=0.03


Tree=61
num_leaves=16
num_cat=0
split_feature=15 27 15 15 31 27 9 0 11 12 27 30 25 0 0
split_gain=8929.76 1439.14 1404.04 4525.89 1337.1 345.124 338.375 317.339 269.926 266.232 197.125 180.46 106.129 33.9994 15.1417
threshold=0.042572463768115944 15731556.114345452 -0.48979591836734687 -0.084699453551912551 0.0057197382769901862 232859861.75222579 289.50000000000006 431653831.50000006 62.500000000000007 51.500000000000007 2400087.6729361792 12.500000000000002 2.5320512820512824 256264806.50000003 47444025.000000007
decision_type=2 2 2 2 2 2 2 2 2 2 2 2 2 2 2
left_child=2 10 6 7 -5 11 12 -4 -8 -7 14 -3 -1 -12 -2
right_child=1 5 3 4 -6 9 8 -9 -10 -11 13 -13 -14 -15 -16
leaf_value=-0.025592297310947573 0.030692430825628583 0.02121469273166909 0.0379939133201498 0.0092018861124730025 0.0012605517645612756 0.0043866063588810728 0.034343326283866542 0.024410916791585909 -0.0057075803755240982 0.01748259719915711 0.024787150000372935 0.01630545913416246 -0.0043805181517697555 0.017778164572588726 0.021766700772771486
leaf_weight=1079.4470949843526 7794.1933265179396 11432.475685447454 3015.1256788372993 34352.256148345768 42938.568616054952 3230.6890724301338 141.85265082120895 3534.4420441389084 4391.2692005671561 2476.5514231622219 15365.528444603086 17943.04587739706 276.49111914075911 867.67886303365231 369.83811876177788
leaf_count=13477 3109 9684 1663 122281 199761 5580 476 4716 28154 3234 9824 18963 3475 799 251
internal_value=0.0118066 0.0208197 0.00582924 0.00682425 0.0047916 0.0169115 -0.00831268 0.030741 -0.00433856 0.0101055 0.0264245 0.0182269 -0.0213841 0.0244311 0.0303324
internal_weight=149209 59480 89729.5 83840.4 77290.8 35082.8 5889.06 6549.57 4533.12 5707.24 24397.2 29375.5 1355.94 16233.2 8164.03
internal_count=425447 51444 374003 328421 322042 37461 45582 6379 28630 8814 13983 28647 16952 10623 3360
is_linear=0
shrinkage=0.03


Tree=62
num_leaves=16
num_cat=0
split_feature=15 14 14 0 14 15 1 28 16 5 27 30 1 15 14
split_gain=8593.24 1442.95 1356.46 1477.14 2680 761.856 388.247 358.436 363.824 253.44 232.424 175.48 71.4253 55.0299 14.0918
threshold=0.042572463768115944 10891812.375000002 109756321.25000001 450596455.00000006 16747758.208333334 -0.65833333333333321 17041.000000000004 798762.40105633822 2.5000000000000004 2.1523581429624175 2400087.6729361792 4.5000000000000009 2023.5000000000002 1.0151515151515154 1127719.0416666667
decision_type=2 2 2 2 2 2 2 2 2 2 2 2 2 2 2
left_child=2 10 3 4 -1 -5 13 9 -9 -4 14 -8 -12 -3 -2
right_child=1 6 7 5 -6 -7 11 8 -10 -11 12 -13 -14 -15 -16
leaf_value=0.0081155082734609037 0.031356800504982324 0.019988439333600221 -0.010562645220933028 -0.024566161361453974 -0.0056789206061707903 0.016058128460595105 0.018331486670569223 0.047569005533311434 -0.018191319162740541 0.006212489592108331 0.025365374588762916 0.010909314959665083 0.021120517260865657 0.014813226615453817 0.027347253402094134
leaf_weight=51520.605161154643 5410.5570871978998 15503.102794587612 1484.6389255225658 413.72593782842159 16795.77943228744 15180.504282021895 3888.5516309589148 63.714136060327291 2602.1492850333452 1748.0786169655621 10869.950811639428 11656.976280674338 6606.5979058891535 2414.9707527458668 2560.2688753008842
leaf_count=167811 2000 13633 12892 3474 96762 50928 4010 389 28767 12980 6589 16365 5026 2515 1306
internal_value=0.0114921 0.0203949 0.00564957 0.00662753 0.00472317 0.0149558 0.0162838 -0.00823902 -0.0163511 -0.00149553 0.025787 0.0127837 0.0237819 0.0193056 0.0301265
internal_weight=148720 58911 89809.2 83910.6 68316.4 15594.2 33463.6 5898.58 2665.86 3232.72 25447.4 15545.5 17476.5 17918.1 7970.83
internal_count=425447 51444 374003 318975 264573 54402 36523 55028 29156 25872 14921 20375 11615 16148 3306
is_linear=0
shrinkage=0.03


Tree=63
num_leaves=16
num_cat=0
split_feature=15 14 11 14 0 31 2 0 0 14 0 30 15 24 0
split_gain=8274.21 1429.58 1337.76 1169.68 1439.19 1089.05 557.711 425.068 388.326 293.924 247.751 281.415 130.337 82.0436 39.7289
threshold=0.042572463768115944 14192377.12294564 101.50000000000001 1376570.0538461541 19835346.500000004 0.0057197382769901862 2.6693989071038255 11507080.500000002 912230437.50000012 2805202.7083333335 823288141.00000012 6.5000000000000009 1.2361111111111114 0.66221891118997556 4730167.5000000009
decision_type=2 2 2 2 2 2 2 2 2 2 2 2 2 2 2
left_child=2 9 3 7 -5 8 -7 -1 -4 14 12 -12 -3 -11 -2
right_child=1 10 5 4 -6 6 -8 -9 -10 13 11 -13 -14 -15 -16
leaf_value=0.014720547822868581 0.031843496709426163 0.018488256907321438 0.0057889431568507142 -0.0096131840617112059 0.0076952990146180126 -0.018811553139321188 -0.0024326348314325269 0.031812267062121535 0.023356396887543283 0.019222846190961811 0.019539723926077671 0.0088215092800416599 0.01095812230038681 0.023818853827089367 0.027233457843416516
leaf_weight=7683.3264563567936 3397.347370699048 16101.114406362176 7704.0169897470623 4728.8643564265221 48871.06501744315 2107.4429490212351 15927.040516931564 1591.6989306807518 1319.1022037416697 5808.4923334717751 3057.7374052107334 8101.6286135911942 2490.1001751869917 11910.968604445457 7478.9564515948296
leaf_count=16832 1184 15446 29854 18744 201661 16946 82324 2039 5603 4771 3077 12173 2996 7956 3841
internal_value=0.0111821 0.0199792 0.005472 0.00787177 0.00616543 -0.000104639 -0.00436232 0.0177035 0.00839497 0.0247754 0.0153581 0.0117833 0.0174909 0.0223315 0.0287181
internal_weight=148279 58346.3 89932.6 62875 53599.9 27057.6 18034.5 9275.03 9023.12 28595.8 29750.6 11159.4 18591.2 17719.5 10876.3
internal_count=425447 51444 374003 239276 220405 134727 99270 18871 35457 17752 33692 15250 18442 12727 5025
is_linear=0
shrinkage=0.03


Tree=64
num_leaves=16
num_cat=0
split_feature=15 14 15 15 14 1 0 9 11 1 17 10 17 18 14
split_gain=7966.97 1415.39 1307.17 4252.37 1336.87 373.255 326.045 321.988 248.73 228.82 181.278 103.887 63.1811 58.5811 48.9054
threshold=0.042572463768115944 10891812.375000002 -0.48979591836734687 -0.084699453551912551 252619.18750000003 17041.000000000004 431653831.50000006 289.50000000000006 62.500000000000007 543.50000000000011 0.25696064531803137 2.5320512820512828 1.0000000180025095e-35 55.500000000000007 819886.83516483533
decision_type=2 2 2 2 2 2 2 2 2 2 2 2 2 2 2
left_child=2 9 7 6 -5 13 -4 11 -9 14 -7 -1 -11 -3 -2
right_child=1 5 3 4 -6 10 -8 8 -10 12 -12 -13 -14 -15 -16
leaf_value=-0.025425905737434831 0.031129464187311717 0.022215806636383 0.036928546146773378 0.023396421369442699 0.0034889662799928891 0.013437797192341323 0.023140703223611531 0.032184698735898229 -0.0058277743049209704 0.017816230017365306 0.0043224005885730684 -0.0043993994377607721 0.023330832634889182 0.017581000526740918 0.026464947430831214
leaf_weight=1062.887093719095 4086.1209987699986 3382.8154460191727 2979.5409368127584 3151.3275481909513 74542.639430673793 13095.682748496532 3521.6276573836803 145.58213952928782 4400.5609528012574 2700.082262352109 2342.8805553764105 276.44144441001117 10478.395462036133 14257.884683847427 7445.9268299490213
leaf_count=13477 1516 2706 1663 5504 316538 16532 4716 476 28154 2315 3843 3475 7000 13442 4090
internal_value=0.0108783 0.0195712 0.00529894 0.00625488 0.00430117 0.0154975 0.0295349 -0.00835239 -0.00450207 0.0250106 0.012062 -0.0212049 0.0222248 0.0184896 0.0281586
internal_weight=147870 57789.8 90080.6 84195.1 77694 33079.3 6501.17 5885.47 4546.14 24710.5 15438.6 1339.33 13178.5 17640.7 11532
internal_count=425447 51444 374003 328421 322042 36523 6379 45582 28630 14921 20375 16952 9315 16148 5606
is_linear=0
shrinkage=0.03


Tree=65
num_leaves=16
num_cat=0
split_feature=15 14 14 0 14 15 1 28 18 27 0 17 17 18 14
split_gain=7659.45 1398.74 1263.46 1355.31 2173.41 466.331 361.68 340.817 357.552 241.677 239.755 174.794 75.5327 56.4992 15.8836
threshold=0.042572463768115944 10891812.375000002 109756321.25000001 888774530.00000012 37351845.77310925 -0.65833333333333321 17041.000000000004 798762.40105633822 1724.5000000000002 2400087.6729361792 1805725366.0000002 0.21113128215074542 1.0000000180025095e-35 55.500000000000007 1127719.0416666667
decision_type=2 2 2 2 2 2 2 2 2 2 2 2 2 2 2
left_child=2 9 3 4 -1 -5 13 10 -9 14 -4 -8 -11 -3 -2
right_child=1 6 7 5 -6 -7 11 8 -10 12 -12 -13 -14 -15 -16
leaf_value=0.0067084322160438931 0.030466080899077885 0.02175668279483679 -0.0086359562608727489 -0.021576405708061838 -0.0088366183795821427 0.018970498918529335 0.01435243774114436 -0.019079568374024473 0.025222761340609634 0.018185936907724749 0.0077961570577455147 0.0077748675408213187 0.023589643998511767 0.017185629900843293 0.026300088388590149
leaf_weight=66879.45109371841 5098.1439854949713 3351.3729640394449 1886.3916299566627 251.12678598798811 9194.3739399015903 7915.2812194861472 9243.1904579848051 2485.8465610966086 162.18774892576039 3255.9189640134573 1362.8799942098558 6148.3042936772108 13555.283328995109 14150.316276177764 2439.9454647004604
leaf_count=232948 2000 2706 17831 2163 60498 23366 11153 27763 1393 2740 8041 9222 8875 13442 1306
internal_value=0.0105891 0.0191701 0.0051371 0.00607733 0.00482787 0.0176827 0.0151199 -0.00826988 -0.0162281 0.0246277 -0.0017303 0.011737 0.022562 0.0180805 0.0291765
internal_weight=147380 57242.5 90137.5 84240.2 76073.8 8166.41 32893.2 5897.31 2648.03 24349.3 3249.27 15391.5 16811.2 17501.7 7538.09
internal_count=425447 51444 374003 318975 293446 25529 36523 55028 29156 14921 25872 20375 11615 16148 3306
is_linear=0
shrinkage=0.03


Tree=66
num_leaves=16
num_cat=0
split_feature=15 27 11 14 0 31 2 0 1 0 17 1 17 14 28
split_gain=7367.84 1389.19 1236.61 1061.7 1351.07 1015.15 526.875 409.258 355.12 349.046 216.748 204.277 178.216 49.0523 34.8282
threshold=0.042572463768115944 15115124.050099937 101.50000000000001 1376570.0538461541 19835346.500000004 0.0057197382769901862 2.6693989071038255 10981796.000000002 14463.500000000002 912230437.50000012 0.21113128215074542 563.50000000000011 1.0000000180025095e-35 819886.83516483533 9403.4559179440457
decision_type=2 2 2 2 2 2 2 2 2 2 2 2 2 2 2
left_child=2 11 3 7 -5 9 -7 -1 12 -4 -10 13 -3 -2 -13
right_child=1 8 5 4 -6 6 -8 -9 10 -11 -12 14 -14 -15 -16
leaf_value=0.01360094314683557 0.030574119982594902 0.010510506293321393 0.0053188524124238709 -0.0096373928988009918 0.0071306825399378758 -0.018615387057970691 -0.0026339945876547037 0.02994515552321159 0.014554827051225922 0.021876525051840574 0.0074990390667727599 0.024457189500936657 0.019192936922859029 0.025844708676370703 0.020366715903745017
leaf_weight=7614.5396375507116 3955.4352801442146 2564.4633655399084 7737.9826671052724 4727.8523878697306 49100.175918381661 2088.9385492717847 15942.642671722919 1696.7179221957922 10203.688732266426 1336.4849108532071 6489.8169731795788 3409.038045540452 15223.076229184866 7164.5072660148144 7692.7267571091652
leaf_count=16652 1527 2952 29854 18744 201661 16946 82324 2219 11992 5603 9699 2133 13198 4034 5909
internal_value=0.0103031 0.0187766 0.00497646 0.00727698 0.00565507 -0.000382183 -0.00450102 0.0166258 0.0149923 0.00779284 0.0118228 0.0246331 0.0179528 0.0275686 0.0216568
internal_weight=146948 56702.8 90245.3 63139.3 53828 27106 18031.6 9311.26 34481 9074.47 16693.5 22221.7 17787.5 11119.9 11101.8
internal_count=425447 51444 374003 239276 220405 134727 99270 18871 37841 35457 21691 13603 16150 5561 8042
is_linear=0
shrinkage=0.03


Tree=67
num_leaves=15
num_cat=0
split_feature=15 14 5 15 15 1 9 27 17 5 27 15 1 14
split_gain=7086.31 1371.64 1275.26 1257.22 3813.08 397.47 300.953 185.789 174.616 146.365 217.878 62.369 57.1325 16.5977
threshold=0.042572463768115944 8235732.416666667 0.23222109875294913 -0.48979591836734687 -0.08848733233979135 14463.500000000002 289.50000000000006 2400087.6729361792 0.21113128215074542 1.0000000180025095e-35 41147176.207567409 1.8730158730158732 1646.5000000000002 1127719.0416666667
decision_type=2 2 2 2 2 2 2 2 2 2 2 2 2 2
left_child=2 7 9 6 -5 11 -4 13 -7 -1 -11 -3 -9 -2
right_child=1 5 3 4 -6 8 -8 12 -10 10 -12 -13 -14 -15
leaf_value=-0.031331962501405131 0.029891209161780587 0.018503046106367865 -0.021173898302549055 0.028423699224853469 0.0043714119154717171 0.013955871737972301 -0.0045777593084745669 0.02405520882410208 0.007668890615424832 -0.026730853691095374 0.0046350553119239345 0.013104714789771172 0.019650628896342125 0.02561623903259853
leaf_weight=767.55086186248809 4896.9275026619434 16555.694490835071 1247.5165960676968 6416.7446284592152 76616.154814902693 10116.849595218897 4546.4448918439448 8150.4761681258678 6712.9222244024277 420.71554998494685 357.75749424099922 2424.256537258625 5001.4028614908457 2314.2686285078526
leaf_count=14563 2000 14654 15091 6314 303219 12040 28499 5091 9920 3486 2831 2565 3896 1278
internal_value=0.0100231 0.0183895 0.00482021 0.00529206 0.00623532 0.0148405 -0.00820174 0.0246136 0.011459 -0.0220613 -0.0124633 0.017826 0.0224068 0.0285794
internal_weight=146546 56172.8 90372.9 88826.9 83032.9 35809.7 5793.96 20363.1 16829.8 1546.02 778.473 18980 13151.9 7211.2
internal_count=425447 51444 374003 353123 309533 39179 43590 12265 21960 20880 6317 17219 8987 3278
is_linear=0
shrinkage=0.03


Tree=68
num_leaves=15
num_cat=0
split_feature=15 27 5 14 27 17 5 28 1 12 1 17 14 28
split_gain=6807.6 1357.12 1231.1 1153.82 1223.66 811.649 656.352 521.023 332.496 213.369 204.982 173.599 51.6165 35.0668
threshold=0.042572463768115944 15115124.050099937 1.0437979539641946 48089392.352272734 57959076.018753327 0.19823817908763888 1.0000000180025095e-35 507361.0444681943 14463.500000000002 51.500000000000007 563.50000000000011 1.0000000180025095e-35 819886.83516483533 9403.4559179440457
decision_type=2 2 2 2 2 2 2 2 2 2 2 2 2 2
left_child=2 10 6 4 -4 -5 -1 -8 11 -10 12 -3 -2 -12
right_child=1 8 3 5 -6 -7 7 -9 9 -11 13 -13 -14 -15
leaf_value=-0.031254902113393587 0.030018703070811933 0.0097793485491888005 0.0061686854386265371 -0.0068838074595267435 0.018555882063303556 0.00793757077861665 -0.0060269972116649079 0.0092742824041108715 0.008571347639343415 0.015665790535227073 0.023727022734909214 0.018399603984819327 0.025127817050773871 0.019600652079612146
leaf_weight=746.71156928129494 3795.2999396026134 2530.7652738392353 55790.960720002651 9328.7435685489327 8233.2841600999236 5147.0027187019587 8577.6028622724116 2596.1354580968618 10474.265534088016 6107.6980089843273 3319.1558110564947 14958.286345526576 6946.3087335079908 7518.9036841392517
leaf_count=14563 1527 2952 180646 65649 25659 27957 43242 16287 14503 7188 2133 13198 4034 5909
internal_value=0.00975536 0.0180096 0.00467271 0.0060369 0.00776608 -0.00160908 -0.00430469 -0.00246151 0.0142672 0.0111981 0.0239027 0.0171634 0.0268981 0.0208982
internal_weight=146071 55650.7 90420.4 78500 64024.2 14475.7 11920.4 11173.7 34071 16582 21579.7 17489.1 10741.6 10838.1
internal_count=425447 51444 374003 299911 206305 93606 74092 59529 37841 21691 13603 16150 5561 8042
is_linear=0
shrinkage=0.03


Tree=69
num_leaves=16
num_cat=0
split_feature=15 14 14 17 17 3 1 3 14 1 23 17 17 14 0
split_gain=6542.09 1345.01 1195.31 1413.77 3083 1204.67 318.617 301.835 239.933 171.701 154.396 77.6826 73.2472 60.4229 42.3324
threshold=0.042572463768115944 10891812.375000002 252619.18750000003 1.0000000180025095e-35 0.059137627482414253 5.731868824889637 17041.000000000004 4.4921855921855931 2703284.9785714294 204943.50000000003 0.26514591237728341 1.0000000180025095e-35 0.27732679247856146 115318417.62500001 4730167.5000000009
decision_type=2 2 2 2 2 2 2 2 2 2 2 2 2 2 2
left_child=2 8 7 5 -5 -4 13 10 14 -8 -1 -10 -9 -3 -2
right_child=1 6 3 4 -6 -7 9 12 11 -11 -12 -13 -14 -15 -16
leaf_value=-0.029015090365653869 0.030222171928707246 0.016846458388975128 -0.014457989139755661 0.022956303977255187 0.0033687713870514929 0.0027056443462133493 0.011624028619035146 0.027701573345007689 0.015534984763696282 0.0015638190539417781 0.011026065287600348 0.021661503235049666 -0.023107082753643614 0.0069201802080643216 0.025275960187973099
leaf_weight=81.556692063808441 3003.0394217595458 16339.282918050885 6333.6438127886504 8142.7324677053839 63875.179967666976 8742.4472886975855 13465.56288677454 2488.5882257223129 2528.3780622333288 1735.5259360671043 850.93475216254592 10928.244428187609 14.542749695479868 611.453708589077 6529.3290670216084
leaf_count=354 1184 15298 34481 23570 281533 28418 17197 3412 2326 3178 2169 7731 66 850 3680
internal_value=0.00949006 0.0176351 0.00452656 0.00383931 0.00558818 -0.00451022 0.0136592 0.0218473 0.0231818 0.0104801 0.00708846 0.0205312 0.0272586 0.0164966 0.0268824
internal_weight=145670 55140.8 90529.6 87094 72017.9 15076.1 32151.8 3435.62 22989 15201.1 932.491 13456.6 2503.13 16950.7 9532.37
internal_count=425447 51444 374003 368002 305103 62899 36523 6001 14921 20375 2523 10057 3478 16148 4864
is_linear=0
shrinkage=0.03


Tree=70
num_leaves=16
num_cat=0
split_feature=15 1 11 15 15 17 6 0 1 1 17 15 30 28 0
split_gain=6286.73 1309.28 1167.65 1030.95 2668.87 475.072 430.912 314.743 237.312 226.376 245.168 140.78 136.653 133.219 38.0611
threshold=0.042572463768115944 5292.5000000000009 85.500000000000014 -0.46410256410256406 -0.05798319327731092 0.1211511790752411 0.64747307373653695 17794490.500000004 14463.500000000002 204943.50000000003 0.23861358314752582 -0.60555555555555551 18.500000000000004 74737.994286948451 4730167.5000000009
decision_type=2 2 2 2 2 2 2 2 2 2 2 2 2 2 2
left_child=2 7 5 11 -5 6 -1 14 -7 10 -3 -4 -11 -9 -2
right_child=1 9 3 4 -6 8 -8 13 -10 12 -12 -13 -14 -15 -16
leaf_value=-0.00015130316317136009 0.029959776657340054 0.015005954557218461 -0.024232727829324747 0.026617299905722459 0.0016172772856140418 0.011391294046399972 0.010798695762176409 0.021831739903745272 0.020697623908188221 0.014252469396779714 0.0082292567943373258 -0.0095471156208040888 -0.0036567741713441643 0.016907984914491525 0.02490430141829875
leaf_weight=5675.6971934512258 2934.9932650402188 17044.563070341945 713.60921787284315 4102.0600467994809 57882.917349589989 7635.8600857015699 7487.2355749029666 12081.611152172089 3725.5636664889753 540.52158644795418 6815.6412511616945 3420.4812594195828 1220.9853316098452 9212.9632092416286 4782.1845697760582
leaf_count=23516 1182 18227 6849 4409 254366 23805 20668 8505 11713 670 9282 28677 2523 8305 2750
internal_value=0.0092316 0.017269 0.00438486 0.0023095 0.00327826 0.00997407 0.00608011 0.0216372 0.0144689 0.0123118 0.0130778 -0.0121678 0.00189576 0.0197163 0.0268853
internal_weight=145277 54633.5 90643.4 66119.1 61985 24524.4 13162.9 29011.8 11361.4 25621.7 23860.2 4134.09 1761.51 21294.6 7717.18
internal_count=425447 51444 374003 294301 258775 79702 44184 20742 35518 30702 27509 35526 3193 16810 3932
is_linear=0
shrinkage=0.03


Tree=71
num_leaves=15
num_cat=0
split_feature=15 14 5 14 13 27 5 28 1 27 12 15 17 14
split_gain=6034.59 1316.46 1158.13 1192.35 1303.34 844.35 430.895 564.715 353.873 190.904 190.148 61.8758 59.6704 18.791
threshold=0.042572463768115944 8235732.416666667 0.58174245053800777 7918531.8708333345 86.626011356288672 10302128.82438479 1.0000000180025095e-35 507361.0444681943 14463.500000000002 2400087.6729361792 51.500000000000007 1.8730158730158732 1.0000000180025095e-35 1127719.0416666667
decision_type=2 2 2 2 2 2 2 2 2 2 2 2 2 2
left_child=2 9 6 5 -5 -4 -1 -8 11 13 -10 -3 -11 -2
right_child=1 8 3 4 -6 -7 7 -9 10 12 -12 -13 -14 -15
leaf_value=-0.03118851895832327 0.02880011782901943 0.016991472853343601 0.0070447010443900303 -0.0079903107023125437 0.00438370093540787 0.018988993987021086 -0.013503546332480741 0.011151354232280921 0.0077301147860568444 0.016564086150485918 0.01440450282971896 0.011567082341132611 0.022057331998376509 0.024305802673587534
leaf_weight=728.40041651204228 4520.248377352953 16003.30240149796 29358.750245153904 9421.4660525098443 40688.663768928498 6510.491396009922 2822.5190705321729 1171.1067204959691 10405.767947390676 2549.6189530193806 6193.5644510835409 2350.7474586069584 9943.9487310796976 2170.7843475192785
leaf_count=14563 2000 14654 81587 41180 193868 18042 17393 7370 14548 2217 7412 2565 6770 1278
internal_value=0.00898319 0.0169081 0.0042506 0.00504573 0.00205491 0.00922053 -0.0101911 -0.00625149 0.0134297 0.0232287 0.010233 0.0163084 0.0209599 0.0274041
internal_weight=144839 54138 90701.4 85979.4 50110.1 35869.2 4722.03 3993.63 34953.4 19184.6 16599.3 18354 12493.6 6691.03
internal_count=425447 51444 374003 334677 235048 99629 39326 24763 39179 12265 21960 17219 8987 3278
is_linear=0
shrinkage=0.03


Tree=72
num_leaves=16
num_cat=0
split_feature=15 27 15 15 30 0 27 9 16 12 1 30 12 27 28
split_gain=5794.12 1293.48 1105.5 3596.82 1095.24 354.009 312.26 289.499 235.748 222.71 208.277 167.325 103.718 53.1433 36.8298
threshold=0.042572463768115944 15115124.050099937 -0.48979591836734687 -0.084699453551912551 1.0000000180025095e-35 431653831.50000006 263261004.24560961 289.50000000000006 7.5000000000000009 52.500000000000007 563.50000000000011 11.500000000000002 47.500000000000007 2521604.5716711264 9403.4559179440457
decision_type=2 2 2 2 2 2 2 2 2 2 2 2 2 2 2
left_child=2 10 7 5 -5 -4 11 12 -9 -8 13 -3 -1 -2 -12
right_child=1 6 3 4 -6 -7 9 8 -10 -11 14 -13 -14 -15 -16
leaf_value=-0.010831946424691491 0.027768725283913311 0.017159683846255509 0.034474778959213928 0.0071992992442504299 6.8616486088008761e-05 0.020029052457386683 0.00067507555972903192 -0.0018938294000312868 -0.020597733268309493 0.013913337921279545 0.022363433683645947 0.012321649620099382 -0.02834071963047461 0.022889960381624545 0.018100501884141817
leaf_weight=576.84901650901884 5577.1475372463465 10362.300851926208 2887.2917719334364 34803.496094150469 43758.484909772873 3478.8819311186671 2966.6603363156319 3866.1145698353648 706.39841932430863 1853.2269903123379 3152.4776018410921 18095.082998365164 728.5194943966344 4465.9145926684141 7181.0321193113923
leaf_count=6680 2662 9571 1663 121621 200421 4716 5340 23701 4929 2483 2133 20447 10272 2899 5909
internal_value=0.00873779 0.0165529 0.00411783 0.00498919 0.00322871 0.0266511 0.0128953 -0.00844784 -0.0048478 0.00579871 0.0225109 0.0140925 -0.0208372 0.0256396 0.0194344
internal_weight=144460 53653.8 90806 84928.2 78562 6366.17 33277.3 5877.88 4572.51 4819.89 20376.6 28457.4 1305.37 10043.1 10333.5
internal_count=425447 51444 374003 328421 322042 6379 37841 45582 28630 7823 13603 30018 16952 5561 8042
is_linear=0
shrinkage=0.03


Tree=73
num_leaves=16
num_cat=0
split_feature=15 14 14 5 6 0 1 0 14 27 12 20 31 1 0
split_gain=5555.93 1282.49 1138.37 1100.42 892.839 641.106 338.823 293.123 385.141 191.472 177.523 70.893 69.6364 57.7866 21.0423
threshold=0.042572463768115944 8235732.416666667 599978.80000000016 1.0437979539641946 1.6846292947558774 140995146.50000003 14463.500000000002 5204232.5000000009 252619.18750000003 2400087.6729361792 51.500000000000007 1310.0000000000002 0.039119804931265607 1646.5000000000002 2982855.5000000005
decision_type=2 2 2 2 2 2 2 2 2 2 2 2 2 2 2
left_child=2 9 7 5 -5 -4 12 8 -1 14 -8 -9 -3 -11 -2
right_child=1 6 3 4 -6 -7 10 11 -10 13 -12 -13 -14 -15 -16
leaf_value=0.019888386985974321 0.03024755090603112 0.018258270563180155 -0.012365617865106916 0.0029391802085437101 0.01205679315335949 0.0022150122393033256 0.007215936269235038 0.041180034502782237 0.0040610677041320884 0.021979264015515525 0.013687833142298029 0.023451053815746772 0.014202595958501249 0.017445307071416012 0.025368833263245613
leaf_weight=3211.3760840222239 1821.7079787701368 6227.8894831985235 6031.2301388084888 61703.015812320635 11455.447487648576 4912.1377412369475 10341.127314478159 379.41644706763327 2448.9691459257156 7514.39740011096 6142.4712884575129 682.19158574193716 11839.716529294848 4671.0585894584656 4619.2083830088377
leaf_count=5811 715 5338 37241 258846 30169 34062 14548 434 6475 5091 7412 965 11881 3896 2563
internal_value=0.00850407 0.016204 0.00399346 0.00304191 0.00436944 -0.00582402 0.0127713 0.0158611 0.0130748 0.0225547 0.0096397 0.0303007 0.0156162 0.0202673 0.0268204
internal_weight=144001 53177.6 90823.8 84101.8 73158.5 10943.4 34551.2 6721.95 5660.35 18626.4 16483.6 1061.61 18067.6 12185.5 6440.92
internal_count=425447 51444 374003 360318 289015 71303 39179 13685 12286 12265 21960 1399 17219 8987 3278
is_linear=0
shrinkage=0.03


Tree=74
num_leaves=16
num_cat=0
split_feature=15 14 14 0 14 14 27 28 16 5 17 27 1 17 0
split_gain=5329.33 1260.72 1120.92 1194.56 2685.71 1308.98 329.576 317.478 337.972 229.609 207.4 192.043 130.757 61.1556 21.6482
threshold=0.042572463768115944 8235732.416666667 109756321.25000001 312284260.00000006 9672427.0486111138 37351845.77310925 153942900.43999156 798762.40105633822 2.5000000000000004 2.1523581429624175 0.14803239703178409 2400087.6729361792 113848.00000000001 1.0000000180025095e-35 2982855.5000000005
decision_type=2 2 2 2 2 2 2 2 2 2 2 2 2 2 2
left_child=2 11 3 4 -1 -5 12 9 -9 -4 -8 14 -3 -13 -2
right_child=1 6 7 5 -6 -7 10 8 -10 -11 -12 13 -14 -15 -16
leaf_value=0.0072343056677182114 0.030013680579932728 0.014548323893177185 -0.011049433646871777 0.019367559954654525 -0.0056568785101351795 0.0043323666975605577 0.011501643077114794 0.044021991454934579 -0.018195503334358227 0.0047712775567194578 0.0019546206212820495 0.015426395874545707 0.0034890088405510025 0.021043970208319787 0.025060523582190661
leaf_weight=41339.1192557998 1781.5511094257236 25042.598647475243 1501.9493199829012 9272.3981844689697 22420.644017037936 11915.971984744072 4567.8434628099203 66.851271290332079 2591.1895336788148 1795.5114484466612 3731.2050910443068 2465.3066632896662 1019.5411678552628 9566.1825078949332 4537.1873910501599
leaf_count=126349 715 25245 12892 22247 115028 55351 5970 389 28767 12980 6396 2217 1568 6770 2563
internal_value=0.00827281 0.0158609 0.00387055 0.00475319 0.00270048 0.0109225 0.0124586 -0.00869452 -0.0163812 -0.00244319 0.00722423 0.0222148 0.0141191 0.019916 0.0265296
internal_weight=143615 52711.4 90903.6 84948.1 63759.8 21188.4 34361.2 5955.5 2658.04 3297.46 8299.05 18350.2 26062.1 12031.5 6318.74
internal_count=425447 51444 374003 318975 241377 77598 39179 55028 29156 25872 12366 12265 26813 8987 3278
is_linear=0
shrinkage=0.03


Tree=75
num_leaves=16
num_cat=0
split_feature=14 0 14 0 14 0 14 0 14 14 0 0 4 24 31
split_gain=1679.85 1447.86 2674.27 1391.25 1574.79 792.778 402.123 374.568 966.354 316.922 350.749 315.333 301.6 265.252 120.479
threshold=4926939.7250000006 97088341.500000015 16747758.208333334 24934866.500000004 1467213.6111111112 318679772.00000006 185965.20454545456 39775498.000000007 7918531.8708333345 3225469.464285715 36826609.500000007 19835346.500000004 4.4870107962213233 0.43907527459923235 0.0057197382769901862
decision_type=2 2 2 2 2 2 2 2 2 2 2 2 2 2 2
left_child=3 7 13 4 6 -4 -1 12 -9 14 -11 -6 -2 -3 -5
right_child=1 2 5 9 11 -7 -8 8 -10 10 -12 -13 -14 -15 -16
leaf_value=0.023978410156587176 -0.010908861493124009 0.012288264847322998 -0.0004800530279006529 0.032181885726607844 -0.0016544475394848503 0.0070942914942139987 0.012843527543455156 0.01178397624185896 -0.0033469461524300828 0.0061326746635762836 0.021421460679034041 0.0099151896936691478 0.0052247540994766091 0.020510503625025454 0.022797956107419599
leaf_weight=3711.4830303527415 4504.041324717924 5062.1528507899493 17500.28637685813 2396.0141408070922 9041.6380906682462 42890.651566293091 14237.660490784794 5618.493214527145 11647.113178883679 1905.745562940836 4807.2480367999524 2752.63230557926 1342.8860190920532 12603.890795890242 3172.6137519758195
leaf_count=4895 18734 11168 72926 3030 28622 149134 27586 13354 45667 5316 8112 7065 4533 20665 4640
internal_value=0.00804942 0.00595314 0.00790573 0.0130913 0.00957368 0.0048993 0.0151657 -0.000640816 0.00158111 0.0215857 0.0171089 0.00105238 -0.00719439 0.0181686 0.0269166
internal_weight=143195 101170 78057 42025 29743.4 60390.9 17949.1 23112.5 17265.6 12281.6 6712.99 11794.3 5846.93 17666 5568.63
internal_count=425447 336181 253893 89266 68168 222060 32481 82288 59021 21098 13428 35687 23267 31833 7670
is_linear=0
shrinkage=0.03


Tree=76
num_leaves=16
num_cat=0
split_feature=15 14 5 15 15 1 6 1 30 0 14 18 6 0 3
split_gain=5152.81 1223.28 1068.16 1081.21 3222.72 322.208 270.761 197.02 175.252 166.884 560.748 78.2291 75.8061 65.0667 30.2625
threshold=0.042572463768115944 8578206.7613636386 0.23222109875294913 -0.48979591836734687 -0.08848733233979135 17498.500000000004 0.71516754850088193 863.50000000000011 4.5000000000000009 152100878.50000003 16430286.142857144 55.500000000000007 0.4836021505376345 4730167.5000000009 102.69662921348316
decision_type=2 2 2 2 2 2 2 2 2 2 2 2 2 2 2
left_child=2 7 9 6 -5 11 -4 13 -7 14 -11 -3 -9 -2 -1
right_child=1 5 3 4 -6 8 -8 12 -10 10 -12 -13 -14 -15 -16
leaf_value=-0.030602681135805564 0.028617792509909055 0.018661449166760127 -0.015199914459721979 0.025494927719361762 0.0031257382002586225 0.01429528983814223 -0.0022477327786406421 0.014412355568877898 0.0067358356958556222 0.054172698930551676 -0.021518180339415757 0.013582824701307785 0.020712746724573218 0.022742443347942332 0.011583207008706228
leaf_weight=861.51746175996959 2602.8701965883374 3547.8368090987206 2822.3731848150492 6251.102006867528 77552.600217502564 3695.1236191391945 3001.7797009944916 3588.1731457337737 11212.761418253183 90.576918266713619 521.34736479166895 15197.552529737353 3845.7299515530467 8319.9025522395968 7.3335191681981078
leaf_count=12364 1175 3029 26104 6314 303219 4029 17486 3329 16332 269 8244 15424 2753 5373 3
internal_value=0.00781282 0.0153458 0.00351044 0.00392972 0.00479893 0.0119362 -0.0085524 0.02158 0.00862405 -0.0216322 -0.00923849 0.0145598 0.0177109 0.0241826 -0.0300221
internal_weight=143119 52010 91108.6 89627.9 83803.7 33653.3 5824.15 18356.7 14907.9 1480.78 611.924 18745.4 7433.9 10922.8 868.851
internal_count=425447 51444 374003 353123 309533 38814 43590 12630 20361 20880 8513 18453 6082 6548 12367
is_linear=0
shrinkage=0.03


Tree=77
num_leaves=16
num_cat=0
split_feature=15 14 14 0 14 0 14 15 17 1 14 31 17 17 0
split_gain=4933.57 1200.55 1047.79 1750.41 2422.54 758.299 649 616.53 296.931 284.706 245.635 149.257 145.064 83.6135 46.2301
threshold=0.042572463768115944 10891812.375000002 70563326.333333358 331378158.50000006 14470667.66134752 1987888033.5000002 163274960.21428576 -0.65833333333333321 0.17288759350776675 65232.500000000007 2703284.9785714294 0.0057197382769901862 0.23861358314752582 1.0000000180025095e-35 4730167.5000000009
decision_type=2 2 2 2 2 2 2 2 2 2 2 2 2 2 2
left_child=2 10 3 4 -1 8 -7 -5 -4 12 14 -11 -3 -12 -2
right_child=1 9 5 7 -6 6 -8 -9 -10 11 13 -13 -14 -15 -16
leaf_value=0.0056395825740840717 0.028333512010765709 0.014140197531630486 -0.015245717215743424 -0.022424547994409887 -0.0080209582333985608 0.017025465215520858 -0.0079519043864219492 0.014379166288796036 -0.0021394392479626699 0.013783588308156146 0.012553101169713136 0.0029522943352673779 0.008903618505561461 0.019080591861707383 0.022926016743129569
leaf_weight=48758.945389904082 2559.9812299013138 17880.49913688004 4845.61902503483 407.09020538255572 15348.466060047969 2029.9837222676724 1712.5911136455834 15701.632943991572 2304.5355291906744 1497.1948752105236 2335.6669035255909 4817.7275115400553 6689.7793657332659 9990.2478110492229 5793.7835869267583
leaf_count=155790 1184 18353 45107 3215 84157 8393 13702 45620 18019 1678 2326 8059 8433 7731 3680
internal_value=0.00760343 0.0150176 0.00340509 0.00459088 0.00236742 -0.00531889 0.00560179 0.0134272 -0.011039 0.0112602 0.0206157 0.00555159 0.012722 0.0178629 0.0246345
internal_weight=142674 51564.9 91108.9 80216.1 64107.4 10892.7 3742.57 16108.7 7150.15 30885.2 20679.7 6314.92 24570.3 12325.9 8353.76
internal_count=425447 51444 374003 288782 239947 85221 22095 48835 63126 36523 14921 9737 26786 10057 4864
is_linear=0
shrinkage=0.03


Tree=78
num_leaves=15
num_cat=0
split_feature=5 17 17 3 17 27 28 3 17 18 5 1 1 18
split_gain=1232.54 768.786 2196.04 1265.45 1154.44 528.3 373.116 363.245 158.82 162.072 130.109 63.9049 105.632 9.10135
threshold=0.14670014347202298 1.0000000180025095e-35 0.059137627482414253 5.6466063348416302 0.11787210404872896 11525974.891365392 4176.653035934316 4.0325224748810156 0.28288784623146063 40.500000000000007 1.0000000180025095e-35 32383.500000000004 35534.000000000007 1957.0000000000002
decision_type=2 2 2 2 2 2 2 2 2 2 2 2 2 2
left_child=8 3 7 6 -4 -5 -2 -3 11 -10 -11 13 -13 -1
right_child=1 2 4 5 -6 -7 -8 -9 9 10 -12 12 -14 -15
leaf_value=-0.031899192559495339 0.0098669708558092838 0.01158898441601634 0.0026281085014025888 0.01283795168863223 0.0093748433555653297 0.0013784219347027793 -0.0084297592770358459 0.023027629213498022 -0.027296982317113441 -0.018800917344302018 0.052513791121140699 0.041209718988572855 -0.019531644284190294 -0.00010387587492066206
leaf_weight=813.48684962559491 1134.5624865964055 3424.9970694445074 33922.844222562388 8753.6866180710495 69946.060979194939 6184.6745159812272 7893.2891854066402 9902.5313020423055 63.839850241318345 24.157225791364908 55.300545588135719 17.78575574234128 107.18772038444877 10.194939032196997
leaf_count=14212 2476 9720 111079 16166 200499 18191 32193 17228 1115 523 173 172 1614 86
internal_value=0.00739794 0.00764466 0.00864591 0.00274488 0.00717239 0.00810171 -0.00611447 0.0201066 -0.0241407 0.00469664 0.0309721 -0.0285331 -0.00718304 -0.0315503
internal_weight=142255 141163 117196 23966.2 103869 14938.4 9027.85 13327.5 1091.95 143.298 79.4578 948.655 124.973 823.682
internal_count=425447 407552 338526 69026 311578 34357 34669 26948 17895 1811 696 16084 1786 14298
is_linear=0
shrinkage=0.03


Tree=79
num_leaves=16
num_cat=0
split_feature=14 0 14 0 14 0 5 5 5 14 0 1 28 5 30
split_gain=1543.22 1361.61 2479.28 1315.8 1483.15 688.278 506.038 413.719 395.586 304.089 334.14 257.671 251.175 164.337 117.431
threshold=4926939.7250000006 97088341.500000015 16747758.208333334 24934866.500000004 1467213.6111111112 318679772.00000006 0.60903532608695665 1.1181455633100701 0.23222109875294913 3225469.464285715 36826609.500000007 3314.5000000000005 669184.15091986256 0.23222109875294913 4.5000000000000009
decision_type=2 2 2 2 2 2 2 2 2 2 2 2 2 2 2
left_child=3 7 12 4 8 -4 -6 13 -1 14 -11 -9 -3 -2 -5
right_child=1 2 5 9 6 -7 -8 11 -10 10 -12 -13 -14 -15 -16
leaf_value=-0.029119710368395904 -0.030440311092408349 0.015702325912571147 -0.00085623586775810756 0.030667073046575181 -0.026092918414827405 0.0062185046727376752 0.0017894150499573182 -0.0016397277257987561 0.014534672682670864 0.0052226602894414661 0.020201913117304442 0.0061189036827074567 0.027244957503652974 -0.0085440923102839961 0.021400579729335532
leaf_weight=174.97046555392444 333.21813265047967 15540.045653179288 17390.817363691516 2452.0154905617237 603.3598563130945 42816.832258298062 11110.828186966479 14273.760635849088 17546.058118671179 1891.7493482772261 4746.3386494554579 5258.8030694238842 1940.2310511488467 3124.8276621848345 3030.9467367865145
leaf_count=1733 5635 28709 72926 3161 4697 149134 30990 46941 30748 5316 8112 15851 3124 13861 4509
internal_value=0.00717712 0.00516766 0.00706533 0.0120411 0.00860626 0.00417478 0.000319196 -0.0012439 0.0140777 0.020359 0.015959 0.000450707 0.0170075 -0.010785 0.0256224
internal_weight=142235 100679 77687.9 41556.3 29435.2 60207.6 11714.2 22990.6 17721 12121.1 6638.09 19532.6 17480.3 3458.05 5482.96
internal_count=425447 336181 253893 89266 68168 222060 35687 82288 32481 21098 13428 62792 31833 19496 7670
is_linear=0
shrinkage=0.03


Tree=80
num_leaves=16
num_cat=0
split_feature=15 27 11 31 17 17 17 17 6 27 31 1 17 0 6
split_gain=4785.51 1213.69 1008.66 837.208 565.76 490.144 598.246 424.673 299.122 287.271 239.236 208.732 140.42 56.1128 30.8384
threshold=0.042572463768115944 15115124.050099937 90.500000000000014 0.0057197382769901862 0.24059868603944781 0.1211511790752411 0.069544728845357909 1.0000000180025095e-35 2.3535557184750737 153942900.43999156 0.052654119238138182 563.50000000000011 1.0000000180025095e-35 4730167.5000000009 0.4836021505376345
decision_type=2 2 2 2 2 2 2 2 2 2 2 2 2 2 2
left_child=2 11 5 7 -5 6 -1 -4 -7 12 -11 13 -3 -2 -13
right_child=1 9 3 4 -6 8 -8 -9 -10 10 -12 14 -14 -15 -16
leaf_value=0.0077487222161835732 0.027995699280280562 0.0060703934904002927 -0.0046964663588762645 -0.00452687993071277 0.00512949232464601 0.0087639435848530546 -0.0026287911411476722 0.0071989066129871781 0.020386433415476399 0.011134540411293628 0.0008954269171107638 0.014772436381668348 0.013314855520720158 0.022161076247072593 0.018646227746060832
leaf_weight=12125.839869960211 2402.3090591356158 2779.0348157435656 3231.6317492090166 27410.871834359132 6802.3207190269604 15007.504340087995 8484.114597032778 16083.681376455352 2304.6139444038272 4043.2509955763817 4177.6576768755913 3439.2598306536674 21041.423183985054 6644.7144796699286 6173.3906377106905
leaf_count=37056 1147 3489 12667 136642 35293 53048 34933 59853 4511 5150 7231 3134 21971 4414 4908
internal_value=0.00696615 0.0143575 0.00286632 0.000213489 -0.0026047 0.00660854 0.00347655 0.00520505 0.0103292 0.0108046 0.00594603 0.0204431 0.0124753 0.0237575 0.0172885
internal_weight=142152 50701 91450.6 53528.5 34213.2 37922.1 20610 19315.3 17312.1 32041.4 8220.91 18659.7 23820.5 9047.02 9612.65
internal_count=425447 51444 374003 244455 171935 129548 71989 72520 57559 37841 12381 13603 25460 5561 8042
is_linear=0
shrinkage=0.03


Tree=81
num_leaves=16
num_cat=0
split_feature=15 1 14 0 14 0 14 17 17 14 30 1 12 28 0
split_gain=4577.46 1175 991.324 2399.38 2304.75 1525.04 1197.2 687.847 406.538 354.216 218.872 226.781 149.696 97.904 49.0724
threshold=0.042572463768115944 5292.5000000000009 37351845.77310925 203827392.50000003 9672427.0486111138 888774530.00000012 104922208.3452381 1.0000000180025095e-35 0.19823817908763888 2805202.7083333335 5.5000000000000009 204943.50000000003 52.500000000000007 74737.994286948451 4730167.5000000009
decision_type=2 2 2 2 2 2 2 2 2 2 2 2 2 2 2
left_child=2 9 3 4 -1 8 -7 -5 -4 14 12 -12 -3 -11 -2
right_child=1 10 5 7 -6 6 -8 -9 -10 13 11 -13 -14 -15 -16
leaf_value=0.005369341741792908 0.027675059074165696 0.010982688263436088 -0.0149627318418447 -0.0003660863410515923 -0.0084241325283475853 0.014137214366089508 -0.0064426073067717551 0.018157732863873708 -0.0030505539593530182 0.018227538212319875 0.0085408784314263894 -0.004411457730983441 0.021049922514181949 0.013654334418565504 0.022025966836254095
leaf_weight=40803.712723664008 2408.196406006813 4500.8039100468159 7005.6156862284988 2110.9432048387825 14859.821135236882 5977.2320422418416 4406.8585591763258 12248.998748051003 4100.9472835967317 9542.1636300384998 16680.199391186237 1300.0834496766329 1945.1665309071541 8296.3214873671532 5611.6131969541311
leaf_count=125129 1181 5123 53183 6671 74505 19740 36587 31334 26854 7687 21345 2652 1582 8141 3733
internal_value=0.00677517 0.0140455 0.00277837 0.0045081 0.00168525 -0.00285545 0.00540385 0.0154351 -0.0105771 0.0185045 0.00931529 0.00759978 0.0140671 0.0161156 0.0237745
internal_weight=141799 50284.5 91514.1 70023.5 55663.5 21490.7 10384.1 14359.9 11106.6 25858.3 24426.3 17980.3 6445.97 17838.5 8019.81
internal_count=425447 51444 374003 237639 199634 136364 56327 38005 80037 20742 30702 23997 6705 15828 4914
is_linear=0
shrinkage=0.03


Tree=82
num_leaves=16
num_cat=0
split_feature=15 27 15 15 14 0 14 6 14 0 30 17 1 14 28
split_gain=4374.44 1164.69 999.314 3064.47 988.457 393.786 285.587 254.879 313.277 275.984 223.907 209.429 206.836 60.3825 38.8831
threshold=0.042572463768115944 15115124.050099937 -0.48979591836734687 -0.084699453551912551 70563326.333333358 324885334.00000006 40624825.083333336 0.71516754850088193 15848713.016666668 823288141.00000012 22.500000000000004 1.0000000180025095e-35 563.50000000000011 819886.83516483533 9403.4559179440457
decision_type=2 2 2 2 2 2 2 2 2 2 2 2 2 2 2
left_child=2 12 7 5 -5 -4 11 9 -9 -1 -8 -3 13 -2 -14
right_child=1 6 3 4 -6 -7 10 8 -10 -11 -12 -13 14 -15 -16
leaf_value=-0.019743970386542884 0.026895338470259919 0.0040317393312278276 0.033187968617170216 0.0031386147234321537 -0.0073854316937656079 0.017544068771093952 0.011042807062450343 0.0088581574870137333 -0.010743994655897787 0.0043202665731711491 0.003421164153935354 0.014010033708119402 0.019737238694220883 0.021196130773616921 0.015249120713725438
leaf_weight=2399.2765799723566 2946.9274102672935 2181.8648469001055 2462.2199456393719 70299.112140547484 9052.3862611632794 3716.0108310952783 6601.6127150803804 1191.7951143980026 1856.3263248987496 513.39346827939153 7366.5305254459381 15565.779939576983 2843.580381706357 5806.5927493497729 6562.5418021529913
leaf_count=22839 1527 2842 1375 249196 72846 5004 8147 4980 12541 5222 11410 15442 2133 4034 5909
internal_value=0.00659287 0.0137392 0.00269517 0.00352358 0.00193649 0.0238488 0.0102599 -0.00916534 -0.00306404 -0.0154917 0.00703343 0.0127894 0.0198006 0.023161 0.0166384
internal_weight=141366 49875.4 91490.5 85529.7 79351.5 6178.23 31715.8 5960.79 3048.12 2912.67 13968.1 17747.6 18159.6 8753.52 9406.12
internal_count=425447 51444 374003 328421 322042 6379 37841 45582 17521 28061 19557 18284 13603 5561 8042
is_linear=0
shrinkage=0.03


Tree=83
num_leaves=16
num_cat=0
split_feature=15 14 11 31 14 0 1 0 1 0 0 17 1 31 0
split_gain=4177.83 1128.38 960.846 838.202 815.663 1166.53 449.334 386.73 301.405 293.851 184.934 172.59 70.7486 69.3918 9.59702
threshold=0.042572463768115944 8235732.416666667 101.50000000000001 0.0057197382769901862 1376570.0538461541 19835346.500000004 4008.5000000000005 11507080.500000002 14463.500000000002 912230437.50000012 8771384.0000000019 0.21113128215074542 863.50000000000011 0.039119804931265607 2087568.5000000002
decision_type=2 2 2 2 2 2 2 2 2 2 2 2 2 2 2
left_child=2 10 4 9 7 -6 -5 -1 13 -4 14 -10 -12 -3 -2
right_child=1 8 3 6 5 -7 -8 -9 11 -11 12 -13 -14 -15 -16
leaf_value=0.010011576834744075 0.029086541333859364 0.015714838798844975 0.0030145010605238803 -0.0099680222117367618 -0.010902091361134462 0.0045812937516973573 -0.00045678715792903351 0.026296390996371065 0.0098076559095195449 0.01801188194048408 0.020434834757261121 0.0034325041831245544 0.015765759601158752 0.011574075873625357 0.024117417278957429
leaf_weight=7798.5111515354365 1172.4268296658993 5826.4486478492618 7861.4416884146631 10241.559884182177 4785.6270706132054 49866.888897349127 7938.7709283633158 1579.9827945567667 9550.1692997813225 1371.6408562138677 6215.1312030032277 6433.9802284985781 6542.0064204931259 11156.967258423567 2579.2890751063824
leaf_count=16832 524 5338 29854 50128 18744 201661 49142 2039 12040 5603 4464 9920 5719 11881 1558
internal_value=0.00641652 0.0134378 0.00261573 -0.00208256 0.00462768 0.00322233 -0.00582022 0.0127959 0.0102218 0.00527131 0.019843 0.00724901 0.0180642 0.013009 0.0257879
internal_weight=140921 49476.4 91444.4 27413.4 64031 54652.5 18180.3 9378.49 32967.6 9233.08 16508.9 15984.1 12757.1 16983.4 3751.72
internal_count=425447 51444 374003 134727 239276 220405 99270 18871 39179 35457 12265 21960 10183 17219 2082
is_linear=0
shrinkage=0.03


Tree=84
num_leaves=16
num_cat=0
split_feature=15 27 14 0 14 0 15 14 17 27 27 1 30 1 14
split_gain=3993.01 1068.15 976.979 1579.04 2130.11 593.875 567.262 448.855 267.343 262.383 201.722 153.029 149.745 45.8018 32.1809
threshold=0.40833333333333338 14792186.387379548 70563326.333333358 331378158.50000006 14470667.66134752 1987888033.5000002 -0.65833333333333321 163274960.21428576 0.17288759350776675 272258580.29509193 2400087.6729361792 3314.5000000000005 21.500000000000004 625.50000000000011 1127719.0416666667
decision_type=2 2 2 2 2 2 2 2 2 2 2 2 2 2 2
left_child=2 10 3 4 -1 8 -5 -7 -4 11 14 -3 -11 -12 -2
right_child=1 9 5 6 -6 7 -8 -9 -10 12 13 -13 -14 -15 -16
leaf_value=0.0046423213084472812 0.025940237310817911 0.014923987507603738 -0.014967642207369224 -0.022532978488359136 -0.0081512849152238845 0.012304801887486706 0.012665357116101559 -0.0078474253215187091 -0.0025518730235452149 0.0078268590186442808 0.019637120119778272 0.0096247620153919553 -0.0038472168401565421 0.015500666811775697 0.020337136989608807
leaf_weight=49182.853773587383 3577.3465688824654 6675.3572559952736 4780.9191375588998 408.57679512910545 15356.899158240296 2260.0996308661997 16845.19278139621 1752.3166450448334 2333.8508303808048 2231.2635046690702 4194.5956526249647 19653.568039737642 1750.3996653556824 7682.2587605789304 1889.0957422479987
leaf_count=155929 1981 6221 45115 3215 84175 8888 46741 13794 18039 3218 3119 23367 3445 6844 1356
internal_value=0.00624053 0.0132996 0.00261843 0.00375337 0.0015965 -0.00571538 0.0118113 0.00349995 -0.0109131 0.00989169 0.0192402 0.0109772 0.00269207 0.016987 0.0240703
internal_weight=140575 47653.9 92920.7 81793.5 64539.8 11127.2 17253.8 4012.42 7114.77 30310.6 17343.3 26328.9 3981.66 11876.9 5466.44
internal_count=425447 49551 375896 290060 240104 85836 49956 22682 63154 36251 13300 29588 6663 9963 3337
is_linear=0
shrinkage=0.03


Tree=85
num_leaves=16
num_cat=0
split_feature=14 0 14 0 14 0 5 14 0 5 14 0 0 4 5
split_gain=1326.16 1305.26 2092.9 1254.27 1341.39 712.985 466.357 393.312 344.632 336.698 292.245 321.724 201.097 161.619 111.114
threshold=4926939.7250000006 78935608.000000015 14470667.66134752 24934866.500000004 1467213.6111111112 207563041.00000003 0.60903532608695665 185965.20454545456 109559049.00000001 1.1366749688667499 3225469.464285715 36826609.500000007 39775498.000000007 1.3697141155449675 0.83063885267275117
decision_type=2 2 2 2 2 2 2 2 2 2 2 2 2 2 2
left_child=3 9 8 4 7 -4 -6 -1 -3 13 14 -12 -11 -2 -5
right_child=1 2 5 10 6 -7 -8 -9 -10 12 11 -13 -14 -15 -16
leaf_value=0.021464053624940548 -0.024938641102934714 0.0080080516822201332 -0.0028714839408768142 0.0044445632849922194 -0.026252150900789376 0.0049767111477237317 0.00073573967601246498 0.010211111110163927 0.017977034005299673 -0.0063655010465874231 0.0039050923177990113 0.018720517846316974 0.0010290164830088172 -0.008312055315208013 0.025054140587004385
leaf_weight=3531.2695641703904 702.78844830207527 4266.5598371624947 13008.853738018312 258.13263991102576 593.28961454518139 52040.555370619521 10914.565511967987 13753.069499889389 12136.9267167449 4829.2555656507611 1860.6150403376669 4646.4830965343863 10426.404538679868 2123.5532347112894 5084.3376280516386
leaf_count=4895 5326 11273 54632 715 4697 183349 30990 27586 20501 17329 5316 8112 32844 10927 6955
internal_value=0.00607121 0.00420505 0.00582365 0.0106376 0.00724843 0.00340643 -0.000685385 0.0125285 0.0153956 -0.00308328 0.0188505 0.0145076 -0.00131374 -0.0125668 0.0240792
internal_weight=140177 99534.9 81452.9 40641.8 28792.2 65049.4 11507.9 17284.3 16403.5 18082 11849.6 6507.1 15255.7 2826.34 5342.47
internal_count=425447 336181 269755 89266 68168 237981 35687 32481 31774 66426 21098 13428 50173 16253 7670
is_linear=0
shrinkage=0.03


Tree=86
num_leaves=16
num_cat=0
split_feature=14 17 17 2 17 14 0 14 14 24 12 6 17 6 17
split_gain=1300.29 1153.05 1379.82 1253.48 1137.86 622.127 522.883 627.189 506.692 432.975 432.625 257.04 257.791 169.92 161.454
threshold=37989986.51282052 1.0000000180025095e-35 0.059137627482414253 5.6311740890688275 0.11556835100054742 4558822.0000000009 888774530.00000012 71945657.583333343 185965.20454545456 0.68299551038720729 52.500000000000007 0.57343137254901977 0.18044012784957889 0.1226279985678482 0.28288784623146063
decision_type=2 2 2 2 2 2 2 2 2 2 2 2 2 2 2
left_child=1 3 9 8 -4 -5 11 14 -1 -3 -9 13 -13 -2 -8
right_child=6 2 4 5 -6 -7 7 10 -10 -11 -12 12 -14 -15 -16
leaf_value=0.018945183544574775 0.0059574332312809699 0.011267431457125962 0.0020088485098711797 0.01491150472018658 0.010157857188110188 0.00088495598515722499 0.012848721415379056 -0.0039057408718773516 -0.0088183891567586489 0.023281921936376324 0.008212828515859744 -0.0036432855329463121 0.0067246467490592373 -0.0077615052637359135 -0.0068172909949912952
leaf_weight=620.37932993471622 892.17001060862094 4405.429254969582 22463.776035147719 5693.4033153336495 49307.302882197313 5688.9267519190907 6431.9873342737556 7670.4004767350852 8657.0453758649528 7219.3348298538476 4032.3097461666912 4900.4048036765307 3831.834798950702 7885.6407056553289 387.91063643060625
leaf_count=1037 5327 10965 64143 9059 123512 14155 13695 37305 34061 12866 16567 20899 12994 47607 1255
internal_value=0.00589308 0.00759373 0.00916537 0.00124609 0.00760865 0.00791401 0.000979963 0.00449257 -0.00693103 0.0187518 0.000272466 -0.00273472 0.000906615 -0.00635593 0.0117132
internal_weight=140088 104056 83395.8 20659.8 71771.1 11382.3 36032.7 18522.6 9277.42 11624.8 11702.7 17510.1 8732.24 8777.81 6819.9
internal_count=425447 269798 211486 58312 187655 23214 155649 68822 35098 23831 53872 86827 33893 52934 14950
is_linear=0
shrinkage=0.03


Tree=87
num_leaves=16
num_cat=0
split_feature=14 0 14 0 14 0 0 5 5 14 4 14 0 5 4
split_gain=1232.86 1237.01 1295.98 1201.94 1601.63 854.164 747.287 384.507 379.426 367.894 294.311 244.167 306.873 121.735 112.979
threshold=4677751.4692307701 24150176.000000004 1467213.6111111112 57385765.500000007 14470667.66134752 207563041.00000003 109559049.00000001 0.60903532608695665 0.81023570493234398 252619.18750000003 4.4213696892834511 3225469.464285715 36826609.500000007 0.83063885267275117 5.7456086286594763
decision_type=2 2 2 2 2 2 2 2 2 2 2 2 2 2 2
left_child=1 2 9 8 6 -6 -5 -4 14 -1 -10 13 -13 -3 -2
right_child=3 11 7 4 5 -7 -8 -9 10 -11 -12 12 -14 -15 -16
leaf_value=0.019318577447216548 -0.024701295745931575 0.0029415477657475618 -0.025225968859740443 0.0058836782681680206 -0.0034420005288836736 0.0047081466319602115 0.017189003183912917 4.6741981552179249e-05 -0.0058152229733051987 0.0093200246288804613 0.005609411869868062 0.0037263965852147815 0.018866322824407828 0.02410244603423593 0.0077240359307662173
leaf_weight=4519.1513222903013 982.47018686681986 264.52677170187235 556.88979984633625 9301.522099304013 14865.761787018739 52038.049300624058 12201.91162273474 10254.915175631642 8663.5802387371659 12676.015489801764 2633.2460062503815 1766.0863568149507 3874.6415387000889 5322.4145207852125 98.725206963717937
leaf_count=6543 7617 763 4410 25801 63149 183349 20687 29228 30302 25881 8109 5047 6688 7355 518
internal_value=0.00571941 0.010231 0.00685025 0.00396152 0.00518756 0.0028964 0.0123077 -0.00128537 -0.00478843 0.0119641 -0.00314563 0.0186412 0.0141538 0.0231164 -0.021648
internal_weight=140020 39234.6 28007 100785 88407.2 66903.8 21503.4 10811.8 12378 17195.2 11296.8 11227.7 5640.73 5586.94 1081.2
internal_count=425447 85915 66062 339532 292986 246498 46488 33638 46546 32424 38411 19853 11735 8118 8135
is_linear=0
shrinkage=0.03


Tree=88
num_leaves=16
num_cat=0
split_feature=15 27 15 15 14 0 27 9 16 0 1 30 10 1 0
split_gain=3886.27 1035.36 960.135 2802.53 933.437 393.478 249.292 234.619 216.282 198.252 147.951 141.583 103.969 66.9528 10.393
threshold=0.40833333333333338 14792186.387379548 -0.48979591836734687 -0.084699453551912551 70563326.333333358 324885334.00000006 272258580.29509193 289.50000000000006 7.5000000000000009 8771384.0000000019 3314.5000000000005 21.500000000000004 2.5320512820512828 543.50000000000011 2087568.5000000002
decision_type=2 2 2 2 2 2 2 2 2 2 2 2 2 2 2
left_child=2 9 7 5 -5 -4 10 12 -9 14 -3 -8 -1 -11 -2
right_child=1 6 3 4 -6 -7 11 8 -10 13 -12 -13 -14 -15 -16
leaf_value=-0.025143117860683982 0.028417913142251023 0.014239937296794977 0.031943233268995098 0.0024929420222085481 -0.0076110029350442837 0.016156683511848079 0.0072382970630231963 -0.0036385902130177269 -0.021376334411146353 0.019798231051966941 0.0089860948547412743 -0.0041315923402470275 -0.0038561888065634358 0.015171704502231176 0.023261724434404524
leaf_weight=1025.8909750850871 1083.832875713706 6545.2028854042292 2393.1506302505732 71818.108485961333 9277.9513170309365 3671.6117425337434 2219.0420899242163 3989.4953965134919 721.17849999666214 4737.6458069011569 19413.434569604695 1747.5174886286259 269.49726843368262 8583.2222085222602 2432.2039575427771
leaf_count=13477 523 6221 1375 250474 73461 5004 3218 23701 4929 3508 23367 3445 3475 7714 1555
internal_value=0.00555177 0.0126074 0.00200864 0.00280886 0.00133542 0.0224544 0.00924915 -0.00957735 -0.00641972 0.0185609 0.0103194 0.00222492 -0.0208322 0.0168398 0.0249736
internal_weight=139929 46762.1 93166.9 87160.8 81096.1 6064.76 29925.2 6006.06 4710.67 16836.9 25958.6 3966.56 1295.39 13320.9 3516.04
internal_count=425447 49551 375896 330314 323935 6379 36251 45582 28630 13300 29588 6663 16952 11222 2078
is_linear=0
shrinkage=0.03


Tree=89
num_leaves=16
num_cat=0
split_feature=14 17 17 2 17 14 0 14 14 24 12 6 17 4 17
split_gain=1157.53 1111.88 1297.59 1162.62 1066.7 578.224 495.09 612.503 463.545 410.636 397.083 324.97 281.087 180.353 138.557
threshold=37989986.51282052 1.0000000180025095e-35 0.059137627482414253 5.6311740890688275 0.11556835100054742 2805202.7083333335 803222033.50000012 71945657.583333343 185965.20454545456 0.68299551038720729 52.500000000000007 1.4087666455294865 0.22935628145933154 2.130032206119163 0.26872535049915319
decision_type=2 2 2 2 2 2 2 2 2 2 2 2 2 2 2
left_child=1 3 9 8 -4 -5 11 14 -1 -3 -9 13 -13 -2 -8
right_child=6 2 4 5 -6 -7 7 10 -10 -11 -12 12 -14 -15 -16
leaf_value=0.017714753152750281 -0.0098655903455623119 0.010595469765975998 0.0016162602690884137 0.015499204967126739 0.0095214494826732238 0.0016524130693104356 0.012245508371559639 -0.0040029738914544952 -0.0089307305112028609 0.022323931520691086 0.007345788343847707 0.00041608095939377269 0.022733384745813164 -0.0025228254033637849 -0.000913934507071525
leaf_weight=616.03712860122323 4438.7255374006927 4390.9134197607636 22381.294640988111 4523.6248746998608 49090.662943122908 6776.2791315782815 6550.8749472461641 8112.4319723723456 8623.2369791604578 7157.385632510297 4198.0509613873437 1747.1677145548165 703.10318303108215 9391.8465994782746 801.84319788776338
leaf_count=1037 27067 10965 64143 6816 123512 16398 13975 40125 34061 12866 17602 5660 1504 47237 2479
internal_value=0.00540259 0.00701239 0.00855834 0.000760428 0.00704723 0.00721147 0.000762753 0.00396582 -0.00712504 0.0178866 -0.00012622 -0.003104 0.00693154 -0.00488968 0.0108074
internal_weight=139503 103559 83020.3 20539.2 71472 11299.9 35944 19663.2 9239.27 11548.3 12310.5 16280.8 2450.27 13830.6 7352.72
internal_count=425447 269798 211486 58312 187655 23214 155649 74181 35098 23831 57727 81468 7164 74304 16454
is_linear=0
shrinkage=0.03


Tree=90
num_leaves=16
num_cat=0
split_feature=14 0 14 0 14 17 0 17 2 14 17 14 17 0 4
split_gain=1125.49 1218.96 1995.91 1126.54 1247.61 916.425 595.917 449.36 423.476 386.688 337.37 497.817 311.401 237.053 152.823
threshold=4926939.7250000006 97088341.500000015 19995885.222222228 24150176.000000004 968726.70000000007 1.0000000180025095e-35 306033072.00000006 1.0000000180025095e-35 5.6311740890688275 2400035.2500000005 0.19823817908763888 7918531.8708333345 0.059137627482414253 6642906.5000000009 7.6399846311475423
decision_type=2 2 2 2 2 2 2 2 2 2 2 2 2 2 2
left_child=3 10 5 4 13 -3 -4 8 -5 -6 11 -2 -9 -1 -12
right_child=1 2 6 7 9 -7 -8 12 -10 -11 14 -13 -14 -15 -16
leaf_value=0.011114539207925751 0.00056494984598259824 -0.00033278087437266571 -0.0031674367574794165 -0.0063404990352978917 0.0040997502132903447 0.015846290476235255 0.0040739671499227742 0.033633124737099208 0.015793968803207638 -0.0057132859532247268 0.0022515634833944363 -0.010019954365043765 0.018111293189245099 0.021699079639325665 0.02811146033657554
leaf_weight=10403.835386523977 7667.0785251166672 3815.3901975881308 13591.555387132801 1221.9355080928653 9601.3645160011947 17962.079629493877 41155.193288053386 1408.725999193266 2087.3920426592231 5774.553132718429 6437.8267489401624 8328.2379170516506 7418.7988590020686 2360.2524913419038 197.96784540452063
leaf_count=19667 23814 9823 62164 4297 23940 32914 148992 1731 3200 20334 22336 35581 12844 3253 557
internal_value=0.00524357 0.00352434 0.00533313 0.00947241 0.00617008 0.0130121 0.00227528 0.0171095 0.00762029 0.000410458 -0.00258999 -0.00494861 0.0206446 0.0130973 0.00308922
internal_weight=139432 99155.3 76524.2 40276.9 28140 21777.5 54746.7 12136.9 3309.33 15375.9 22631.1 15995.3 8827.52 12764.1 6635.79
internal_count=425447 336181 253893 89266 67194 42737 211156 22072 7497 44274 82288 59395 14575 22920 22893
is_linear=0
shrinkage=0.03


Tree=91
num_leaves=16
num_cat=0
split_feature=15 1 31 1 14 14 14 0 0 14 1 12 17 26 0
split_gain=3748.46 973.877 920.334 1081.41 1252.36 959.409 699.069 966.605 475.895 270.104 176.027 134.428 123.934 91.2244 49.3985
threshold=0.40833333333333338 3475.5000000000005 0.0057197382769901862 3314.5000000000005 8070902.2500000009 33262370.564989522 11561022.175000003 45109052.000000007 149173978.00000003 2703284.9785714294 67809.000000000015 47.500000000000007 0.21113128215074542 0.4455846557439514 4730167.5000000009
decision_type=2 2 2 2 2 2 2 2 2 2 2 2 2 2 2
left_child=2 9 6 4 -4 -5 7 -1 -8 14 11 -3 -12 -11 -2
right_child=1 10 3 5 -6 -7 8 -9 -10 13 12 -13 -14 -15 -16
leaf_value=0.003981245251601 0.026050609788424745 0.0062557203237866765 -0.00063820511560831012 0.0094531099603754071 -0.014179348434688148 -0.0021288895847519475 -0.0088643853962505695 0.017401236324323419 0.0032523104849735101 0.016997473981604744 0.0063264092947053225 0.01133929921337154 -0.003588055779361104 0.011978347793455073 0.020001782406362134
leaf_weight=13257.08550112322 2076.3653511181474 7543.7928873375058 19302.723986551166 12594.164199911989 9008.6060823416337 13134.174362817779 3621.9999406579882 7603.0686070192605 14721.267473862506 6837.5902678146958 3718.9282486736774 12807.585706926882 1614.4086430966854 6807.9502757713199 4686.237961538136
leaf_count=36384 1179 9549 65334 43065 50053 84388 17763 15899 63010 5784 5377 14316 3013 6870 3463
internal_value=0.00509035 0.0120875 0.00162973 -0.000908429 -0.00495325 0.0035416 0.00512821 0.00888296 0.000852866 0.0169812 0.00819039 0.0094624 0.00331803 0.0145115 0.021917
internal_weight=139336 46092.9 93243.1 54039.7 28311.3 25728.3 39203.4 20860.2 18343.3 20408.1 25684.7 20351.4 5333.34 13645.5 6762.6
internal_count=425447 49551 375896 242840 115387 127453 133056 52283 80773 17296 32255 23865 8390 12654 4642
is_linear=0
shrinkage=0.03


Tree=92
num_leaves=16
num_cat=0
split_feature=15 27 15 15 5 0 15 15 27 0 2 1 28 1 0
split_gain=3571.45 982.85 913.283 2621.01 851.714 379.411 233.585 1816.55 231.304 195.799 131.292 130.905 94.7806 65.5459 11.6616
threshold=0.40833333333333338 14792186.387379548 -0.48979591836734687 -0.084699453551912551 0.58174245053800777 324885334.00000006 -0.65833333333333321 -0.54195804195804176 263261004.24560961 8771384.0000000019 1.9340579710144929 3314.5000000000005 4801.927545409847 543.50000000000011 2087568.5000000002
decision_type=2 2 2 2 2 2 2 2 2 2 2 2 2 2 2
left_child=2 9 6 5 -5 -4 12 -8 11 14 -10 -3 -1 -11 -2
right_child=1 8 3 4 -6 -7 7 -9 10 13 -12 -13 -14 -15 -16
leaf_value=0.0062582454725883929 0.027895297870543404 0.01334901751636235 0.030953173233135064 -0.012178153672074107 0.0016670054668273232 0.015325599345561706 0.059410857118076067 -0.011870431914521071 -0.043427496165660738 0.018997687528191906 0.0025528721849584035 0.0083453377966851965 -0.025322997827356163 0.014355631301076617 0.022515685698379705
leaf_weight=86.421288173645735 1020.8794099316001 6375.8758047819138 2338.8406519293785 4202.5674678944051 77028.690945807844 3640.2196885570884 330.68581469357014 4647.6562726516277 41.63628813624382 4567.1597841084003 4071.1694217026234 19011.217178955674 948.55230103805661 8350.6471040174365 2315.971505433321
leaf_count=417 523 6215 1375 35069 288866 5004 758 35829 150 3508 6747 23139 8578 7714 1555
internal_value=0.00495111 0.0118144 0.00158091 0.00236144 0.000948229 0.0215058 -0.00971176 -0.00696533 0.00854125 0.0177394 0.001924 0.00961032 -0.0226056 0.0160193 0.0242879
internal_weight=138978 45754.6 93223.6 87210.3 81231.3 5979.06 6013.32 4978.34 29499.9 16254.7 4112.81 25387.1 1034.97 12917.8 3336.85
internal_count=425447 49551 375896 330314 323935 6379 45582 36587 36251 13300 6897 29354 8995 11222 2078
is_linear=0
shrinkage=0.03


Tree=93
num_leaves=16
num_cat=0
split_feature=15 27 31 1 14 14 14 0 29 27 0 30 30 1 0
split_gain=3400.82 955.293 866.279 1015.77 1185.75 903.363 657.556 901.944 533.027 220.514 194.773 140.772 133.225 64.3852 12.0494
threshold=0.40833333333333338 14792186.387379548 0.0057197382769901862 3314.5000000000005 8070902.2500000009 70563326.333333358 11561022.175000003 45109052.000000007 4003564.106910341 272258580.29509193 8771384.0000000019 11.500000000000002 21.500000000000004 543.50000000000011 2087568.5000000002
decision_type=2 2 2 2 2 2 2 2 2 2 2 2 2 2 2
left_child=2 10 6 4 -4 -5 7 -1 -8 11 14 -3 -11 -12 -2
right_child=1 9 3 5 -6 -7 8 -9 -10 12 13 -13 -14 -15 -16
leaf_value=0.003831966767637817 0.027696066466498671 0.012337112883933358 -0.00066916417287614643 0.0066306644149367426 -0.013882069261665788 -0.0063308981740196335 -0.0012226967006412478 0.016790314114665611 0.013815120816266497 0.0065947243445171741 0.018687813451721415 0.0076542835940767032 -0.0044569979211369305 0.014061673982444338 0.022240290774049608
leaf_weight=13263.479301160201 997.83348071575165 9142.0932716205716 19283.311605161056 19272.792132432573 8939.560813752003 6444.961504990235 15908.894382400438 7610.4321152642369 2432.2256684247404 2204.807046726346 4504.8047089576721 16281.741137549281 1743.4787942916155 8270.9938301965594 2275.1174578815699
leaf_count=36384 523 9498 65334 74657 50053 52796 71550 15899 9223 3218 3508 20090 3445 7714 1555
internal_value=0.00481743 0.0115466 0.00153478 -0.00093147 -0.00486055 0.00337949 0.00492696 0.00856656 0.000779502 0.00832145 0.0174339 0.00934563 0.00170855 0.0157152 0.0240315
internal_weight=138577 45420.9 93155.7 53940.6 28222.9 25717.8 39215 20873.9 18341.1 29372.1 16048.7 25423.8 3948.29 12775.8 3272.95
internal_count=425447 49551 375896 242840 115387 127453 133056 52283 80773 36251 13300 29588 6663 11222 2078
is_linear=0
shrinkage=0.03


Tree=94
num_leaves=16
num_cat=0
split_feature=15 27 15 15 5 0 1 15 15 17 0 17 28 1 0
split_gain=3239.08 928.054 864.411 2472.12 805.412 370.601 247.473 226.564 1674.21 183.741 162.215 104.026 91.8807 51.3908 12.427
threshold=0.40833333333333338 11525974.891365392 -0.48979591836734687 -0.084699453551912551 0.58174245053800777 324885334.00000006 8627.5000000000018 -0.65833333333333321 -0.54195804195804176 0.2388630956411362 8771384.0000000019 1.0000000180025095e-35 4801.927545409847 543.50000000000011 2087568.5000000002
decision_type=2 2 2 2 2 2 2 2 2 2 2 2 2 2 2
left_child=2 10 7 5 -5 -4 11 12 -9 -8 14 -3 -1 -12 -2
right_child=1 6 3 4 -6 -7 9 8 -10 -11 13 -13 -14 -15 -16
leaf_value=0.0060122889610541687 0.027497292602868567 0.0056159211742883002 0.03033608085382633 -0.011935082093641429 0.0015754977295262581 0.014817332810312294 0.0080122203552515075 0.055889664712924371 -0.011640129231656238 0.0012547668249269157 0.018656329156659296 0.012724405101187424 -0.025058686796790536 0.014145958145062903 0.021965516691945599
leaf_weight=86.79876421764493 975.34446696192026 2284.8992612808943 2306.9429232850671 4171.5991256628186 77054.727506048977 3623.0741194710135 12937.317551031709 340.88365127518773 4614.5644303485751 5051.2360820770264 4099.8823326900601 11107.893395744264 933.03383203037083 6403.4538764432073 2235.2645162120461
leaf_count=417 523 2827 1375 35069 288866 5004 16582 758 35829 7850 3200 11076 8578 5938 1555
internal_value=0.00468551 0.0112838 0.00148892 0.00224651 0.00087918 0.0209209 0.00843003 -0.00953427 -0.00683409 0.006119 0.0177955 0.0115215 -0.0223364 0.0159335 0.0237754
internal_weight=138227 45095.3 93131.6 87156.3 81226.3 5930.02 31381.3 5975.28 4955.45 17988.6 13713.9 13392.8 1019.83 10503.3 3210.61
internal_count=425447 49551 375896 330314 323935 6379 38335 45582 36587 24432 11216 13903 8995 9138 2078
is_linear=0
shrinkage=0.03


Tree=95
num_leaves=16
num_cat=0
split_feature=15 27 17 17 17 2 14 2 14 27 27 30 12 0 0
split_gain=3083.01 902.895 818.255 2129.98 1197.45 1129.14 521.987 434.915 386.423 207.419 193.142 130.737 128.34 42.2058 35.4232
threshold=0.40833333333333338 14792186.387379548 1.0000000180025095e-35 0.059137627482414253 0.11787210404872896 12.396428571428574 185965.20454545456 3.828348214285715 4926939.7250000006 263261004.24560961 2400087.6729361792 11.500000000000002 52.500000000000007 256264806.50000003 44124581.500000007
decision_type=2 2 2 2 2 2 2 2 2 2 2 2 2 2 2
left_child=2 10 5 7 -5 6 -1 -4 -7 11 14 -3 -11 -12 -2
right_child=1 9 3 4 -6 8 -8 -9 -10 12 13 -13 -14 -15 -16
leaf_value=0.014395778110774535 0.022572042769512472 0.011834671669775866 0.0062818114832687549 -0.0046865493250230622 0.0037822362563225244 0.018900636074454961 -0.01088757627043717 0.021181340267489735 0.0009501077376044472 -0.0024999968361300801 0.015021248939535459 0.0072813683169398883 0.0083987395587597161 0.0061482347035944403 0.0099987351734622115
leaf_weight=771.48813374526799 4493.6804474666715 8955.5113735422492 2516.2361041130498 22453.929393582977 45344.686513961293 1822.6815493106842 11463.48371458333 6061.0828659422696 2628.6947889588773 2552.5652718245983 10356.925918072462 16067.889821127057 1548.9517422616482 548.04885267466307 255.81620706617832
leaf_count=1431 3070 9406 10299 103199 183370 2615 53208 13642 8132 4676 9302 19948 2221 661 267
internal_value=0.0045587 0.0110253 0.00144551 0.00276066 0.000976637 -0.00456943 -0.00927519 0.0168325 0.00834572 0.00789346 0.0168371 0.00891824 0.00162427 0.0145871 0.0219347
internal_weight=137842 44779.4 93062.3 76375.9 67798.6 16686.3 12235 8577.32 4451.38 29124.9 15654.5 25023.4 4101.52 10905 4749.5
internal_count=425447 49551 375896 310510 286569 65386 54639 23941 10747 36251 13300 29354 6897 9963 3337
is_linear=0
shrinkage=0.03


Tree=96
num_leaves=16
num_cat=0
split_feature=15 27 15 15 5 1 1 9 9 17 27 10 26 28 1
split_gain=2935.04 877.386 823.087 2325.98 761.839 304.317 235.498 219.512 205.116 163.301 154.429 101.264 73.0257 36.4216 23.9927
threshold=0.40833333333333338 11525974.891365392 -0.48979591836734687 -0.084699453551912551 0.14670014347202298 23274.500000000004 6396.5000000000009 289.50000000000006 318.50000000000006 0.23861358314752582 2400087.6729361792 2.5320512820512828 0.4455846557439514 8539.7575807065823 187.50000000000003
decision_type=2 2 2 2 2 2 2 2 2 2 2 2 2 2 2
left_child=2 10 7 5 -5 -4 12 11 -9 -8 14 -1 -3 -12 -2
right_child=1 6 3 4 -6 -7 9 8 -10 -11 13 -13 -14 -15 -16
leaf_value=-0.024803726269013959 0.023828425416281215 0.013994818421757614 0.026531305354279021 -0.026300620963961872 0.0011302513537428565 0.012667518310973336 0.0077505148296803991 0.015126494997595785 -0.0081597962411866769 0.0017228650829543746 0.018102140816876312 -0.0036575479818528153 0.0090876802878343595 0.013483481679060449 0.018747495588777658
leaf_weight=993.78825959097594 2607.4991764351726 5420.4057928174734 3229.7374593243003 906.62750956602395 80326.039945952594 2650.9050333276391 14042.717919535935 354.89184101298451 4326.2414330989122 5713.5101620405912 2365.9697965681553 266.98614649288356 5930.0161134600639 6329.9640792459249 2059.7196568027139
leaf_count=13477 1706 5158 2400 16058 307877 3979 17908 2024 26606 8686 1886 3475 6583 5993 1631
internal_value=0.00443296 0.0107715 0.0014023 0.00213999 0.000818931 0.0203349 0.00800112 -0.009386 -0.00634532 0.00601146 0.0172018 -0.0204449 0.0114491 0.0147726 0.0216598
internal_weight=137525 44469.8 93055.2 87113.3 81232.7 5880.64 31106.6 5941.91 4681.13 19756.2 13363.2 1260.77 11350.4 8695.93 4667.22
internal_count=425447 49551 375896 330314 323935 6379 38335 45582 28630 26594 11216 16952 11741 7879 3337
is_linear=0
shrinkage=0.03


Tree=97
num_leaves=16
num_cat=0
split_feature=15 27 11 31 14 29 1 27 30 27 11 13 12 3 14
split_gain=2793.9 894.144 817.488 715.955 643.808 618.038 393.821 244.344 230.046 208.169 204.467 203.937 151.004 50.593 37.5089
threshold=0.042572463768115944 21536236.311239872 101.50000000000001 0.0057197382769901862 968726.70000000007 207039.8667851465 4008.5000000000005 2768072.5497841598 6.5000000000000009 303215596.0586769 123.50000000000001 3.8284361097305015 52.500000000000007 25.553134365634371 968726.70000000007
decision_type=2 2 2 2 2 2 2 2 2 2 2 2 2 2 2
left_child=2 7 4 10 11 -6 -5 14 12 -10 -4 -1 -3 -9 -2
right_child=1 8 3 6 5 -7 -8 13 9 -11 -12 -13 -14 -15 -16
leaf_value=0.0077550410594247618 0.023522412648542025 0.0085744142653230403 0.00098200355206439611 -0.010400978842886018 -0.00073758280337700747 0.0055405265617884166 -0.0014939422758935674 0.013831522835913426 0.0063578854238339451 -0.0025265909177169007 0.010945802656984643 0.018355340646829667 0.018118891296869857 0.007295226154329061 0.017822535710821503
leaf_weight=4552.7594818808138 2790.0815600901842 5390.2726698294282 6748.5623201308772 10200.285894953646 31420.773807018995 25588.873423106037 7966.0704767573625 12572.541785784066 16347.728491075337 2762.6533258408308 2546.6188081018627 2586.876232676208 2100.0408196151257 1245.7557074204087 2340.950443431735
leaf_count=9252 1875 6353 26692 50128 116097 109278 49142 11825 20938 5255 8765 4649 1838 1453 1907
internal_value=0.0043122 0.0103831 0.00129213 -0.00303755 0.00314636 0.00208055 -0.00650129 0.0153638 0.00682731 0.00507098 0.00372826 0.0116304 0.0112852 0.013253 0.0209873
internal_weight=137161 45550 91610.8 27461.5 64149.3 57009.6 18166.4 18949.3 26600.7 19110.4 9295.18 7139.64 7490.31 13818.3 5131.03
internal_count=425447 51444 374003 134727 239276 225375 99270 17060 34384 26193 35457 13901 8191 13278 3782
is_linear=0
shrinkage=0.03


Tree=98
num_leaves=14
num_cat=0
split_feature=5 17 17 3 17 24 28 28 30 17 17 10 3
split_gain=926.592 678.378 1664.79 948.51 865.456 419.614 355.678 264.127 94.0054 61.8072 24.3842 45.936 23.6251
threshold=0.10102040816326532 1.0000000180025095e-35 0.059137627482414253 5.6466063348416302 0.11787210404872896 0.68299551038720729 10558699.34320513 4176.653035934316 24.500000000000004 0.26496693491935736 0.32453259825706487 1.8350168350168354 4.677171215880894
decision_type=2 2 2 2 2 2 2 2 2 2 2 2 2
left_child=8 3 5 7 -4 -3 -5 -2 10 -10 -1 -12 -11
right_child=1 2 4 6 -6 -7 -8 -9 9 12 11 -13 -14
leaf_value=-0.031422387655640593 0.0057090070515126443 0.0082871925898524955 3.2328289448980483e-05 0.0039850390440587741 0.0059742177369998522 0.019675405558518287 0.053393315327516282 -0.010090227605963217 -0.019357350643483807 0.043447740353207948 0.033196355053351619 -0.020938372161561684 -0.0071992561790571443
leaf_weight=719.67635684460402 1075.7533519156277 4613.2155876904726 32724.034758046269 14060.43721178174 67760.470616968349 8098.4908659569919 117.59789628908038 7615.1896461509168 22.976856374181807 20.88545544445515 6.4031720161437979 26.220506569370627 4.6547833941876879
leaf_count=15303 2491 11779 111494 34247 201262 15292 218 32411 358 59 1 483 49
internal_value=0.00419267 0.00438354 0.00533556 -0.000327837 0.00403976 0.0155595 0.00445296 -0.00812471 -0.0276843 0.00980068 -0.0302852 -0.00257399 0.0342288
internal_weight=136866 136065 113196 22869 100485 12711.7 14178 8690.94 800.817 48.5171 752.3 32.6237 25.5402
internal_count=425447 409194 339827 69367 312756 27071 34465 34902 16253 466 15787 484 108
is_linear=0
shrinkage=0.03


Tree=99
num_leaves=16
num_cat=0
split_feature=15 14 31 1 14 14 14 0 29 1 17 26 0 21 0
split_gain=2658.81 838.798 798.427 904.942 1123.13 860.005 625.761 828.542 479.701 309.635 155.681 103.153 77.4516 27.5934 11.556
threshold=0.40833333333333338 3876717.944444445 0.0057197382769901862 3314.5000000000005 8070902.2500000009 33262370.564989522 11561022.175000003 45109052.000000007 4003564.106910341 8627.5000000000018 0.2388630956411362 0.4455846557439514 7651638.0000000009 419.50000000000006 2087568.5000000002
decision_type=2 2 2 2 2 2 2 2 2 2 2 2 2 2 2
left_child=2 12 6 4 -4 -5 7 -1 -8 11 -11 -3 14 -14 -2
right_child=1 9 3 5 -6 -7 8 -9 -10 10 -12 -13 13 -15 -16
leaf_value=0.0034710845295380624 0.026765751304388696 0.013348496152225388 -0.00081369195810001758 0.0084860890689456257 -0.013711426642329454 -0.0024782810731075289 -0.001486020200377433 0.015895594296460518 0.012753641888729917 0.0071547455614830585 0.00097967556837199091 0.0086624310867315334 0.013600652830859173 0.018393801535151168 0.021059717409215046
leaf_weight=13262.15050698258 896.97492035478354 8724.3079048246145 19225.606685467064 12600.213537341915 8874.5406189449131 13132.678770988248 15930.937417007051 7601.2460672538728 2442.1543228402734 13069.773093618453 5133.1110450401902 8610.1223465874791 2076.7197006344795 3451.8150445371866 1795.3185928538442
leaf_count=36384 523 8431 65334 43065 50053 84388 71550 15899 9223 16945 7963 9647 1956 2753 1333
internal_value=0.00406827 0.0101659 0.00119986 -0.00117189 -0.00489324 0.00289112 0.00445391 0.00800736 0.000413946 0.00816045 0.0054173 0.0110321 0.0188009 0.0166404 0.0231096
internal_weight=136828 43758.1 93069.5 53833 28100.1 25732.9 39236.5 20863.4 18373.1 35537.3 18202.9 17334.4 8220.83 5528.53 2692.29
internal_count=425447 49551 375896 242840 115387 127453 133056 52283 80773 42986 24908 18078 6565 4709 1856
is_linear=0
shrinkage=0.03


Tree=100
num_leaves=15
num_cat=0
split_feature=5 17 17 17 28 28 24 8 17 18 5 1 1 18
split_gain=883.463 634.308 1573.75 808.56 782.597 504.505 398.956 220.623 148.459 145.047 108.703 58.2906 104.282 4.80121
threshold=0.14670014347202298 1.0000000180025095e-35 0.059137627482414253 0.11787210404872896 6548.2717872006806 10558699.34320513 0.68299551038720729 93.391055810613196 0.28288784623146063 40.500000000000007 1.0000000180025095e-35 32383.500000000004 35534.000000000007 1957.0000000000002
decision_type=2 2 2 2 2 2 2 2 2 2 2 2 2 2
left_child=8 4 6 -4 7 -6 -3 -2 11 -10 -11 13 -13 -1
right_child=1 2 3 -5 5 -7 -8 -9 9 10 -12 12 -14 -15
leaf_value=-0.031920131884009315 0.012249639843861303 0.0079563996021558784 -5.2803117603890469e-05 0.0056985940492845898 -0.0044807450869662124 0.047650167614431291 0.019082791673705229 0.00057782082035748793 -0.027049169117939215 -0.018117019045512692 0.048021147270586408 0.04001978341879972 -0.02046600065697678 -0.0017002714565434597
leaf_weight=732.35642888210714 4343.4269088320434 4600.2650192901492 32616.41685371846 67500.484852593392 16052.342819459736 153.83150037378073 8047.5532903596759 2200.4552725553513 59.8275350285694 22.363494291901588 56.198896136134863 18.177834539674222 99.965637199580669 8.6250994354486448
leaf_count=14212 7869 11734 111079 200499 55849 390 15214 4918 1115 523 173 172 1614 86
internal_value=0.00395609 0.00416446 0.00508626 0.00382486 -0.000403668 -0.00394046 0.0150525 0.00833973 -0.023963 0.00429047 0.0289875 -0.028544 -0.00747402 -0.0316488
internal_weight=136512 135515 112765 100117 22750.1 16206.2 12647.8 6543.88 997.515 138.39 78.5624 859.125 118.143 740.982
internal_count=425447 407552 338526 311578 69026 56239 26948 12787 17895 1811 696 16084 1786 14298
is_linear=0
shrinkage=0.03


Tree=101
num_leaves=16
num_cat=0
split_feature=15 14 15 15 14 1 1 15 15 17 23 28 14 1 13
split_gain=2531.97 822.386 787.085 2156.6 773.959 301.564 298.49 219.436 1519.59 155.686 96.6973 88.4183 65.2058 25.4041 11.9618
threshold=0.40833333333333338 3876717.944444445 -0.48979591836734687 -0.084699453551912551 70563326.333333358 17498.500000000004 5675.5000000000009 -0.65833333333333321 -0.54195804195804176 0.23861358314752582 0.33533369975288824 4801.927545409847 746650.25000000012 863.50000000000011 28.291061131180573
decision_type=2 2 2 2 2 2 2 2 2 2 2 2 2 2 2
left_child=2 12 7 5 -5 -4 10 11 -9 -8 -3 -1 14 -14 -2
right_child=1 6 3 4 -6 -7 9 8 -10 -11 -12 -13 13 -15 -16
leaf_value=0.005537048001829188 0.023501557194241428 0.013916667995817813 0.026282129943256457 0.0015580693914020881 -0.0076453618813104203 0.012467814649196411 0.0071954245511354643 0.051862195319291496 -0.011518213963796316 0.0014779903780413892 0.0088953616597210669 -0.024888482470183434 0.018173438784458762 0.013547977679056727 0.0092921966373162492
leaf_weight=87.521028270944953 2128.0634548664093 6482.0638899132609 2895.6370882987976 72095.7660117466 9266.7179867960513 2905.8058880195022 14944.122045189142 352.74354669079185 4586.0359428245574 6040.7384886145592 7823.726975671947 920.77443457767367 3908.7293661087751 1951.1007428765297 88.998706966638565
leaf_count=417 1464 6116 2096 250474 73461 4283 19081 758 35829 9129 8660 8578 3166 1840 95
internal_value=0.00383856 0.00982468 0.001049 0.00177033 0.000508267 0.019418 0.00784077 -0.00949603 -0.00684199 0.00555325 0.0111848 -0.0221757 0.0184587 0.016677 0.0230109
internal_weight=136479 43367.5 93111 87163.9 81362.5 5801.44 35290.7 5947.07 4938.78 20984.9 14305.8 1008.3 8076.89 5859.83 2217.06
internal_count=425447 49551 375896 330314 323935 6379 42986 45582 36587 28210 14776 8995 6565 5006 1559
is_linear=0
shrinkage=0.03


Tree=102
num_leaves=16
num_cat=0
split_feature=15 14 11 15 15 17 6 27 17 14 27 15 26 1 0
split_gain=2406.89 844.583 769.5 663.606 1428.51 345.101 312.856 267.401 247.373 234.169 150.054 121.291 76.668 41.6614 30.6252
threshold=0.042572463768115944 6964266.0000000009 85.500000000000014 -0.46410256410256406 -0.05798319327731092 0.1211511790752411 0.64747307373653695 41901162.821596079 0.14000442624092105 181837271.10000002 2400087.6729361792 -0.60555555555555551 0.38710301013454618 1646.5000000000002 2982855.5000000005
decision_type=2 2 2 2 2 2 2 2 2 2 2 2 2 2 2
left_child=2 10 5 11 -5 6 -1 12 -9 -7 14 -4 -3 -12 -2
right_child=1 7 3 4 -6 9 -8 8 -10 -11 13 -13 -14 -15 -16
leaf_value=-0.0031152688138910145 0.025465072056266875 0.012445503860249918 -0.023873652092906414 0.018028153393623507 -0.0010908981376377843 0.0098593426604224408 0.0061892901844121653 0.0075385324341340791 0.00063881975481510788 -0.020505768444885636 0.015355445938443785 -0.0099839052663544276 0.0077583229757040191 0.010659338916286731 0.018961483471772914
leaf_weight=5729.4369305539876 1119.3048001676798 6800.2463144734502 685.49362686928362 3724.7633172720671 59072.350958392024 11336.382209935226 7478.1748401522636 11147.742840953171 8071.0741306766868 219.0920233707875 5119.359057508409 3410.4633963285014 6161.3551495671272 2912.3643145859241 3126.6557077839971
leaf_count=23516 715 6834 6849 4409 254366 33756 20668 14116 12576 1762 4546 28677 7122 3015 2520
internal_value=0.00373426 0.00946107 0.000955031 -0.000717254 4.66908e-05 0.00547132 0.00215177 0.00689985 0.00464527 0.00925519 0.0161551 -0.0123944 0.0102313 0.0136794 0.0207666
internal_weight=136114 44458.1 91656.2 66893.1 62797.1 24763.1 13207.6 32180.4 19218.8 11555.5 12277.7 4095.96 12961.6 8031.72 4245.96
internal_count=425447 51444 374003 294301 258775 79702 44184 40648 26692 35518 10796 35526 13956 7561 3235
is_linear=0
shrinkage=0.03


Tree=103
num_leaves=16
num_cat=0
split_feature=14 0 14 0 14 17 0 0 17 4 2 5 27 5 12
split_gain=958.087 1103.69 1270.69 1096.31 1123.77 867.496 782.925 490.821 364.377 346.416 328.521 274.905 244.018 242.925 160.363
threshold=4677751.4692307701 57385765.500000007 14470667.66134752 24150176.000000004 1815890.027777778 1.0000000180025095e-35 207563041.00000003 12000974.500000002 1.0000000180025095e-35 4.4213696892834511 5.1615275142315005 0.72613636363636369 10302128.82438479 0.60903532608695665 43.500000000000007
decision_type=2 2 2 2 2 2 2 2 2 2 2 2 2 2 2
left_child=3 9 5 4 7 -3 -4 -1 10 11 -5 -2 -10 -6 -11
right_child=1 2 6 8 13 -7 -8 -9 12 14 -12 -13 -14 -15 -16
leaf_value=0.0065120894302836659 -0.027098048566345959 -0.0028555871622374723 -0.0049243846072670773 -0.0071809032935305078 -0.026563613092248042 0.012725034843811562 0.0029648564087190197 0.020255438506951048 0.015733339479198884 -0.013387076774420754 0.013869790527101239 -0.0076843525180743241 0.027585688190329718 -0.0035219822074273178 0.0060731561148382783
leaf_weight=15774.191654840484 701.36760822869837 3970.0628888914362 14527.329079787247 989.10071001760662 420.99147032853216 16747.335548928939 51079.582391048782 2742.1581916436553 5436.7818222809583 440.47315106727183 1979.594511738047 8584.7652400061488 2272.0667657982558 7807.3945199884474 2314.5544378962368
leaf_count=34063 6213 11544 63149 3599 3672 34944 183349 4382 9597 1730 3218 31066 3439 23945 7537
internal_value=0.00363157 0.00207625 0.00326349 0.00771652 0.0044659 0.00973798 0.00121676 0.00856376 0.0158381 -0.00642622 0.00684529 -0.0091952 0.0192773 -0.0047507 0.00289538
internal_weight=135788 98365.5 86324.3 37422.3 26744.7 20717.4 65606.9 18516.3 10677.5 12041.2 2968.7 9286.13 7708.85 8228.39 2755.03
internal_count=425447 339532 292986 85915 66062 46488 246498 38445 19853 46546 6817 37279 13036 27617 9267
is_linear=0
shrinkage=0.03


Tree=104
num_leaves=16
num_cat=0
split_feature=15 11 1 15 15 17 17 28 8 17 15 17 17 18 1
split_gain=2300.25 745.133 664.459 650.821 1314.74 292.519 303.551 228.572 174.255 139.486 209.83 157.367 118.115 68.1068 54.2076
threshold=0.51923076923076927 85.500000000000014 3475.5000000000005 -0.46410256410256406 -0.05798319327731092 0.1211511790752411 0.070303719490766539 16438.963911268074 87.614454989454998 0.23861358314752582 2.0714285714285716 0.041201924905180938 0.039001181721687324 36.500000000000007 543.50000000000011
decision_type=2 2 2 2 2 2 2 2 2 2 2 2 2 2 2
left_child=1 5 7 12 -5 6 -1 14 -7 11 -11 -4 -3 -9 -2
right_child=2 3 9 4 -6 8 -8 13 -10 10 -12 -13 -14 -15 -16
leaf_value=0.0058881754548946496 0.020528144137597428 -0.02476147620066536 0.00023133144070118441 0.017451959137024613 -0.00092934156089572188 0.019414433363582045 -0.0031783939082405594 0.017467111872389248 0.0074724675004914833 0.0034559103799214441 -0.024211450082680958 0.0088096670287878213 -0.010060372262358437 0.010312780419097774 0.01449748307429175
leaf_weight=8439.9740101480857 4224.6107072010636 575.65566645655781 2242.315393678844 3696.9947319254279 61917.628501126543 1219.4961588736624 5458.9497905401513 1422.6179618760943 11117.16516177915 5945.3528399020433 242.27172982692719 13922.612242586911 3495.7275304440409 9444.1992383524776 2333.8471455127001
leaf_count=24116 3238 5068 3231 4409 258350 4218 20864 1173 32291 8434 594 16853 30458 10008 2142
internal_value=0.00352498 0.00100888 0.00958899 -0.00061333 0.000109631 0.00531675 0.00232544 0.0139812 0.00867752 0.00615657 0.00231185 0.0076229 -0.0122296 0.0112749 0.0184247
internal_weight=135699 95921.6 39777.8 69686 65614.6 26235.6 13898.9 17425.3 12336.7 22352.6 6187.62 16164.9 4071.38 10866.8 6558.46
internal_count=425447 379774 45673 298285 262759 81489 44980 16561 36509 29112 9028 20084 35526 11181 5380
is_linear=0
shrinkage=0.03


Tree=105
num_leaves=15
num_cat=0
split_feature=15 5 14 14 6 5 10 29 1 30 26 1 14 6
split_gain=2185.04 744.159 674.957 648.288 721.114 473.597 453.929 370.208 240.537 101.542 84.3099 59.9736 31.234 25.4801
threshold=0.51923076923076927 1.2251760563380285 3876717.944444445 48089392.352272734 0.63028588445503286 1.0000000180025095e-35 2.6671408250355628 1682912.8869864133 5675.5000000000009 6.5000000000000009 0.4455846557439514 863.50000000000011 819886.83516483533 0.21767001114827203
decision_type=2 2 2 2 2 2 2 2 2 2 2 2 2 2
left_child=1 5 11 4 -3 -1 -7 -5 10 -10 -4 12 -2 -13
right_child=2 3 8 7 -6 6 -8 -9 9 -11 -12 13 -14 -15
leaf_value=-0.030752944865734603 0.022354406511067737 0.00065961188755754455 0.012939452465727646 -0.0082592417080545044 0.0070440284583236984 -0.0057944356463668105 0.0099092752608903618 0.0010880474282159026 0.0089760177574005392 0.0039533334559960108 0.0081059392111470629 0.00328186108087909 0.017177106362038588 0.013997956212053887
leaf_weight=599.67449874617159 2043.7941006943583 36097.456021426246 6736.0303592160344 7312.7607569955289 28494.273951694369 13563.741771083325 1871.7888123616576 7934.9139182344079 4939.591212913394 13871.127442069352 6620.6013341769576 249.09067717194557 3484.2945416420698 1591.2583079785109
leaf_count=14563 1519 129204 6558 47761 69000 67668 8749 42829 5787 19565 7490 316 2955 1483
internal_value=0.00342708 0.000979053 0.0093602 0.00216392 0.00347751 -0.00491505 -0.00388041 -0.00339664 0.00747619 0.00527996 0.0105576 0.017549 0.0191519 0.012602
internal_weight=135410 95874.6 39535.8 79839.4 64591.7 16035.2 15435.5 15247.7 32167.4 18810.7 13356.6 7368.44 5528.09 1840.35
internal_count=425447 379774 45673 288794 198204 90980 76417 90590 39400 25352 14048 6273 4474 1799
is_linear=0
shrinkage=0.03


Tree=106
num_leaves=16
num_cat=0
split_feature=15 28 14 17 17 2 17 17 3 14 10 0 14 15 0
split_gain=2079.85 781.234 730.762 976.761 1888.25 806.273 266.98 385.001 266.037 253.298 249.274 147.821 119.748 64.013 48.0644
threshold=0.042572463768115944 78088.231535968691 252619.18750000003 1.0000000180025095e-35 0.059137627482414253 5.877650727650729 0.14803239703178409 0.11556835100054742 4.4921855921855931 2703284.9785714294 2.740240240240241 1265340.0000000002 38633029.547058828 -0.33771929824561397 2982855.5000000005
decision_type=2 2 2 2 2 2 2 2 2 2 2 2 2 2 2
left_child=2 9 8 5 -5 -4 7 -3 11 14 -8 -1 -11 -10 -2
right_child=1 6 3 4 -6 -7 10 -9 13 12 -12 -13 -14 -15 -16
leaf_value=-0.0057739346823802405 0.024835415131850863 0.004276803696350891 -0.014019879075963236 0.015088810047680559 -6.7002230195652789e-05 -9.5436490058795816e-05 -0.00078634737205216442 0.014471799217695373 -0.0054033762512891211 0.012431136212466248 0.013865482186284139 0.020993461039293573 0.0052614820029189 0.020404717172011113 0.017219699289143013
leaf_weight=729.98766010254622 1046.6141175031662 10290.195545785129 7143.4774744408205 8336.9363409355283 64775.177185706794 7852.6078092437238 8012.9707454144955 4940.7100333273411 82.037155710160732 11061.955632552505 1186.1482490077615 232.22083284892142 2645.298543035984 2385.9715212285519 4401.4041995555162
leaf_count=2108 712 13802 38527 23570 281533 24372 12628 4867 318 10934 1221 415 3478 3160 3802
internal_value=0.00333182 0.00872458 0.000762759 0.000232378 0.00166354 -0.00673781 0.00516109 0.00759688 0.014317 0.0132602 0.00111912 0.000878534 0.0110569 0.0195073 0.0187524
internal_weight=135124 43585.3 91538.4 88108.2 73112.1 14996.1 24430 15230.9 3430.22 19155.3 9199.12 962.208 13707.3 2468.01 5448.02
internal_count=425447 51444 374003 368002 305103 62899 32518 18669 6001 18926 13849 2523 14412 3478 4514
is_linear=0
shrinkage=0.03


Tree=107
num_leaves=16
num_cat=0
split_feature=15 31 11 27 5 1 14 1 6 0 0 30 17 1 0
split_gain=1976.91 733.931 806.421 646.526 577.608 489.329 337.475 327.369 305.598 169.448 144.435 159.546 145.256 56.2388 17.3912
threshold=0.51923076923076927 0.0057197382769901862 101.50000000000001 15115124.050099937 2.8190909090909098 7238.5000000000009 31603146.750000004 4008.5000000000005 0.59122919334186952 8771384.0000000019 745788976.50000012 6.5000000000000009 0.040998259559273727 543.50000000000011 2087568.5000000002
decision_type=2 2 2 2 2 2 2 2 2 2 2 2 2 2 2
left_child=1 4 5 9 6 -3 -1 -4 -6 14 12 -12 -5 -11 -2
right_child=3 2 7 10 8 -7 -8 -9 -10 13 11 -13 -14 -15 -16
leaf_value=0.0031381725029609648 0.025630250278319128 -0.0013548623577227781 -0.0099471658015058608 0.00077557270528161336 0.004661047191662538 0.0057949061446231111 -0.0050598005449401387 -0.0020157351583785033 0.012936001608161841 0.015549054160948829 0.0097994682428544175 0.00051138651756488728 0.0088399630358304126 0.010919127038766015 0.0190681025335643
leaf_weight=17475.25608426705 767.47611678391695 23385.486916500144 10286.044366888702 2347.716455206275 9034.6226513832808 13617.310985879041 6077.6750645469874 8626.0879662130028 7280.6320242546499 3819.9812001883984 2237.8750064373016 6409.8368456959724 14451.645752042532 7217.9757498204708 1813.5270033925772
leaf_count=52003 509 87675 50302 3254 30691 57698 33506 50296 17603 3416 2635 10297 16591 7463 1508
internal_value=0.00323915 0.000918556 -0.00129842 0.00892554 0.00402793 0.00127678 0.00101959 -0.00633558 0.00836405 0.0142013 0.00609415 0.00293125 0.00771644 0.0125431 0.0211678
internal_weight=134849 95783.1 55914.9 39066 39868.2 37002.8 23552.9 18912.1 16315.3 13619 25447.1 8647.71 16799.4 11038 2581
internal_count=425447 379774 245971 45673 133803 145373 85509 100598 48294 12896 32777 12932 19845 10879 2017
is_linear=0
shrinkage=0.03


Tree=108
num_leaves=16
num_cat=0
split_feature=15 27 31 1 5 11 11 11 6 27 0 30 17 1 0
split_gain=1879.74 694.622 692.444 810.28 523.863 497.382 432.222 349.299 293.6 193.647 150.216 144.831 135.574 46.1236 17.4299
threshold=0.40833333333333338 11525974.891365392 0.0057197382769901862 3314.5000000000005 2.7793162719633311 92.500000000000014 106.50000000000001 123.50000000000001 0.59122919334186952 87469945.701704547 8771384.0000000019 4.5000000000000009 1.0000000180025095e-35 543.50000000000011 2087568.5000000002
decision_type=2 2 2 2 2 2 2 2 2 2 2 2 2 2 2
left_child=2 10 4 6 7 -5 -4 -1 -6 12 14 -11 -3 -12 -2
right_child=1 9 3 5 8 -7 -8 -9 -10 11 13 -13 -14 -15 -16
leaf_value=-0.00024179939045978506 0.025410413101421794 0.0013040262317102198 -0.002909806526523397 0.0071190593833055926 0.0042771430550669499 -0.0012891463688572461 -0.011718195522334929 0.013468798244528072 0.012358661698186517 0.0085448917298478408 0.015475831780149258 0.00086144713426965008 0.0088865859809492635 0.010973794404105834 0.018889849711940156
leaf_weight=20971.897366565652 770.40789417177439 2463.9755857735872 21398.76551271975 11265.202836489305 9138.7119191773236 14414.428904596716 6546.1533715324476 1801.8978383475915 7304.8016566224396 2989.439162530005 3554.8435416445136 8386.1857899725437 15995.129381075501 5753.6119847893715 1846.7357031032443
leaf_count=77524 523 3370 82344 44933 31259 82520 33043 6343 17930 3593 3200 13256 18116 5938 1555
internal_value=0.00314835 0.00843328 0.000769889 -0.00144524 0.00379895 0.00240022 -0.00497944 0.000849839 0.00787706 0.00598022 0.0145525 0.00289183 0.00787795 0.0127184 0.0209546
internal_weight=134602 41760.3 92841.9 53624.6 39217.3 25679.6 27944.9 22773.8 16443.5 29834.7 11925.6 11375.6 18459.1 9308.46 2617.14
internal_count=425447 49551 375896 242840 133056 127453 115387 83867 49189 38335 11216 16849 21486 9138 2078
is_linear=0
shrinkage=0.03


Tree=109
num_leaves=16
num_cat=0
split_feature=14 13 14 17 11 27 17 2 14 14 21 13 17 13 21
split_gain=886.206 635.792 1035.91 971.661 470.902 420.369 718.927 542.92 455.584 405.149 348.601 293.913 221.045 142.492 137.999
threshold=4677751.4692307701 77.386783115015248 17629732.625000004 0.039001181721687324 85.500000000000014 10302128.82438479 1.0000000180025095e-35 4.4296703296703308 1815890.027777778 252619.18750000003 18546.500000000004 99.328062061223918 0.16354797780513766 15.977236926328683 1585.5000000000002
decision_type=2 2 2 2 2 2 2 2 2 2 2 2 2 2 2
left_child=5 10 3 -3 -4 7 11 8 -1 -9 12 -7 -2 -12 -8
right_child=1 2 4 -5 -6 6 14 9 -10 -11 13 -13 -14 -15 -16
leaf_value=0.0058154959839855289 -0.0061436831998188165 -0.0047450698680173188 0.0052458251340211388 0.011748316227327343 -0.00095733714272589225 -0.015782819943328995 0.029294813277567743 0.019626009564586031 -0.0054286485593697401 0.0074034929325550811 -0.021799806453831491 0.019872284836013009 0.0007423058360375742 0.015119822350910354 0.008683170102348349
leaf_weight=8201.1215981841087 13696.095597377047 3970.2475232882425 15050.937729237601 16668.749440749176 40925.164184678346 656.08551622647792 1969.0394807271659 2848.1729529239237 5341.8362687639892 17104.179827651009 88.602075763046741 286.66863535158336 6030.559516409412 1155.9153748303652 366.53846256434917
leaf_count=20485 47360 13263 46147 39087 171731 2589 3271 3640 19876 34975 290 524 19700 1954 555
internal_value=0.00306006 0.00156352 0.00283055 0.00857295 0.000711001 0.00702834 0.0172677 0.00601799 0.00137708 0.00916318 -0.00306266 -0.00476821 -0.00403811 0.0122392 0.0261489
internal_weight=134360 97586.3 76615.1 20639 55976.1 36773.6 3278.33 33495.3 13543 19952.4 20971.2 942.754 19726.7 1244.52 2335.58
internal_count=425447 339532 270228 52350 217878 85915 6939 78976 40361 38615 69304 3113 67060 2244 3826
is_linear=0
shrinkage=0.03


Tree=110
num_leaves=16
num_cat=0
split_feature=17 17 2 17 17 28 28 24 23 17 7 12 28 9 31
split_gain=557.25 1391.51 849.228 761.172 572.195 434.19 412.245 380.176 262.976 238.154 230.617 175.298 162.263 154.242 50.367
threshold=1.0000000180025095e-35 0.059137627482414253 4.0940448113207557 0.11787210404872896 0.12883955240249637 10558699.34320513 6931.8209683578671 0.68299551038720729 0.088361453816665644 0.086981520056724562 5.8358742695311614 79.500000000000014 3872.2002736260406 432.50000000000006 0.040922381711855402
decision_type=2 2 2 2 2 2 2 2 2 2 2 2 2 2 2
left_child=2 7 11 9 -5 6 -4 10 -9 -3 -2 12 -1 -7 -13
right_child=1 3 5 4 -6 13 -8 8 -10 -11 -12 14 -14 -15 -16
leaf_value=0.0038508401599843473 0.015356307841324109 0.00012596958455096696 0.008212827881201451 0.0093357326039601729 0.0028905116989589182 0.068307386284986935 -0.0017927513590447054 0.03059109964619984 0.014937523273341333 -0.0063955674866838378 0.0013011739882632187 0.040897730856715213 -0.013045158394604189 0 -0.015290346820884206
leaf_weight=554.72743239067495 1626.7539846263826 26089.619111416861 5704.5919513627887 16422.540730764158 50642.133544702083 105.33895064517856 10507.697774295695 1142.0296490937471 6762.5362684438005 6228.6016707904637 2941.8721314258873 61.1088693048805 5462.6572772180662 38.369920488446951 8.5856752097606641
leaf_count=1434 3831 91563 10955 43641 165873 189 32161 1588 14221 23936 8348 133 27346 98 130
internal_value=0.00296991 0.0038355 -0.00134255 0.00264863 0.00447097 0.00221732 0.00173038 0.0132752 0.0172566 -0.00113236 0.00634622 -0.0108948 -0.0114769 0.0516061 0.0321396
internal_weight=134299 111856 22443.1 99382.9 67064.7 16356 16212.3 12473.2 7904.57 32318.2 4568.63 6087.08 6017.38 143.709 69.6945
internal_count=425447 353001 72446 325013 209514 43403 43116 27988 15809 115499 12179 29043 28780 287 263
is_linear=0
shrinkage=0.03


Tree=111
num_leaves=16
num_cat=0
split_feature=15 15 15 14 27 1 15 15 1 1 17 28 23 27 29
split_gain=1805.26 709.257 1811.86 725.817 601.124 301.851 208.851 1378.02 155.291 138.947 141.785 84.9447 69.6583 50.3406 36.3765
threshold=0.51923076923076927 -0.48979591836734687 -0.084699453551912551 70563326.333333358 15115124.050099937 17498.500000000004 -0.65833333333333321 -0.54195804195804176 543.50000000000011 3314.5000000000005 0.041201924905180938 4801.927545409847 0.41558440840806526 1173881.5760026968 14440.334546711079
decision_type=2 2 2 2 2 2 2 2 2 2 2 2 2 2 2
left_child=1 6 5 -4 8 -3 11 -8 13 12 -11 -1 -6 -2 -10
right_child=4 2 3 -5 9 -7 7 -9 14 10 -12 -13 -14 -15 -16
leaf_value=0.0052155789620265784 0.021380122501698118 0.024781823548540756 0.0012407858468224129 -0.0074656869266578304 0.013242320544374058 0.010807687659248541 0.048257214122493529 -0.01135396806763872 0.015726215243807719 -0.0033262765275431567 0.005287558548294477 -0.024616023187770786 0.0063888966345061323 0.015125764550712895 0.0096094046141797819
leaf_weight=87.790650205686688 1883.7792234309018 2789.948281571269 74514.47805884853 9729.0499854069203 2758.9627227261662 2864.1316671147943 363.03631580993533 4544.7662371266633 1087.2015782520175 1888.6930471211672 17834.124567769468 900.45665847975761 2724.6173739880323 4077.9437915831804 6213.032743267715
leaf_count=417 1507 2096 253464 74349 2663 4283 758 35829 959 2957 23921 8578 3236 3740 6690
internal_value=0.00288217 0.000676978 0.00133894 0.000233793 0.00837035 0.0177557 -0.00938873 -0.00680475 0.0135405 0.00564255 0.00445926 -0.0218977 0.00986925 0.0171557 0.0105548
internal_weight=134262 95793.7 89897.6 84243.5 38468.4 5654.08 5896.05 4907.8 13262 25206.4 19722.8 988.247 5483.58 5961.72 7300.23
internal_count=425447 379774 334192 327813 45673 6379 45582 36587 12896 32777 26878 8995 5899 5247 7649
is_linear=0
shrinkage=0.03


Tree=112
num_leaves=15
num_cat=0
split_feature=15 5 6 27 5 10 3 29 1 0 12 29 1 0
split_gain=1714.46 661.135 646.249 646.05 509.465 539.46 483.157 206.1 182.609 144.321 137.793 122.059 46.079 14.3049
threshold=0.40833333333333338 1.7248188405797105 1.6846292947558774 11525974.891365392 1.0000000180025095e-35 3.6375661375661386 2.5724789915966393 28547421.345266785 67809.000000000015 7651638.0000000009 47.500000000000007 4003564.106910341 543.50000000000011 2087568.5000000002
decision_type=2 2 2 2 2 2 2 2 2 2 2 2 2 2
left_child=1 4 6 9 -1 -6 -3 -4 10 13 -5 -10 -11 -2
right_child=3 2 7 8 5 -7 -8 -9 11 12 -12 -13 -14 -15
leaf_value=-0.030689160322008684 0.024903618554958352 -0.01134702494997847 0.0098573355963513052 0.0037726836600490915 -0.0034198779292393452 0.020580022864719993 0.0015347357690118221 -0.0085613478954316927 0.0050534838751145287 0.014907467872584606 0.0084138726598874045 -0.0041695880650785564 0.01043959906948513 0.018518093195780762
leaf_weight=582.11285321880132 728.93677868321538 2747.9879082087427 10311.078130524606 9475.2191281691194 27039.841283661313 854.92126878537238 50698.418076200411 564.47816260904074 2539.2383785694838 3628.2521658465266 14941.265453062952 2596.0124269723892 5705.9380853548646 1539.510148845613
leaf_count=14563 523 14075 24386 12421 122883 3213 194766 2010 3615 3358 17551 4748 5996 1339
internal_value=0.00280286 0.000541949 0.00222697 0.0078982 -0.0032622 -0.00267259 0.000868851 0.00888811 0.00553645 0.013896 0.00661743 0.000386575 0.0122006 0.0207333
internal_weight=133953 92798.8 64322 41154.4 28476.9 27894.8 53446.4 10875.6 29551.7 11602.6 24416.5 5135.25 9334.19 2268.45
internal_count=425447 375896 235237 49551 140659 126096 208841 26396 38335 11216 29972 8363 9354 1862
is_linear=0
shrinkage=0.03


Tree=113
num_leaves=16
num_cat=0
split_feature=15 15 15 14 14 0 0 15 15 15 30 28 0 28 17
split_gain=1627.13 672.589 1712.3 686.888 565.039 374.203 210.951 202.254 1282.21 194.552 148.123 82.0915 66.0546 23.6478 11.0446
threshold=0.54509283819628662 -0.48979591836734687 -0.084699453551912551 70563326.333333358 3549095.839285715 277111208.00000006 745788976.50000012 -0.65833333333333321 -0.54195804195804176 1.8730158730158732 6.5000000000000009 4801.927545409847 4730167.5000000009 44362.572633116753 0.2673891037702561
decision_type=2 2 2 2 2 2 2 2 2 2 2 2 2 2 2
left_child=1 7 5 -4 12 -3 9 11 -9 -6 -8 -1 14 -14 -2
right_child=4 2 3 -5 6 -7 10 8 -10 -11 -12 -13 13 -15 -16
leaf_value=0.0049734995850404104 0.022650615154759041 0.027769390427832538 0.0011859195425279921 -0.0073009601682899709 0.0089305226800827295 0.011483066416599489 0.0089756238379076186 0.04589369858660261 -0.011118703180636983 0.00097689643991600694 -9.0239028115750865e-06 -0.024333850780582072 0.015563110511663897 0.010082177690749382 0.0074860064965823307
leaf_weight=88.175262631848454 1355.7666701488197 1982.8938461989164 74506.644916225225 9684.8382736202329 19943.714552141726 3629.6966025158763 2210.0774454176426 370.32922262698412 4512.9040001993999 3228.1270425096154 6379.7919256538153 885.14121594745666 3798.7938102558255 1063.0217291116714 70.162912685424089
leaf_count=417 1062 1244 253466 74352 22455 5135 2643 758 35829 4466 10325 8578 3500 1132 85
internal_value=0.00272412 0.000636214 0.00127947 0.000208161 0.00797025 0.0173009 0.00633652 -0.00920047 -0.00666163 0.00782513 0.00231076 -0.0216133 0.0161834 0.0144056 0.022011
internal_weight=133710 95660.6 89804.1 84191.5 38049.5 5612.59 31761.7 5856.55 4883.23 23171.8 8589.87 973.316 6287.75 4861.82 1425.93
internal_count=425447 379779 334197 327818 45668 6379 39889 45582 36587 26921 12968 8995 5779 4632 1147
is_linear=0
shrinkage=0.03


Tree=114
num_leaves=16
num_cat=0
split_feature=15 28 14 17 17 2 17 17 3 10 14 23 14 17 27
split_gain=1550.13 664.336 652.661 860.26 1669.93 725.623 259.028 359.352 235.298 232.551 216.2 132.318 104.202 60.9962 31.4609
threshold=0.042572463768115944 78088.231535968691 252619.18750000003 1.0000000180025095e-35 0.059137627482414253 12.396428571428574 0.14803239703178409 0.11556835100054742 4.4921855921855931 2.740240240240241 2703284.9785714294 0.26514591237728341 38633029.547058828 0.27732679247856146 147942.73930562954
decision_type=2 2 2 2 2 2 2 2 2 2 2 2 2 2 2
left_child=2 10 8 5 -5 -4 7 -3 11 -8 14 -1 -12 -10 -2
right_child=1 6 3 4 -6 -7 9 -9 13 -11 12 -13 -14 -15 -16
leaf_value=-0.032282369865213933 0.025751358588327441 0.0033315259277242326 -0.010552842898040236 0.013902515630557184 -0.00033792672961895423 0.0045089216097531793 -0.0017286934827274851 0.013315239867140552 0.018642096859727657 0.012616596700512392 0.011028583370418467 0.0043253826371329705 0.0042692283098332406 -0.025919025574812904 0.016259036324244806
leaf_weight=83.656010571867228 392.21655919402838 10093.155056908727 10994.856057077646 8354.5195647990331 64699.128944757394 3885.0207830518484 7888.0050163939595 4786.280449166894 2437.0257607623935 1152.2208206057549 10574.529706455767 877.5635820813477 2598.5817652195692 14.9482439532876 4579.0219245664775
leaf_count=354 273 13802 52659 23570 281533 10240 12628 4867 3412 1221 10934 2169 3478 66 4241
internal_value=0.002649 0.00741335 0.000453897 -4.64095e-05 0.00129274 -0.00661774 0.00412374 0.00655519 0.0132958 0.000114241 0.0117414 0.000661561 0.00970385 0.0182023 0.0170892
internal_weight=133411 42064 91346.7 87933.5 73053.6 14879.9 23919.7 14879.4 3413.19 9040.23 18144.3 961.22 13173.1 2451.97 4971.24
internal_count=425447 51444 374003 368002 305103 62899 32518 18669 6001 13849 18926 2523 14412 3478 4514
is_linear=0
shrinkage=0.03


Tree=115
num_leaves=16
num_cat=0
split_feature=14 0 0 14 0 14 17 0 5 14 5 27 17 8 11
split_gain=793.802 1010.4 944.336 1320.91 1060.42 895.461 517.978 253.891 244.128 230.348 140.08 136.066 134.696 119.962 68.41
threshold=2805202.7083333335 15751179.500000002 36826609.500000007 7918531.8708333345 97088341.500000015 968726.70000000007 0.039001181721687324 12000974.500000002 1.025978407557355 185965.20454545456 0.60903532608695665 17952215.649679054 0.039848547428846366 96.084830993921926 87.500000000000014
decision_type=2 2 2 2 2 2 2 2 2 2 2 2 2 2 2
left_child=1 5 8 6 -5 9 -4 -7 11 -1 14 -2 -10 -12 -3
right_child=2 10 3 4 -6 7 -8 -9 12 -11 13 -13 -14 -15 -16
leaf_value=0.015998771995685418 -0.019957504556189276 0.012620822108240627 0.00075566124684636336 -0.0075933953465675257 0.0023051947348225773 -0.0072304341602936785 0.014182967540564299 0.0052420878103472367 -0.012738505814227365 0.006442103930651929 0.016775882557718169 0.024703902265455401 -0.0034251646880508646 0.03288105518210549 -0.021067598581956715
leaf_weight=3148.2002310343087 1417.4744256064296 78.889074588194489 3428.579647901468 11281.323915739544 70675.658522219397 5820.3107117302716 10585.053579635918 1948.0500186569989 1685.866742182523 8273.763458924368 6121.0546917170286 51.231881771236658 8078.7293407544494 457.87361913174391 115.16037369892001
leaf_count=4886 9194 191 9644 47323 248537 18068 20265 5065 6590 17676 10092 352 26238 670 656
internal_value=0.00257468 0.00728 0.00143398 0.00239776 0.000941154 0.00375589 0.0109043 -0.00409481 -0.00678958 0.00909633 0.0172303 -0.0181454 -0.00505326 0.0179736 -0.00730549
internal_weight=133167 25963.3 107204 95970.6 81957 19190.3 14013.6 7768.36 11233.3 11422 6772.98 1468.71 9764.6 6578.93 194.049
internal_count=425447 57304 368143 325769 295860 45695 29909 23133 42374 22562 11609 9546 32828 10762 847
is_linear=0
shrinkage=0.03


Tree=116
num_leaves=16
num_cat=0
split_feature=15 5 15 15 28 17 17 25 14 9 0 14 14 0 12
split_gain=1472.19 640.157 640.26 1580.5 633.919 244.565 341.263 220.919 205.364 193.598 156.22 447.967 100.665 46.9512 25.6281
threshold=0.042572463768115944 0.23222109875294913 -0.48979591836734687 -0.08848733233979135 78088.231535968691 0.14803239703178409 0.11556835100054742 2.7402402402402406 2703284.9785714294 289.50000000000006 152100878.50000003 16430286.142857144 37989986.51282052 2982855.5000000005 39.500000000000007
decision_type=2 2 2 2 2 2 2 2 2 2 2 2 2 2 2
left_child=1 10 9 -4 8 6 -6 -7 13 -3 14 -12 -10 -2 -1
right_child=4 2 3 -5 5 7 -8 -9 12 -11 11 -13 -14 -15 -16
leaf_value=-0.0019302297327548812 0.023170029611962847 -0.020006398057553703 0.016813887090827612 0.00023896683358338154 0.0031834653921900052 -0.0017346256568471176 0.012947917760778291 0.012290197451268282 0.010763892968982865 -0.0062142412733253412 0.046867597242862734 -0.020463015390428944 0.0041552894361377496 0.015157363779209362 -0.030708347848933632
leaf_weight=33.476323812268674 891.29271602258086 1141.066237449646 5527.5050567314029 78734.03808869049 10065.491750985384 7887.7023338004947 4741.384847573936 1144.075229883194 10430.106409624219 4617.0509982556105 94.256980629637837 466.26111000776291 2641.6392409801483 3978.2883575558662 699.01999029517174
leaf_count=530 712 15091 6314 303219 13802 12628 4867 1221 10873 28499 269 8244 3539 3802 11837
internal_value=0.00249909 0.000364169 0.000667144 0.00132943 0.00716256 0.00395089 0.00632215 5.60457e-05 0.0114214 -0.00899746 -0.0204718 -0.00816211 0.00943696 0.0166967 -0.0294984
internal_weight=133093 91312.7 90019.7 84261.5 41780 23838.7 14806.9 9031.78 17941.3 5758.12 1293.01 560.518 13071.7 4869.58 732.496
internal_count=425447 374003 353123 309533 51444 32518 18669 13849 18926 43590 20880 8513 14412 4514 12367
is_linear=0
shrinkage=0.03


Tree=117
num_leaves=16
num_cat=0
split_feature=15 31 1 14 14 14 14 0 29 0 15 30 0 28 17
split_gain=1398.78 646.076 710.652 1015.61 776.129 505.966 479.651 685.57 465.157 191.357 191.132 140.586 71.3501 23.5004 11.6959
threshold=0.54509283819628662 0.0057197382769901862 3314.5000000000005 8070902.2500000009 17629732.625000004 3876717.944444445 11561022.175000003 45109052.000000007 4003564.106910341 745788976.50000012 1.2361111111111114 21.500000000000004 4730167.5000000009 16438.963911268074 0.2673891037702561
decision_type=2 2 2 2 2 2 2 2 2 2 2 2 2 2 2
left_child=1 6 3 -3 -4 12 7 -1 -8 10 -7 -11 14 -14 -2
right_child=5 2 4 -5 -6 9 8 -9 -10 11 -12 -13 13 -15 -16
leaf_value=0.0024128269557604329 0.021911396606487638 -0.0010638888322219372 0.010186446035975384 -0.013294821169824951 -0.0012067883253926426 0.008336469398875921 -0.0019406006121613583 0.013680978562953078 0.011702152889699178 0.0065352909265071635 0.00044187935986725996 -0.0012846466692963421 0.015382773279292879 0.011026258122948739 0.0064241375735640208
leaf_weight=13290.986898859963 1274.5950866527855 19434.918854760006 7355.9664467331022 8903.1621123217046 19913.520684787072 19144.805481731892 16250.307191861793 7660.4594245553017 2595.1795908007771 3480.0601860955358 3236.0407753959298 5050.4495099261403 2585.0510615371168 2563.795329041779 66.939082071185112
leaf_count=36442 1062 65648 21656 50278 108393 21905 71957 16034 9371 4650 4531 8310 2440 2685 85
internal_value=0.0024298 0.000501361 -0.00158665 -0.00491262 0.00186936 0.00734589 0.00341915 0.00654106 -5.24771e-05 0.00574027 0.00719739 0.00190789 0.0149574 0.0132576 0.0212403
internal_weight=132806 95404.5 55607.6 28338.1 27269.5 37401.7 39796.9 20951.4 18845.5 30911.4 22380.8 8530.51 6490.38 5148.85 1341.53
internal_count=425447 379779 245975 115926 130049 45668 133804 52476 81328 39396 26436 12960 6272 5125 1147
is_linear=0
shrinkage=0.03


Tree=118
num_leaves=16
num_cat=0
split_feature=15 5 14 0 27 30 4 3 23 27 30 5 5 26 0
split_gain=1325.91 621.989 549.665 689.714 498.597 450.593 282.173 273.335 221.686 196.035 100.533 133.005 106.732 78.8821 39.8418
threshold=0.54509283819628662 2.8675584691708011 109756321.25000001 140995146.50000003 30945633.501611575 3.5000000000000004 6.8379104477611952 2.3535539215686279 0.13195259373387233 2768072.5497841598 1.5000000000000002 2.6014705882352946 2.2366028708133974 0.39572196826456268 2087568.5000000002
decision_type=2 2 2 2 2 2 2 2 2 2 2 2 2 2 2
left_child=1 2 3 -1 9 7 -7 -3 -4 14 12 -12 -6 -11 -2
right_child=4 5 8 -5 10 6 -8 -9 -10 13 11 -13 -14 -15 -16
leaf_value=-0.003502635767723613 0.023881851025166618 -0.010107693213517769 -0.0026251040960088589 0.0031986390870049437 0.0016364855804228641 -0.00023892418234738592 0.018930249367146042 0.0081688469781502262 -0.017359891171835878 0.01143931239030066 0.0049298759789952618 -0.00084091937632607271 0.011859700313896136 0.0069703991000048971 0.015176819325705471
leaf_weight=31851.670503971167 636.13762814551592 759.24075750261545 1446.4188700104132 24394.91806829907 1496.5676477998495 18090.571101637557 703.4689612518996 15546.008782781661 2560.1168434107676 6790.0652157962322 8791.7560139298439 6053.6353347748518 2421.012829311192 7827.6615524739027 3199.917155880481
leaf_count=122582 509 3470 10038 93963 2075 73560 2681 45822 27663 6969 11966 9342 2549 9147 3111
internal_value=0.00236157 0.000486494 -0.00136239 -0.00059559 0.00716274 0.00366047 0.000491516 0.00730747 -0.0120775 0.0106636 0.00371217 0.00257618 0.00798306 0.0090579 0.0167156
internal_weight=132569 95352.4 60253.1 56246.6 37216.8 35099.3 18794 16305.2 4006.54 18453.8 18763 14845.4 3917.58 14617.7 3836.05
internal_count=425447 379779 254246 216545 45668 125533 76241 49292 37701 19736 25932 21308 4624 16116 3620
is_linear=0
shrinkage=0.03


Tree=119
num_leaves=16
num_cat=0
split_feature=15 4 28 14 0 0 31 17 17 17 15 14 18 0 0
split_gain=1259.28 635.509 577.987 544.436 1231.63 1175.02 241.349 339.47 230.26 343.581 208.636 192.665 180.783 104.398 46.0435
threshold=0.042572463768115944 1.4080290010741141 79690.571875554786 4926939.7250000006 36826609.500000007 103303625.50000001 0.041300278115562063 0.23606703430414203 0.14803239703178409 0.11556835100054742 2.0714285714285716 2703284.9785714294 1621.0000000000002 3875455154.0000005 2982855.5000000005
decision_type=2 2 2 2 2 2 2 2 2 2 2 2 2 2 2
left_child=1 6 11 4 -3 -5 12 -8 9 -4 -10 14 -1 -13 -2
right_child=2 3 8 5 -6 -7 7 -9 10 -11 -12 13 -14 -15 -16
leaf_value=-0.0026083149913850899 0.022546519305945662 0.00184611291885589 0.0026983060415339223 -0.0077859552922393879 0.019156755086007678 0.0022572134536867419 -0.013874570957588435 0.0019019254146939416 0.00065634547189009668 0.012572723501051264 -0.023702381570155077 0.0091410258633596933 0.023780274661183227 -0.014128247930092713 0.01443141498827775
leaf_weight=5298.7223361749202 841.89027896150947 20649.134716440924 9878.9407267197967 14228.111244193278 4493.9456228939816 39712.582764841616 4929.864000258036 1624.1618509041145 8622.4137179777026 4671.8596599325538 313.47376608848572 12857.70219284296 229.31063422560692 162.11274532973766 3855.5210028924048
leaf_count=25266 712 58160 13691 63979 8449 177374 30511 9594 13011 4841 765 14279 670 333 3812
internal_value=0.00229455 0.000326737 0.00664601 0.00130637 0.0049509 -0.000392778 -0.00607672 -0.00996499 0.00355451 0.00588045 -0.000233103 0.0107361 -0.00144688 0.00883307 0.0159593
internal_weight=132370 91165.8 41203.9 79083.8 25143.1 53940.7 12082.1 6554.03 23486.7 14550.8 8935.89 17717.2 5528.03 13019.8 4697.41
internal_count=425447 374003 51444 307962 66609 241353 66041 40105 32308 18532 13776 19136 25936 14612 4524
is_linear=0
shrinkage=0.03


Tree=120
num_leaves=14
num_cat=0
split_feature=5 17 17 17 3 24 28 28 30 17 17 10 9
split_gain=692.824 509.366 1231.92 709.425 691.197 362.619 315.278 180.431 91.8171 54.2138 24.3254 40.2102 19.4672
threshold=0.10102040816326532 1.0000000180025095e-35 0.059137627482414253 0.11787210404872896 5.6466063348416302 0.68299551038720729 10558699.34320513 4176.653035934316 24.500000000000004 0.26496693491935736 0.32453259825706487 1.8350168350168354 276.50000000000006
decision_type=2 2 2 2 2 2 2 2 2 2 2 2 2
left_child=8 4 5 -4 7 -3 -6 -2 10 -10 -1 -12 -11
right_child=1 2 3 -5 6 -7 -8 -9 9 12 11 -13 -14
leaf_value=-0.031247043069761345 0.0031645443951418438 0.0053889119523353769 -0.0015914908465081677 0.0038742429011495456 0.0019200783187038105 0.016134017193835271 0.048381945523916503 -0.010256662350062567 -0.01833142114635777 0.044790756456949611 0.030452075823604929 -0.020259573063130903 -0.00039470674962703079
leaf_weight=627.21737366449088 1017.9709688089788 4500.1889027934521 31660.543188244104 65671.869941692799 13465.411917516962 7729.5514977164567 117.84626767411828 7277.0119428113103 20.564826368354261 15.493634145706894 6.9992218017578152 23.874935096129775 9.7814413420855981
leaf_count=15303 2491 11779 111494 201262 34247 15292 218 32411 358 50 1 483 58
internal_value=0.00222985 0.00239044 0.00322502 0.00209606 -0.00178694 0.012194 0.00237831 -0.00860325 -0.0271388 0.0105868 -0.0299886 -0.00191105 0.0329249
internal_weight=132144 131440 109562 97332.4 21878.2 12229.7 13583.3 8294.98 703.931 45.8399 658.092 30.8742 25.2751
internal_count=425447 409194 339827 312756 69367 27071 34465 34902 16253 466 15787 484 108
is_linear=0
shrinkage=0.03


Tree=121
num_leaves=16
num_cat=0
split_feature=15 15 15 5 27 0 15 15 0 31 12 27 21 1 0
split_gain=1192.8 612.884 1495.03 584.987 467.635 371.712 197.031 1178.99 164.6 132.966 121.55 111.036 58.8089 52.0035 18.4007
threshold=0.54509283819628662 -0.48979591836734687 -0.084699453551912551 0.58174245053800777 21536236.311239872 228689772.00000003 -0.65833333333333321 -0.54195804195804176 8771384.0000000019 0.037001612770401072 48.500000000000007 639357458.54492319 35823.000000000007 439.50000000000006 2087568.5000000002
decision_type=2 2 2 2 2 2 2 2 2 2 2 2 2 2 2
left_child=1 6 5 -4 8 -3 12 -8 14 10 -6 -11 -1 -10 -2
right_child=4 2 3 -5 9 -7 7 -9 13 11 -12 -13 -14 -15 -16
leaf_value=-0.023440320433655223 0.023463870158543561 0.027547481077515722 -0.011107525574222937 0.00057507544981702399 0.0035366305066448539 0.010731810878585955 0.043317126278354018 -0.010885922269534045 0.012837671476922588 0.0028110611648426362 0.011369760415562537 -0.010547099387874834 0.0041065507533878829 0.0083643505266693657 0.01632387956877631
leaf_weight=889.70998785179108 609.62386661395431 1745.8648422956467 4038.0597533602268 79946.262648392469 3790.9606825634837 3755.2454716563225 377.90041404590011 4469.0608221613802 3242.1508724950254 14004.328059889376 3410.5041324049234 567.9743919223547 69.150951467454433 9632.7491272985935 1550.544379979372
leaf_count=8565 509 1074 35166 292652 5028 5305 758 35829 3239 19621 3709 1239 430 10815 1508
internal_value=0.00216387 0.000391457 0.00100517 1.11226e-05 0.00674946 0.0161344 -0.00904081 -0.00653313 0.0108181 0.00393312 0.00726636 0.00227804 -0.0213902 0.00950678 0.0185006
internal_weight=132100 95291.3 89485.4 83984.3 36808.8 5501.11 5805.82 4846.96 15035.1 21773.8 7201.46 14572.3 958.861 12874.9 2160.17
internal_count=425447 379779 334197 327818 45668 6379 45582 36587 16071 29597 8737 20860 8995 14054 2017
is_linear=0
shrinkage=0.03


Tree=122
num_leaves=16
num_cat=0
split_feature=15 14 17 17 3 1 0 14 0 27 12 17 0 26 0
split_gain=1130.76 589.694 747.202 1581.71 601.249 515.294 260.94 339.271 148.664 148.187 128.409 125.268 71.4329 52.3398 38.4646
threshold=0.40833333333333338 599978.80000000016 0.039001181721687324 0.059137627482414253 9.2320134575569366 2182.5000000000005 3347572.0000000005 252619.18750000003 17794490.500000004 263261004.24560961 52.500000000000007 0.040998259559273727 40836976.500000007 0.4455846557439514 2087568.5000000002
decision_type=2 2 2 2 2 2 2 2 2 2 2 2 2 2 2
left_child=1 6 4 -4 -3 8 7 -1 14 11 -11 -7 -8 -10 -2
right_child=5 2 3 -5 -6 9 12 -9 13 10 -12 -13 -14 -15 -16
leaf_value=0.011209239566661765 0.023298379899902032 -0.011497063279370086 0.013327264021788006 -0.00073461975724464952 0.0012298179603159188 -0.0011462586375215935 0.019180110972193725 -0.0051329122291334283 0.011310480423066519 -0.0056370944024918884 0.005481221866999347 0.0057073996553267062 -0.019353915656803534 0.0066846145677506375 0.014668928025746441
leaf_weight=3058.2461005672812 614.05691412091255 8798.7521668542176 8106.3923300905153 63366.664765154943 5369.4220686145127 2718.7433401867747 1828.8227035943419 1806.4862053561956 4683.7030221261084 2450.2946723252535 1489.841145850718 19745.109346039593 32.108583062887192 4431.0914286710322 3342.7908939309418
leaf_count=5640 522 46207 22358 278197 15427 3948 2886 5099 4845 4641 2211 24860 82 5215 3309
internal_value=0.00210363 0.000286705 -0.00038533 0.000862305 -0.00667554 0.00635246 0.00883032 0.00513742 0.0112226 0.0039353 -0.00142062 0.00487637 0.0183498 0.00907961 0.0160986
internal_weight=131843 92366.9 85641.2 71473.1 14168.2 39475.6 6725.66 4864.73 13071.6 26404 3940.14 22463.9 1860.93 9114.79 3956.85
internal_count=425447 375896 362189 300555 61634 49551 13707 10739 13891 35660 6852 28808 2968 10060 3831
is_linear=0
shrinkage=0.03


Tree=123
num_leaves=16
num_cat=0
split_feature=15 14 0 14 0 14 14 11 15 27 31 18 0 1 0
split_gain=1071.79 600.574 1618.36 1563.59 1066.04 669.322 439.192 379.963 256.828 195.839 108.51 97.4885 66.472 21.0752 5.67804
threshold=0.54509283819628662 37351845.77310925 203827392.50000003 9672427.0486111138 888774530.00000012 104922208.3452381 3876717.944444445 109.50000000000001 -0.63397129186602863 41901162.821596079 0.037001612770401072 922.00000000000011 4730167.5000000009 863.50000000000011 1265340.0000000002
decision_type=2 2 2 2 2 2 2 2 2 2 2 2 2 2 2
left_child=1 2 3 -1 7 -6 12 -3 -4 11 -11 -8 14 -14 -2
right_child=6 4 8 -5 5 -7 9 -9 -10 10 -12 -13 13 -15 -16
leaf_value=0.002340130608702945 0.024423114427037883 -0.0079202186903789638 -0.01607100058226564 -0.0089643821727102557 0.0082171800448117682 -0.006376879307324692 0.0086911595295887916 -0.022519179747458356 0.010731824961250708 0.0061480283260912059 0.00087139879692280195 0.0025305649211964467 0.013513740790317553 0.0090329829444099358 0.017698436122888787
leaf_weight=41347.300037019886 381.12711676210165 9243.9755140775815 314.92867728788406 14991.784385908395 7123.5543444864452 4668.4348287852481 11553.374218948185 1941.4641245873645 15517.993865595199 5238.3369075208902 10624.313700027764 2926.9798547998071 3295.043843485415 1608.9486423432827 847.35200437530875
leaf_count=125827 314 62803 2362 74789 21549 37287 12885 17651 37511 6622 16045 3844 3337 1788 833
internal_value=0.00204427 0.000367508 0.00171266 -0.000669044 -0.00385466 0.00243611 0.00641546 -0.0104836 0.0101821 0.00492938 0.00261996 0.00745187 0.0137336 0.0120818 0.0200783
internal_weight=131625 95149.4 72172 56339.1 22977.4 11792 36475.5 11185.4 15832.9 30343 15862.7 14480.4 6132.47 4903.99 1228.48
internal_count=425447 379779 240489 200616 139290 58836 45668 80454 39873 39396 22667 16729 6272 5125 1147
is_linear=0
shrinkage=0.03


Tree=124
num_leaves=16
num_cat=0
split_feature=15 15 15 14 14 13 27 15 15 17 18 28 29 13 14
split_gain=1015.08 583.397 1390.03 598.411 423.676 243.826 191.486 186.586 1091.34 153.178 98.5866 77.9744 47.8529 36.6991 17.6175
threshold=0.54509283819628662 -0.48979591836734687 -0.084699453551912551 31603146.750000004 3549095.839285715 326.27854517616782 41901162.821596079 -0.65833333333333321 -0.54195804195804176 0.24152691662311557 926.50000000000011 4801.927545409847 10724.386513015272 34.79619315700517 125070.80000000002
decision_type=2 2 2 2 2 2 2 2 2 2 2 2 2 2 2
left_child=1 7 5 -4 12 -3 10 11 -9 -8 -6 -1 14 -14 -2
right_child=4 2 3 -5 6 -7 9 8 -10 -11 -12 -13 13 -15 -16
leaf_value=0.0048420326639021984 0.024891028367517345 0.022843851450196604 0.0015055620986515123 -0.0042641140755293435 0.0085299879455824224 0.0099480395883030457 0.0042179032936294839 0.04105432842321808 -0.010694498316048925 -0.0026742595484660005 0.0023824432356174341 -0.023767879963207183 0.013161623788332556 0.0052760004273573885 0.01610009998901496
leaf_weight=88.147008147090673 325.26593698561192 2372.5318070724607 61940.494594102725 21881.342505121604 11881.327739186585 3076.2754030972719 12050.296874217689 384.78928815200925 4439.6981372879818 3804.3797807320952 2961.0904828682542 852.98799038864672 3031.6360005885363 694.477748144418 1565.4992815852165
leaf_count=417 265 1830 197583 130235 13311 4549 16393 758 35829 6282 3903 8578 3112 864 1538
internal_value=0.00198723 0.00035637 0.000954598 -7.23522e-07 0.00625258 0.015616 0.00486037 -0.0088794 -0.00644648 0.00256125 0.0073092 -0.021023 0.0138227 0.011727 0.0178121
internal_weight=131350 95036.3 89270.6 83821.8 36314 5448.81 30697.1 5765.62 4824.49 15854.7 14842.4 941.135 5616.88 3726.11 1890.77
internal_count=425447 379779 334197 327818 45668 6379 39889 45582 36587 22675 17214 8995 5779 3976 1803
is_linear=0
shrinkage=0.03


Tree=125
num_leaves=16
num_cat=0
split_feature=15 31 17 17 14 14 0 15 29 27 17 18 0 20 17
split_gain=963.364 572.138 757.786 627.087 464.15 458.988 640.503 447.051 379.075 199.439 152.811 82.5848 64.5224 28.5537 15.6293
threshold=0.40833333333333338 0.0057197382769901862 0.19823817908763888 0.070524107664823546 3876717.944444445 11561022.175000003 45109052.000000007 -0.36130536130536123 4003564.106910341 41901162.821596079 0.14000442624092105 922.00000000000011 7651638.0000000009 700.50000000000011 0.26609782874584204
decision_type=2 2 2 2 2 2 2 2 2 2 2 2 2 2 2
left_child=1 5 3 -3 12 6 -1 -4 -7 11 -11 -6 14 -14 -2
right_child=4 2 7 -5 9 8 -8 -9 -10 10 -12 -13 13 -15 -16
leaf_value=0.0020842218160260708 0.018737964502407126 0.00039120700772159205 -0.011514365904748549 -0.007243605584076108 0.0080839976037173755 -0.002142021871788486 0.013048172875943611 0.0061168095663912984 0.010552326923193583 0.0046541298059010203 -0.001016344524697543 0.0025936864040242967 0.0079964324376985696 0.013187518114706117 0.005593148357062476
leaf_weight=13223.558223119937 1781.2067315168679 17242.576364745386 1430.4875436034054 22041.541566896252 12054.723354563117 15862.571623398922 7522.8776371143758 12365.435679905117 2427.6649930216372 10066.910896971822 7408.2786587327719 3143.8527747318149 1680.8322311267257 2734.1479088775814 108.6442299708724
leaf_count=36384 1711 71581 12371 107983 13678 71550 15899 50905 9223 13452 11734 4122 1934 2775 145
internal_value=0.00193194 0.000258441 -0.00176858 -0.0038929 0.00588447 0.00301506 0.00606787 0.00427596 -0.000448194 0.00444105 0.00224971 0.00695397 0.0133317 0.0112518 0.018048
internal_weight=131095 92116.7 53080 39284.1 38978.6 39036.7 20746.4 13795.9 18290.2 32673.8 17475.2 15198.6 6304.83 4414.98 1889.85
internal_count=425447 375896 242840 179564 49551 133056 52283 63276 80773 42986 25186 17800 6565 4709 1856
is_linear=0
shrinkage=0.03


Tree=126
num_leaves=13
num_cat=0
split_feature=15 5 31 1 1 5 29 27 2 12 24 14
split_gain=911.997 569.571 545.157 532.7 449.722 447.947 135.931 130.819 123.503 107.739 78.4263 21.3934
threshold=0.40833333333333338 1.0000000180025095e-35 0.039119804931265607 3314.5000000000005 2182.5000000000005 2.9096736596736599 10724.386513015272 263261004.24560961 1.9340579710144929 46.500000000000007 0.66221891118997556 125070.80000000002
decision_type=2 2 2 2 2 2 2 2 2 2 2 2
left_child=1 -1 5 -4 6 -3 11 9 -9 -6 -8 -2
right_child=4 2 3 -5 7 -7 10 8 -10 -11 -12 -13
leaf_value=-0.030464595634004873 0.02460228611453413 0.00041734338723130483 -0.0051209993691033791 0.0015095297902655098 0.0011773025826503898 0.006429147877975344 0.004237285017958739 -0.04639616880635198 -0.00091277626862342192 0.0057422247275680646 0.010353119632074881 0.015428857927923093
leaf_weight=525.14058624068275 322.8317629545927 30127.688082911074 23065.987943420187 20652.050290978514 6678.6065900027752 17711.129757629707 2562.4374922737479 39.542584538459778 3893.9566053971648 15536.730469048023 7708.535281598568 2075.917793430388
leaf_count=14563 273 107919 94092 104343 9312 54979 3230 147 6705 19496 8345 2043
internal_value=0.00187715 0.000250697 0.000432159 -0.00198866 0.00573291 0.00264501 0.0103704 0.00348012 -0.00155213 0.00437294 0.00883864 0.0168211
internal_weight=130901 92082 91556.9 43718 38818.6 47838.8 12669.7 26148.8 3933.5 22215.3 10271 2398.75
internal_count=425447 375896 361333 198435 49551 162898 13891 35660 6852 28808 11575 2316
is_linear=0
shrinkage=0.03


Tree=127
num_leaves=16
num_cat=0
split_feature=15 14 17 17 2 14 0 14 27 17 18 27 0 20 17
split_gain=864.058 567.192 706.19 1367.3 604.115 382.509 252.6 326.61 167.714 138.137 88.3648 72.6403 57.974 19.6692 13.7215
threshold=0.54509283819628662 599978.80000000016 1.0000000180025095e-35 0.059137627482414253 12.396428571428574 3549095.839285715 3347572.0000000005 185965.20454545456 41901162.821596079 0.24152691662311557 926.50000000000011 3416415.9389426662 4730167.5000000009 720.50000000000011 0.2673891037702561
decision_type=2 2 2 2 2 2 2 2 2 2 2 2 2 2 2
left_child=1 6 4 -4 -3 12 7 -1 10 -10 -7 -8 14 -14 -2
right_child=5 2 3 -5 -6 8 11 -9 9 -11 -12 -13 13 -15 -16
leaf_value=0.012702091775029407 0.019952733803897938 -0.010317651765429123 0.011977024455824731 -0.00064328250765274429 0.0035299706493006474 0.007956205087418013 0.018572681610341715 -0.0027635332171264465 0.0039037758319528191 -0.0026453520031813065 0.0021120610333156833 -0.024964128511119676 0.0087454867873533303 0.013162635844756352 0.0034194077696370084
leaf_weight=2451.7864578850567 1093.1990288197994 10185.088478513993 8748.8162217279896 65222.317885266151 3914.3933375328779 11692.867162413895 1892.7437431085855 2435.347902841866 11981.794749177992 3804.6796427220106 2941.8167903125286 22.144982958212495 1742.9009290598333 2543.578088697046 58.900538474321365
leaf_count=4316 1062 50597 23977 281220 10210 13311 2936 6449 16393 6282 3903 74 1997 2635 85
internal_value=0.00182324 0.000323166 -0.000321754 0.000851084 -0.00647139 0.00578929 0.00866014 0.0050043 0.00447342 0.00232247 0.00678685 0.0178635 0.0131117 0.0114103 0.019188
internal_weight=130732 94872.6 88070.6 73971.1 14099.5 35859.7 6802.02 4887.13 30421.2 15786.5 14634.7 1914.89 5438.58 4286.48 1152.1
internal_count=425447 379779 366004 305197 60807 45668 13775 10765 39889 22675 17214 3010 5779 4632 1147
is_linear=0
shrinkage=0.03


Tree=128
num_leaves=15
num_cat=0
split_feature=5 11 30 12 5 6 10 2 30 28 9 10 10 10
split_gain=617.596 443.47 304.129 263.622 251.495 340.606 249.865 235.665 91.2239 44.5997 32.234 17.2988 29.1617 6.49583
threshold=0.10102040816326532 90.500000000000014 3.5000000000000004 61.500000000000007 2.8521554341226474 0.59731240981240996 3.6375661375661386 2.7549095109742017 24.500000000000004 549692.56527675886 273.50000000000006 1.8350168350168354 1.8019480519480524 1.4599317988064795
decision_type=2 2 2 2 2 2 2 2 2 2 2 2 2 2
left_child=8 4 3 -3 6 -6 -2 -4 11 13 -11 12 -1 -10
right_child=1 2 7 -5 5 -7 -8 -9 9 10 -12 -13 -14 -15
leaf_value=-0.020314103559350261 0.0019026975749452046 0.0022767819675910809 -0.0072732712190309717 0.013482511875113368 0.0021157039166205789 0.0096641677930931254 0.021728686569762644 -0.00019528889118538504 0.0051269470320135261 0.048528663896544394 -0.008987546702497318 -0.031500154997575233 0.017474179181816572 -0.018172474172056165
leaf_weight=45.363343855366111 30234.686477253214 22498.542505253106 4631.3255082126707 2050.9039813838899 9337.488250343129 12750.322745915502 568.70346790924668 47808.370652992278 5.2991607598960426 14.013441901654007 5.6670865789055815 559.36123934527859 12.457682924345134 20.207526106387377
leaf_count=836 87249 72763 21919 5103 28597 27671 1428 164464 12 35 81 14848 103 338
internal_value=0.00177147 0.00192048 0.00046684 0.00322181 0.00403511 0.00647806 0.0022801 -0.000822869 -0.0267984 0.0109077 0.0343777 -0.0297998 -0.00983819 -0.0124852
internal_weight=130543 129880 76989.1 24549.4 52891.2 22087.8 30803.4 52439.7 662.369 45.1872 19.6805 617.182 57.821 25.5067
internal_count=425447 409194 264249 77866 144945 56268 88677 186383 16253 466 116 15787 939 350
is_linear=0
shrinkage=0.03


Tree=129
num_leaves=16
num_cat=0
split_feature=15 4 14 0 0 28 13 14 14 17 17 10 0 14 0
split_gain=821.847 563.793 488.173 1226.23 1186.74 458.191 230.291 342.811 278.388 199.386 335.399 204.68 155.552 102.694 19.5902
threshold=0.042572463768115944 1.4080290010741141 7918531.8708333345 97088341.500000015 36826609.500000007 79690.571875554786 1771.9137253270667 26708873.403846156 109756321.25000001 0.14803239703178409 0.11556835100054742 2.740240240240241 9275919.5000000019 37989986.51282052 2087568.5000000002
decision_type=2 2 2 2 2 2 2 2 2 2 2 2 2 2 2
left_child=1 6 4 -4 -3 12 7 -1 -8 10 -7 -11 14 -14 -2
right_child=5 2 3 -5 -6 9 8 -9 -10 11 -12 -13 13 -15 -16
leaf_value=-0.0046177112575108408 0.022055744538183372 8.216562732731436e-05 -0.012044150672453319 0.0012286371302271998 0.012454153822753911 0.0015912401359274566 0.013478153501177937 -0.017779441121827836 -0.014155384833047286 -0.0027196427635960462 0.011477879617559835 0.01100134996038084 0.0091441115579560649 0.0025516873354536032 0.014639026808214044
leaf_weight=8182.355923677329 550.02088721841574 22929.399729470722 7471.1636871546507 38366.279260710813 10018.362017144449 9662.6069648377597 1049.1924742115662 2272.5967139224522 459.56487524695694 7707.6785636395216 4534.3344831988215 1105.1185061708093 12054.189064435661 2615.2279286831617 1542.0957727506757
leaf_count=36270 524 68903 38632 177007 23420 13691 5467 18837 5467 12557 4841 1219 13368 3610 1634
internal_value=0.0017187 0.000142181 0.00106427 -0.000937307 0.00384896 0.00531379 -0.0059213 -0.00750292 0.00498485 0.00256098 0.00475981 -0.000979872 0.0090853 0.00797468 0.0167463
internal_weight=130520 90748.9 78785.2 45837.4 32947.8 39771.3 11963.7 10455 1508.76 23009.7 14196.9 8812.8 16761.5 14669.4 2092.12
internal_count=425447 374003 307962 215639 92323 51444 66041 55107 10934 32308 18532 13776 19136 16978 2158
is_linear=0
shrinkage=0.03


Tree=130
num_leaves=16
num_cat=0
split_feature=15 15 15 14 0 14 15 15 27 17 15 13 0 0 17
split_gain=779.584 543.591 1298.48 576.427 366.216 357.28 181.041 1013.17 154.259 124.293 76.3827 56.7845 55.9126 20.1557 13.6842
threshold=0.54509283819628662 -0.48979591836734687 -0.084699453551912551 2208051.8159722225 228689772.00000003 3549095.839285715 -0.65833333333333321 -0.54195804195804176 41901162.821596079 0.24152691662311557 1.5357142857142858 2255.8811284549015 4730167.5000000009 55990210.000000007 0.2673891037702561
decision_type=2 2 2 2 2 2 2 2 2 2 2 2 2 2 2
left_child=1 6 4 -4 -3 12 11 -8 10 -10 -7 -1 14 -14 -2
right_child=5 2 3 -5 -6 8 7 -9 9 -11 -12 -13 13 -15 -16
leaf_value=-0.023673618657221666 0.019475047766141229 0.026604814580387607 0.0048798299850640516 -0.00134162563251473 0.0097082345819914633 0.0073103011467887018 0.039099957626674821 -0.010460439882899814 0.0036341783037524009 -0.0025802944954407786 0.0010510029742807896 -0.00161502306052865 0.011560230999955727 0.0035411375054223656 0.0029570693596862544
leaf_weight=800.05119008617476 1055.3890976719558 1691.1962603330612 16743.580844685435 66919.702182797715 3703.1923826113343 12427.752887152135 390.40530464798212 4402.7367920074612 11923.143645919859 3806.781270980835 2062.4706494286656 126.59072939865291 3873.6126032918692 333.82953251898289 57.789810363203287
leaf_count=7486 1062 1074 39413 288405 5305 14394 758 35829 16393 6282 2820 1509 4193 439 85
internal_value=0.00166996 0.000248478 0.000825145 -9.55121e-05 0.0150701 0.00545811 -0.00870373 -0.00630808 0.00419041 0.00212729 0.00642346 -0.0207657 0.0126208 0.0109459 0.0186948
internal_weight=130318 94777.5 89057.7 83663.3 5394.39 35540.8 5719.78 4793.14 30220.1 15729.9 14490.2 926.642 5320.62 4207.44 1113.18
internal_count=425447 379779 334197 327818 6379 45668 45582 36587 39889 22675 17214 8995 5779 4632 1147
is_linear=0
shrinkage=0.03


Tree=131
num_leaves=16
num_cat=0
split_feature=14 0 0 14 0 14 17 17 11 5 6 5 7 0 11
split_gain=620.236 956.059 880.105 1089.95 876.416 785.494 442.52 243.126 222.847 207.953 164.315 132.006 129.655 114.195 63.4641
threshold=2805202.7083333335 15751179.500000002 36826609.500000007 6663230.2250000006 97088341.500000015 968726.70000000007 1.0000000180025095e-35 0.20671182125806811 76.500000000000014 1.025978407557355 0.13487525987525992 0.60903532608695665 12.219481210333024 22736621.500000004 87.500000000000014
decision_type=2 2 2 2 2 2 2 2 2 2 2 2 2 2 2
left_child=1 5 9 6 -5 8 -4 -7 -1 10 -2 14 -11 -13 -3
right_child=2 11 3 4 -6 7 -8 -9 -10 12 -12 13 -14 -15 -16
leaf_value=0.019697576638931572 0.0026772375946416322 0.011173724269419054 0.00013610533401579912 -0.0066694519749923081 0.0017571390956650915 -0.0073751963525389274 0.014675808482470727 0.0073775587033371249 0.0059823841365187966 -0.0068561242962053891 -0.023046176408491395 0.011075731740722204 0.0059060647922412161 0.019588422830826274 -0.022156517808605152
leaf_weight=1189.5553668178618 270.7307689609006 74.283581983298063 2536.3596822842956 13152.029665817972 71018.458854950033 6374.9059955934063 7359.2908985959366 1178.60839457158 9815.6422867663205 8760.7489315494895 1144.4042676091194 2355.8638286739588 766.28340288624167 3979.5924981571734 109.07527172472328
leaf_count=1646 2062 191 7115 53770 251202 20094 13682 3039 20916 30412 7484 4872 2416 5890 656
internal_value=0.00162323 0.00586079 0.00061026 0.0015476 0.000439135 0.00238222 0.010958 -0.00505924 0.00749238 -0.00743606 -0.0181276 0.0157313 -0.00581881 0.0164613 -0.00867844
internal_weight=130086 25077.5 105008 94066.1 84170.5 18558.7 9895.65 7553.51 11005.2 10942.2 1415.14 6518.82 9527.03 6335.46 183.359
internal_count=425447 57304 368143 325769 304972 45695 20797 23133 22562 42374 9546 11609 32828 10762 847
is_linear=0
shrinkage=0.03


Tree=132
num_leaves=16
num_cat=0
split_feature=15 17 18 30 1 28 5 9 27 17 17 10 0 29 17
split_gain=740.047 539.496 709.229 690.677 621.582 422.533 378.921 344.376 292.322 184.596 304.519 197.106 144.003 94.8431 26.22
threshold=0.042572463768115944 0.19823817908763888 57.500000000000007 1.0000000180025095e-35 6873.5000000000009 78088.231535968691 2.7988764044943824 1588.5000000000002 39761892.156588472 0.14803239703178409 0.11556835100054742 2.740240240240241 10981796.000000002 66100281.638047144 0.2673891037702561
decision_type=2 2 2 2 2 2 2 2 2 2 2 2 2 2 2
left_child=1 3 8 6 -5 12 -1 -4 -3 10 -7 -11 14 -14 -2
right_child=5 2 7 4 -6 9 -8 -9 -10 11 -12 -13 13 -15 -16
leaf_value=-0.00066424871267545748 0.016359374630899703 0.0018490178400195701 0.0058491167992485264 -0.0062869491654281781 0.002131300915969261 0.0015098644334910517 0.0063024292028961348 0.019324091178827225 -0.010523146443790552 -0.0027068174983606022 0.010947686449940536 0.010770233693379183 0.0076573748822390776 -0.034944766512952211 0.0023403635446904332
leaf_weight=16828.58370110672 2214.3243514411151 3610.6154635827988 14206.870367443189 27679.252592377365 11026.022036066279 9734.8729937523603 12037.103437688202 1933.9187221713364 3252.9645687164739 7752.1567736193538 4494.4074639603496 1101.8307921811938 13972.330553214997 32.409740194678307 138.00534524023533
leaf_count=61472 2311 13079 61679 118909 60429 13802 35524 4271 18640 12628 4867 1221 16311 104 200
internal_value=0.00157555 8.14613e-05 0.00404837 -0.00126922 -0.00388816 0.00500467 0.00224161 0.00748193 -0.00402052 0.00238645 0.00450136 -0.00101091 0.00869212 0.00751936 0.0155696
internal_weight=130016 90575.3 23004.4 67571 38705.3 39440.3 28865.7 16140.8 6863.58 23083.3 14229.3 8853.99 16357.1 14004.7 2352.33
internal_count=425447 374003 97669 276334 179338 51444 96996 65950 31719 32518 18669 13849 18926 16415 2511
is_linear=0
shrinkage=0.03


Tree=133
num_leaves=16
num_cat=0
split_feature=14 0 14 0 14 0 17 0 14 17 17 6 17 4 7
split_gain=596.345 915.44 1372.68 918.069 500.432 482.743 410.732 402.308 437.305 385.167 296.015 255.007 252.846 148.592 127.974
threshold=37989986.51282052 140995146.50000003 6663230.2250000006 36826609.500000007 15000068.571428573 352372750.00000006 0.19823817908763888 803222033.50000012 70563326.333333358 1.0000000180025095e-35 0.086981520056724562 1.4087666455294865 0.22935628145933154 2.130032206119163 9.3919998079122227
decision_type=2 2 2 2 2 2 2 2 2 2 2 2 2 2 2
left_child=1 2 3 -1 9 -6 -4 11 14 -3 -10 13 -13 -2 -9
right_child=7 4 6 -5 5 -7 -8 8 10 -11 -12 12 -14 -15 -16
leaf_value=0.0014163934031140065 -0.011731559897605914 0.0012051403190306376 -0.0080388713702937032 0.011784171342053968 -0.00025433936489852998 0.0087571327078453214 0.00067327767994872071 0.0047804962821560359 0.0042867613696344923 0.015934424821258997 -0.0056305744848928812 -0.0026216884272455259 0.018935240633135782 -0.0048620218700202158 0.014380683174240343
leaf_weight=31869.213898672722 4175.8595071332529 2045.9374750927091 15301.969084391836 10121.215596364811 10220.244319934398 11196.332935504615 7128.5856860270724 5247.5587389599532 4036.9894228857011 7397.2767903599888 8150.5884373933077 1669.1280666198581 675.37649541161954 8977.8449230259284 1645.9710801057518
leaf_count=87572 27067 4558 62788 21034 33795 22748 25871 12329 19244 11432 39069 5660 1504 47237 3539
internal_value=0.00153032 0.00275506 0.00071879 0.00391943 0.00700248 0.00445818 -0.00527015 -0.00184322 0.00107176 0.0127534 -0.00234189 -0.0054316 0.00365635 -0.00705603 0.00710333
internal_weight=129860 95280.8 64421 41990.4 30859.8 21416.6 22430.6 34579.3 19081.1 9443.21 12187.6 15498.2 2344.5 13153.7 6893.53
internal_count=425447 269798 197265 108606 72533 56543 88659 155649 74181 15990 58313 81468 7164 74304 15868
is_linear=0
shrinkage=0.03


Tree=134
num_leaves=16
num_cat=0
split_feature=14 0 0 14 14 0 17 0 14 0 17 14 5 8 3
split_gain=586.516 893.967 818.393 1027.43 740.889 730.442 473.19 242.212 200.058 245.817 203.836 199.642 124.902 119.738 50.3942
threshold=2805202.7083333335 15751179.500000002 39775498.000000007 10058548.79166667 968726.70000000007 138301579.50000003 1.0000000180025095e-35 12000974.500000002 5046954.8253968256 29770190.000000004 0.16891937702894214 185965.20454545456 0.60903532608695665 96.084830993921926 3.1076254826254828
decision_type=2 2 2 2 2 2 2 2 2 2 2 2 2 2 2
left_child=1 4 8 6 11 -5 -4 -6 9 -2 -10 -1 14 -14 -3
right_child=2 12 3 5 7 -7 -8 -9 10 -11 -12 -13 13 -15 -16
leaf_value=0.013813920475310664 -0.0066255190970410946 0.010563476950779744 -0.0010352497186534916 -0.0063747952380782584 -0.0080973238747706795 0.0013048694228603528 0.010444824089929295 0.0042702204573465755 -0.015531329413964151 0.0064865688593977629 -0.0027864948508859568 0.004718813944169821 0.014679337473093157 0.030925512609798745 -0.019706110681433815
leaf_weight=2995.9484884124249 5400.4138537980616 66.053821668960154 4178.6559305982664 13641.847619059961 5642.420175072737 60625.220731861424 14132.466596609913 1890.9675870789215 3414.3910434069112 1672.6103245411068 1704.7444979352877 7973.87482185103 5855.580956954509 444.60421410948038 116.19301273580641
leaf_count=4886 20111 298 12358 59529 18068 219227 30011 5065 15559 4619 6729 17676 10092 670 549
internal_value=0.00148582 0.00561468 0.000500223 0.001463 0.00224913 -0.000106379 0.00782469 -0.00498664 -0.00680078 -0.00351341 -0.0113135 0.00722096 0.0151892 0.0159013 -0.00861405
internal_weight=129756 24985.6 104770 92578.2 18503.2 74267.1 18311.1 7533.39 12192.2 7073.02 5119.14 10969.8 6482.43 6300.19 182.247
internal_count=425447 57304 368143 321125 45695 278756 42369 23133 47018 24730 22288 22562 11609 10762 847
is_linear=0
shrinkage=0.03


Tree=135
num_leaves=16
num_cat=0
split_feature=15 15 15 14 28 1 5 27 1 17 18 26 1 5 27
split_gain=707.709 528.041 1194.29 544.48 327.805 287.442 176.682 196.272 143.563 109.617 101.867 88.3749 76.2097 56.529 24.2121
threshold=0.54509283819628662 -0.48979591836734687 -0.084699453551912551 70563326.333333358 16438.963911268074 17498.500000000004 0.92031746031746042 133148359.82146545 6085.5000000000009 0.23861358314752582 36.500000000000007 4.0824390873314558 543.50000000000011 1.4076510721247566 147942.73930562954
decision_type=2 2 2 2 2 2 2 2 2 2 2 2 2 2 2
left_child=1 6 5 -4 12 -3 11 -8 10 -10 -6 -1 14 -14 -2
right_child=4 2 3 -5 8 -7 7 -9 9 -11 -12 -13 13 -15 -16
leaf_value=-0.029071899959409699 0.023613436570994149 0.021653630514288907 0.00065048911086162703 -0.0069566155672060002 0.013030260300194255 0.0076353355455252951 -0.0099726954471961986 0.0044946868963626485 0.0034376273941311886 -0.0019424807202821203 0.005057499579048985 0.01559355020083123 -0.0036868526754513468 0.0092961846352561904 0.013671381738661559
leaf_weight=462.6873870017007 274.10612315312028 2556.7415988892317 73934.538869054988 9547.9173408215865 1672.157434053719 2768.1886085346341 4164.8285791352391 1044.9024757742882 11678.831133395433 4791.1991648674011 10667.825390398502 33.367067408747971 324.05347571521997 2989.2974684275687 2768.730446498841
leaf_count=6472 257 2096 253466 74352 1630 4283 29471 9266 16081 7712 13193 373 503 3311 2981
internal_value=0.00144224 8.98426e-05 0.000659135 -0.000220272 0.00507454 0.0144137 -0.00874413 -0.00706069 0.00370878 0.00187037 0.0061548 -0.0256393 0.0112369 0.00800651 0.0146882
internal_weight=129679 94513.2 88807.4 83482.5 35166.2 5324.93 5705.79 5209.73 28810 16470 12340 496.054 6356.19 3313.35 3042.84
internal_count=425447 379779 334197 327818 45668 6379 45582 38737 38616 23793 14823 6845 7052 3814 3238
is_linear=0
shrinkage=0.03


Tree=136
num_leaves=13
num_cat=0
split_feature=15 5 15 15 0 15 28 18 30 5 14 0
split_gain=669.199 522.385 506.845 1103.38 318.992 177.299 143.496 162.512 140.338 111.897 95.5179 82.5472
threshold=0.54509283819628662 1.0000000180025095e-35 -0.48979591836734687 -0.084699453551912551 211465368.00000003 -0.65833333333333321 81405.671198004115 456.50000000000006 4.5000000000000009 2.6014705882352946 57556029.695652179 7651638.0000000009
decision_type=2 2 2 2 2 2 2 2 2 2 2 2
left_child=1 -1 5 -4 6 -3 11 -8 10 -10 -6 -2
right_child=4 2 3 -5 8 -7 7 -9 9 -11 -12 -13
leaf_value=-0.030322912943446117 0.016220249535006198 -0.020485120696681861 0.014070248222139677 -3.8113649011536719e-05 0.010600498969152111 -0.006067794517560266 0.0080604640306059707 -0.0015309541925564833 0.0028531098386823644 -0.0027228456723253844 0.0013605124621464968 0.0088088444438215816
leaf_weight=490.65161472186446 1622.3149066418409 911.2421690961346 5292.8264114186168 82985.438464023173 2484.0559688135982 4740.4433356840163 4056.3922253064811 2594.0809819474816 7916.0004163607955 5457.4876188784838 1708.2453128099442 9201.6568232290447
leaf_count=14563 1783 8811 6379 314565 2640 35461 4613 3760 11289 8743 2439 10401
internal_value=0.00140172 8.72226e-05 0.000251208 0.000809677 0.00494139 -0.00844572 0.00781035 0.00431971 0.00208142 0.000574918 0.00686087 0.00994336
internal_weight=129461 94420.6 93930 88278.3 35040.2 5651.69 17474.4 6650.47 17565.8 13373.5 4192.3 10824
internal_count=425447 379779 365216 320944 45668 44272 20557 8373 25111 20032 5079 12184
is_linear=0
shrinkage=0.03


Tree=137
num_leaves=13
num_cat=0
split_feature=15 5 17 17 2 1 12 31 0 31 26 0
split_gain=633.273 503.896 496.505 1236.76 653.293 352.763 119.214 152.72 113.823 106.91 46.4479 35.2765
threshold=0.40833333333333338 1.0000000180025095e-35 0.039001181721687324 0.059137627482414253 12.396428571428574 2182.5000000000005 46.500000000000007 0.033697351174413151 17794490.500000004 0.082310799959851466 0.4455846557439514 2087568.5000000002
decision_type=2 2 2 2 2 2 2 2 2 2 2 2
left_child=1 -1 4 -4 -3 8 9 -8 11 -7 -10 -2
right_child=5 2 3 -5 -6 6 7 -9 10 -11 -12 -13
leaf_value=-0.030258522792461957 0.021066499922404797 -0.0081812025168440314 0.012194876816663541 -0.0001407909588686874 0.0053401232355548096 -0.0024109159235767706 0.0083304020818886406 0.0022238193351984156 0.0091666372354169499 0.0064020480194877331 0.0046871360036416709 0.012090929185111081
leaf_weight=477.18012640625238 497.92182644084096 11968.313736415468 8202.4221728444099 66553.384835105389 4381.0148668028414 5873.9221313670278 5133.9135920144618 13114.691117148846 4351.6755778752267 1553.2907206788659 4183.8496128842235 2971.3886877596378
leaf_count=14563 522 52963 21982 275618 10770 9011 6000 18644 4845 2005 5215 3309
internal_value=0.00136186 1.44428e-05 0.000178287 0.00121449 -0.00455458 0.00463462 0.00264543 0.00394887 0.00887799 -0.000554596 0.00698651 0.0134729
internal_weight=129263 91582.3 91105.1 74755.8 16349.3 37680.7 25675.8 18248.6 12004.8 7427.21 8535.53 3469.31
internal_count=425447 375896 361333 297600 63733 49551 35660 24644 13891 11016 10060 3831
is_linear=0
shrinkage=0.03


Tree=138
num_leaves=16
num_cat=0
split_feature=14 0 14 0 14 0 17 17 14 4 30 17 9 3 19
split_gain=549.112 819.445 769.95 750.08 940.334 719.846 468.12 236.742 232.391 212.962 153.834 149.522 127.829 99.0839 92.5554
threshold=2703284.9785714294 13876857.500000002 1127719.0416666667 36826609.500000007 8754962.7647058833 138301579.50000003 1.0000000180025095e-35 0.23032531142234805 252619.18750000003 1.6276789785681716 8.5000000000000018 0.18044012784957889 242.50000000000003 7.1125175808720114 633221586.00000012
decision_type=2 2 2 2 2 2 2 2 2 2 2 2 2 2 2
left_child=1 2 8 9 6 -6 -5 -4 -1 13 14 -11 -12 -2 -3
right_child=3 10 7 4 5 -7 -8 -9 -10 11 12 -13 -14 -15 -16
leaf_value=0.012205214355592922 -0.012904352650244337 0.019171127992774453 -0.010205383904519296 -0.0013990875916603364 -0.0057506866358662881 0.0013756427243538302 0.010727409007886069 0.007072319149554346 0.0032384375464296292 -0.0070466797452363129 -0.0056607570496860146 0.0018795124872172826 0.011712077079153956 -0.034449015339146204 -0.022674671252230657
leaf_weight=3844.5828892849386 2070.5137663548812 3393.8004671568051 4546.1714387778193 3730.6740293027833 16074.967804825399 61568.062552304473 12227.762391050346 833.01554398983717 8074.2573581365868 6764.8944870484993 423.23171985056251 2235.5776604404673 3077.0402354300022 207.89313021488488 35.636717978864908
leaf_count=6515 10066 5691 15340 11112 68370 221246 25290 2239 18748 25154 1397 7664 5596 910 109
internal_value=0.00132279 0.00539206 0.00189352 0.000381848 0.00126314 -0.000100209 0.00789201 -0.00751199 0.00614501 -0.00692113 0.0140979 -0.00482679 0.00958773 -0.0150957 0.0186307
internal_weight=129108 24227.7 17298 104880 93601.5 77643 15958.4 5379.19 11918.8 11278.9 6929.71 9000.47 3500.27 2278.41 3429.44
internal_count=425447 55635 42842 369812 326018 289616 36402 17579 25263 43794 12793 32818 6993 10976 5800
is_linear=0
shrinkage=0.03


Tree=139
num_leaves=16
num_cat=0
split_feature=15 15 15 4 0 0 11 11 5 0 31 26 24 1 10
split_gain=618.791 866.137 660.039 538.555 360.829 356.738 173.88 275.754 176.693 164.189 121.211 93.8695 56.9712 31.7809 22.2204
threshold=-0.48979591836734687 -0.084699453551912551 0.042572463768115944 2.0364745011086476 211465368.00000003 228689772.00000003 62.500000000000007 59.500000000000007 0.92031746031746042 149173978.00000003 0.030620926759813403 4.0824390873314558 10.163358272601974 455.50000000000006 1.5504807692307698
decision_type=2 2 2 2 2 2 2 2 2 2 2 2 2 2 2
left_child=6 5 3 -3 -4 13 7 12 11 -10 -7 -8 -1 -2 -9
right_child=1 2 4 -5 -6 10 8 14 9 -11 -12 -13 -14 -15 -16
leaf_value=-0.0307890226648867 0.031899208189074241 -0.0045083734767694091 0.0074854708223552726 0.0011052284854371395 0.001685201546857918 0.015328180994614346 -0.030554148260566034 0.061759083809331913 -0.014813428711597812 -0.003514463151082255 0.0040105105937146461 0.015844278241893286 0.013712174783245936 0.021543340325768125 0.0091787660435890955
leaf_weight=58.371430834755301 545.52745263278484 20852.13937561214 18165.61719699204 58481.722882539965 20638.535693235695 1377.2090644985437 432.58102478925139 67.619492806494236 1821.7732719108462 3192.3166452161968 2260.1228639036417 33.027783253230155 28.16673478577286 1070.0029178783298 15.910349421203135
leaf_count=424 229 100919 21594 221123 29850 1606 6383 97 13936 24236 3699 366 73 845 67
internal_value=0.00128367 0.00172877 0.00119761 -0.000370448 0.00440313 0.0136316 -0.00841099 0.0202579 -0.00935909 -0.00765763 0.00834931 -0.0268087 -0.0161232 0.02532 0.0549704
internal_weight=129041 123391 118138 79333.9 38804.2 5252.86 5649.77 170.068 5479.7 5014.09 3637.33 465.609 86.5382 1615.53 83.5298
internal_count=425447 379865 373486 322042 51444 6379 45582 661 44921 38172 5305 6749 497 1074 164
is_linear=0
shrinkage=0.03


Tree=140
num_leaves=16
num_cat=0
split_feature=15 15 15 17 28 0 30 9 9 16 11 12 12 26 1
split_gain=584.913 821.854 623.335 520.385 355.194 345.256 187.778 171.737 205.746 205.974 169.471 108.23 125.647 36.1593 31.5797
threshold=-0.48979591836734687 -0.084699453551912551 0.042572463768115944 0.19823817908763888 79690.571875554786 228689772.00000003 16.500000000000004 289.50000000000006 318.50000000000006 5.5000000000000009 62.500000000000007 47.500000000000007 44.500000000000007 0.38197371580771516 455.50000000000006
decision_type=2 2 2 2 2 2 2 2 2 2 2 2 2 2 2
left_child=7 5 3 -3 -4 14 -7 11 9 -9 -10 12 -1 -13 -2
right_child=1 2 4 -5 -6 6 -8 8 10 -11 -12 13 -14 -15 -16
leaf_value=-0.023577840711681893 0.031499939326165911 -0.0017366259354871052 0.0077038426865560956 0.0039270750196538006 0.0018650479354533074 0.016687807859346981 0.0026659929157681886 0.035563413833966523 0.022932049876616106 -0.0098314174580591811 -0.008589354607141348 -0.012845164618102938 0.005479506304199579 -0.031662338666159598 0.021136133581564
leaf_weight=234.51781483227387 536.20067618787289 60041.625110918656 16011.417079173028 19274.035307641141 22675.975069381297 1397.8568967878819 2229.4144988954067 194.51569929532707 144.99682849645615 147.02396837994456 4013.4877374395728 160.21894076513126 276.77848327811807 445.41365439398214 1058.3658053651452
leaf_count=3166 229 242012 19136 80030 32308 1641 3664 971 447 1053 26159 2658 3514 7614 845
internal_value=0.00124752 0.00167964 0.00116311 -0.000359463 0.00428435 0.0133097 0.00812435 -0.00820633 -0.00554701 0.0163465 -0.00740462 -0.0186785 -0.00808345 -0.0271634 0.0249009
internal_weight=128842 123225 118003 79315.7 38687.4 5221.84 3627.27 5616.95 4500.02 341.54 4158.48 1116.93 511.296 605.633 1594.57
internal_count=425447 379865 373486 322042 51444 6379 5305 45582 28630 2024 26606 16952 6680 10272 1074
is_linear=0
shrinkage=0.03


Tree=141
num_leaves=16
num_cat=0
split_feature=15 15 15 14 0 28 30 15 15 0 11 28 28 13 1
split_gain=553.34 779.723 588.781 518.446 334.189 282.714 215.223 172.534 922.917 262.109 188.184 78.1994 83.171 76.9048 42.5292
threshold=-0.48979591836734687 -0.084699453551912551 0.54509283819628662 31603146.750000004 324885334.00000006 16438.963911268074 19.500000000000004 -0.65833333333333321 -0.54195804195804176 1141448355.0000002 62.500000000000007 4801.927545409847 3258.605906506928 2255.8811284549015 455.50000000000006
decision_type=2 2 2 2 2 2 2 2 2 2 2 2 2 2 2
left_child=7 4 3 -3 14 -4 -6 11 9 -9 -10 12 -1 -13 -2
right_child=1 2 5 -5 6 -7 -8 8 10 -11 -12 13 -14 -15 -16
leaf_value=-0.015960941577697441 0.03083908141512642 0.0011706346374653774 0.010264867710027168 -0.0042151008140858016 0.0162816539547526 0.0031569622627235817 0.00080332844653157091 0.057411554239305919 0.02388988577795512 0.0076323988820133732 -0.010886874074373214 -0.026750041485776269 0.035675891946467163 -0.00066877928086010046 0.019750949866662825
leaf_weight=52.661962479352951 527.7215952500701 61565.198435233906 6120.3980139344931 21758.448555901647 1369.5635508149862 28444.331609424204 1957.7206726521254 226.96486156433821 130.6301309550181 168.07742983102798 4167.2408609455451 682.83675766550004 33.147845812141895 122.81236102059484 1336.8291662558913
leaf_count=296 234 197583 7052 130235 1642 38616 3362 222 482 536 35347 7077 121 1501 1141
internal_value=0.00121204 0.00163166 0.00112944 -0.000235897 0.0129934 0.00442034 0.00722791 -0.00801074 -0.00566568 0.0373593 -0.0097435 -0.0200247 0.00602886 -0.0228957 0.0231262
internal_weight=128665 123080 117888 83323.6 5191.83 34564.7 3327.28 5584.37 4692.91 395.042 4297.87 891.459 85.8098 805.649 1864.55
internal_count=425447 379865 373486 327818 6379 45668 5004 45582 36587 758 35829 8995 417 8578 1375
is_linear=0
shrinkage=0.03


Tree=142
num_leaves=16
num_cat=0
split_feature=15 15 15 4 1 0 30 15 15 0 0 28 18 13 1
split_gain=523.017 739.718 559.572 508.285 336.313 324.208 169.575 166.623 867.503 241.545 170.29 76.0354 112.128 75.1616 31.0609
threshold=-0.48979591836734687 -0.084699453551912551 0.042572463768115944 2.0364745011086476 5292.5000000000009 228689772.00000003 16.500000000000004 -0.65833333333333321 -0.54195804195804176 1141448355.0000002 46278499.000000007 4801.927545409847 1606.0000000000002 2255.8811284549015 455.50000000000006
decision_type=2 2 2 2 2 2 2 2 2 2 2 2 2 2 2
left_child=7 5 3 -3 -4 14 -7 11 9 -9 -10 12 -1 -13 -2
right_child=1 2 4 -5 -6 6 -8 8 10 -11 -12 13 -14 -15 -16
leaf_value=-0.01648561268188245 0.03072665733025582 -0.0043693759896043377 0.0071702013850190593 0.0010888833707294791 0.0015289594244951956 0.015877291727431266 0.0025027755105491447 0.055040569726134636 -0.021378645688869213 0.0074035812766286299 -0.006441589641520782 -0.026479800107519432 0.045177491665976198 -0.00065121121098200526 0.020359487659213183
leaf_weight=59.874670403078198 517.99110732227564 20803.921625733376 17277.584943719208 58478.147034304217 21198.393864940852 1382.7609106376767 2224.9824703857303 230.23389609158039 857.63726739399135 168.53051780536771 3411.8834909526631 669.46741304406896 26.20150363445282 122.74724633432925 1036.2139104306698
leaf_count=373 229 100919 20742 221123 30702 1641 3664 222 7125 536 28704 7077 44 1501 845
internal_value=0.00117806 0.00158523 0.00109687 -0.000343562 0.00406474 0.0126847 0.0076817 -0.00781991 -0.0055183 0.0359784 -0.0095134 -0.0197217 0.00590669 -0.0226015 0.0240945
internal_weight=128467 122920 117758 79282.1 38476 5161.95 3607.74 5546.58 4668.29 398.764 4269.52 878.291 86.0762 792.215 1554.21
internal_count=425447 379865 373486 322042 51444 6379 5305 45582 36587 758 35829 8995 417 8578 1074
is_linear=0
shrinkage=0.03


Tree=143
num_leaves=15
num_cat=0
split_feature=5 14 0 0 14 15 14 17 5 13 2 28 24 15
split_gain=528.076 533.031 696.074 677.503 1169.13 732.407 570.087 159.478 161.475 115.751 99.6711 19.9839 8.98014 8.08034
threshold=0.14670014347202298 2005537.9671052634 12000974.500000002 36826609.500000007 6663230.2250000006 0.32051282051282054 599978.80000000016 0.25445784628391271 1.0000000180025095e-35 101.40316598914363 4.3451410658307221 22739903.295454551 5.638782985721762 1.8730158730158732
decision_type=2 2 2 2 2 2 2 2 2 2 2 2 2 2
left_child=7 2 6 5 -5 -3 -2 11 -9 -4 -10 13 -13 -1
right_child=1 3 9 4 -6 -7 -8 8 10 -11 -12 12 -14 -15
leaf_value=-0.031819777422237724 0.0086045574972201787 -0.009075409392401668 0.017158018264158595 0.010761353479682306 0.00020970452551485576 0.0071217534728575029 -0.0031276825839242073 -0.026725539945823256 0.036164238991903304 -0.0037123469996972343 -0.022444389693829905 -0.014881253023148057 0.010226450136351735 0.0016191990488149993
leaf_weight=574.48784616589546 7388.6584413051605 11430.763900652528 4364.2449681684375 10656.288022840396 82687.20448380895 3205.0406951159239 7490.658640101552 95.061337981373072 90.041843906976283 245.40689930692315 22.797282118350267 7.9378495020791915 13.785050833597777 3.4217852205038062
leaf_count=14093 13944 47504 7160 21705 292829 3780 20158 2908 425 472 249 162 55 3
internal_value=0.00114486 0.00129954 0.00586405 0.000474728 0.00141616 -0.00552274 0.00269901 -0.0228143 0 0.016032 0.0228445 -0.0304971 -0.000462247 -0.0315352
internal_weight=128276 127468 19489 107979 93343.5 14635.8 14879.3 807.533 207.9 4609.65 112.839 599.633 21.7229 577.91
internal_count=425447 407552 41734 365818 314534 51284 34102 17895 3582 7632 674 14313 217 14096
is_linear=0
shrinkage=0.03


Tree=144
num_leaves=15
num_cat=0
split_feature=5 14 13 14 15 27 15 1 30 28 9 10 10 10
split_gain=508.754 505.942 528.426 969.113 593.098 318.428 322.416 141.843 89.3384 40.5787 29.1158 18.062 26.9515 5.88158
threshold=0.10102040816326532 3225469.464285715 86.626011356288672 17629732.625000004 0.24404761904761907 6723580.1556355422 0.15587044534412958 784.50000000000011 24.500000000000004 549692.56527675886 273.50000000000006 1.8350168350168354 1.8019480519480524 1.4599317988064795
decision_type=2 2 2 2 2 2 2 2 2 2 2 2 2 2
left_child=8 5 4 -4 -3 6 -2 -7 11 13 -11 12 -1 -10
right_child=1 2 3 -5 -6 7 -8 -9 9 10 -12 -13 -14 -15
leaf_value=-0.019630034530320535 0.0023121550884507491 -0.0056892072896625595 0.0074424150537328914 -0.0004421816407938154 0.0042533879658989372 0.023394928361340241 0.011478752557151183 0.0084746406896145741 0.004863516600273763 0.046269969622498269 -0.0086620219877514837 -0.031366891458275259 0.016940740898268809 -0.017489589648028225
leaf_weight=41.915145966224372 20199.994147304446 21388.282174732536 19033.104160971008 53227.817902280949 7205.8731656782329 1077.8161633089185 4157.8075349964201 1283.7457078676671 5.0998053550720241 14.555844517424704 5.3700408320873967 496.10977911110967 12.492298438213764 18.773920191917568
leaf_count=836 51623 84721 47009 206857 9074 2084 4900 2926 12 35 81 14848 103 338
internal_value=0.00111132 0.00124201 0.000269023 0.00163527 -0.00318166 0.00491134 0.0038842 0.0154016 -0.0262347 0.0113634 0.0332447 -0.0295012 -0.00895446 -0.0119087
internal_weight=128169 127574 100855 72260.9 28594.2 26719.4 24357.8 2361.56 594.317 43.7996 19.9259 550.517 54.4074 23.8737
internal_count=425447 409194 347661 253866 93795 61533 56523 5010 16253 466 116 15787 939 350
is_linear=0
shrinkage=0.03


Tree=145
num_leaves=16
num_cat=0
split_feature=15 15 5 14 0 5 27 14 14 31 17 26 13 1 11
split_gain=493.423 702.954 527.328 486.231 311.817 166.416 182.719 304.83 200.976 140.689 97.6044 86.0573 63.0001 52.9462 40.6431
threshold=-0.48979591836734687 -0.084699453551912551 0.14670014347202298 2208051.8159722225 431653831.50000006 0.92031746031746042 133148359.82146545 104922208.3452381 33262370.564989522 1.0000000180025095e-35 0.25445784628391271 4.0824390873314558 67.402195411392441 455.50000000000006 60.500000000000007
decision_type=2 2 2 2 2 2 2 2 2 2 2 2 2 2 2
left_child=5 4 10 -4 13 11 8 -8 -7 -6 -3 14 -13 -2 -1
right_child=1 2 3 -5 9 6 7 -9 -10 -11 -12 12 -14 -15 -16
leaf_value=0.010303566247002512 0.029982940487131512 -0.030570669184404878 0.0054525535095004563 0.00028477498816135738 0.016521995508120502 -0.005412558035703962 0.015153491510716892 -0.020791919979335421 -0.021805303341244774 0.0021414677799392492 -0.0043687907822633721 0.043769998406676953 -0.017425256154879058 0.018129501804262711 -0.030210464705979632
leaf_weight=15.426382451318203 514.07276460528374 540.71393970865756 19707.074655242264 96977.776117876172 838.2294100522995 3181.2356070205569 745.97759735397995 279.6366454185918 848.01927993632853 2211.0182479545474 177.09777323156595 15.88614486902952 17.008691553492099 1561.565514460206 410.83402316877618
leaf_count=79 238 13102 41290 316021 937 21103 4935 4331 8368 3779 3073 69 304 1425 6393
internal_value=0.0010792 0.00147482 0.000998989 0.00115841 0.0123348 -0.00768668 -0.00606383 0.00516561 -0.00893816 0.00616595 -0.0243689 -0.0247324 0.0159543 0.0212736 -0.0283759
internal_weight=128042 122528 117403 116685 5124.89 5514.02 5054.87 1025.61 4029.25 3049.25 717.812 459.155 32.8948 2075.64 426.26
internal_count=425447 379865 373486 357311 6379 45582 38737 9266 29471 4716 16175 6845 373 1663 6472
is_linear=0
shrinkage=0.03


Tree=146
num_leaves=9
num_cat=0
split_feature=5 14 0 14 14 0 15 14
split_gain=473.094 477.34 849.758 1148.72 428.189 354.265 782.553 387.445
threshold=1.0000000180025095e-35 37989986.51282052 140995146.50000003 5046954.8253968256 15000068.571428573 803222033.50000012 0.90454545454545465 70563326.333333358
decision_type=2 2 2 2 2 2 2 2
left_child=-1 2 3 -2 -4 6 -3 -7
right_child=1 5 4 -5 -6 7 -8 -9
leaf_value=-0.030003691532646877 0.0038860665918504021 -0.010274900857225745 0.011771174978628283 -0.0042668652580967175 0.0040235200380200732 0.0065668505633174751 0.0039453975063422509 -0.002365883029485932
leaf_weight=425.03668897831813 35120.579705383629 9893.4259147280827 9235.7331085857004 27891.556805274449 21143.578159625642 6830.8106851484627 5356.9245926290751 12064.689779414795
leaf_count=14563 86385 70995 15880 102379 55193 15751 7127 57174
internal_value=0.00104745 0.00115468 0.00226451 0.000276638 0.00638455 -0.00187956 -0.00527886 0.000864402
internal_weight=127962 127537 93391.4 63012.1 30379.3 34145.9 15250.4 18895.5
internal_count=425447 410884 259837 188764 71073 151047 78122 72925
is_linear=0
shrinkage=0.03


Tree=147
num_leaves=16
num_cat=0
split_feature=17 17 17 2 15 17 28 24 28 6 15 23 11 1 15
split_gain=473.3 992.692 620.59 592.7 539.203 422.097 412.29 291.68 281.448 234.793 221.865 214.154 180.75 169.49 169.113
threshold=0.039001181721687324 0.059137627482414253 0.11787210404872896 4.0940448113207557 -0.45227272727272722 0.12883955240249637 10558699.34320513 0.68299551038720729 6931.8209683578671 0.18795289855072467 0.44671201814058964 0.088361453816665644 164.50000000000003 2237.5000000000005 1.0000000180025095e-35
decision_type=2 2 2 2 2 2 2 2 2 2 2 2 2 2 2
left_child=3 7 4 10 -3 -4 8 9 -5 -2 12 -9 -1 -12 -8
right_child=1 2 5 6 -6 -7 14 11 -10 -11 13 -13 -14 -15 -16
leaf_value=-0.014945474245675732 0.019779789931374085 -0.023231302750328999 0.0068375535554110814 0.0051221623518239549 -0.0018971513499762534 0.0011428034434966252 0.064673380867080868 0.026592215629234268 -0.0033806657257271066 0.00081530511869467226 0.0070706096462040827 0.011715304073372628 0.031719249736287806 -0.015507857523712183 -0.0080778625806479046
leaf_weight=4536.8742801523767 689.72600850928575 1091.5238093966618 15426.863277807832 5323.4813077067956 29699.544844038785 48638.174937544856 108.59287403523922 1022.9212709376588 10175.587101151235 3566.5055196341127 901.76765948534012 6117.5314588393085 61.980127094313502 429.14103455841541 32.561292834579945
leaf_count=27537 1799 11415 43641 11021 104084 165873 221 1508 32675 9778 1081 13461 451 836 66
internal_value=0.00101699 0.0018397 0.000833516 -0.00303272 -0.00266535 0.00251585 3.01864e-05 0.0101996 -0.000456128 0.00395421 -0.0110961 0.013902 -0.014209 -0.000279045 0.0485352
internal_weight=127823 106253 94856.1 21570 30791.1 64065 15640.2 11396.7 15499.1 4256.23 5929.76 7140.45 4598.85 1330.91 141.154
internal_count=425447 351559 325013 73888 115499 209514 43983 26546 43696 11577 29905 14969 27988 1917 287
is_linear=0
shrinkage=0.03


Tree=148
num_leaves=16
num_cat=0
split_feature=15 15 5 15 0 9 16 15 30 9 12 19 17 26 1
split_gain=459.486 655.259 491.193 451.661 305.435 164.463 198.538 188.182 156.004 143.808 108.777 143.821 97.2514 37.2844 31.3669
threshold=-0.48979591836734687 -0.084699453551912551 0.14670014347202298 0.54509283819628662 228689772.00000003 289.50000000000006 7.5000000000000009 -0.65833333333333321 16.500000000000004 366.50000000000006 47.500000000000007 106664551.00000001 0.25445784628391271 0.38197371580771516 2593.5000000000005
decision_type=2 2 2 2 2 2 2 2 2 2 2 2 2 2 2
left_child=5 4 12 -4 14 10 7 -7 -6 -8 11 -1 -3 -12 -2
right_child=1 2 3 -5 8 6 9 -9 -10 -11 13 -13 -14 -15 -16
leaf_value=0.035257069752668499 0.026747876289565226 -0.030386278478103698 -0.00013854760353373429 0.0039670410260720856 0.014991388849521507 -0.017630594195359249 0.044672402322801681 0.00071544258343333273 0.0020931310993976397 -0.022567259585485437 -0.012107347858408319 -0.012958446300043535 -0.0039893898158848808 -0.031461599934937967 0.016501931342660599
leaf_weight=48.498867788352072 950.37377578765154 518.23342735134065 82444.18167822063 34063.642199374735 1362.9837211370468 582.49905705824494 16.059545278549194 3166.0566127579659 2209.9851932376623 641.10226305574179 154.00942827854306 447.15557111706585 174.44555137865245 420.04330461053178 554.37002024054527
leaf_count=458 551 13102 311754 45557 1641 5230 66 18471 3664 4863 2658 6222 3073 7614 523
internal_value=0.00098733 0.0013686 0.000910444 0.00106191 0.0119038 -0.00750229 -0.00489679 -0.00218634 0.00706391 -0.0199192 -0.0179896 -0.00728484 -0.0240063 -0.0267606 0.023193
internal_weight=127754 122278 117201 116508 5077.71 5475.42 4405.72 3748.56 3572.97 657.162 1069.71 495.654 692.679 574.053 1504.74
internal_count=425447 379865 373486 357311 6379 45582 28630 23701 5305 4929 16952 6680 16175 10272 1074
is_linear=0
shrinkage=0.03


Tree=149
num_leaves=16
num_cat=0
split_feature=14 0 14 0 14 0 17 17 0 14 12 6 17 5 1
split_gain=446.591 809.677 1087.98 781.514 409.46 448.79 385.789 348.136 341.128 364.543 341.141 239.03 236.972 136.463 132.554
threshold=37989986.51282052 140995146.50000003 6663230.2250000006 36826609.500000007 15000068.571428573 352372750.00000006 0.19823817908763888 1.0000000180025095e-35 803222033.50000012 70563326.333333358 52.500000000000007 1.4087666455294865 0.22935628145933154 0.60903532608695665 16571.000000000004
decision_type=2 2 2 2 2 2 2 2 2 2 2 2 2 2 2
left_child=1 2 3 -1 7 -6 -4 -3 11 14 -11 13 -13 -2 -10
right_child=8 4 6 -5 5 -7 -8 -9 9 10 -12 12 -14 -15 -16
leaf_value=0.00064851377168885884 -0.019365546057961019 0.00028092048835784097 -0.007993153031434155 0.010324057275852214 -0.0008140239320833314 0.0079296626132825104 0.00051754671576593862 0.014422690374522424 0.01479250181915749 -0.0060200764208737994 0.0046229997915468559 -0.0025842399325091505 0.018424188108857053 -0.0061271752107071534 0.0041830823166043272
leaf_weight=31212.655875681899 735.74723879666999 2008.8022679556161 15013.323571146931 9884.4069446721114 10101.971355674323 11041.809993224218 7026.7878560307436 7184.2026840876788 1309.4495108835399 7986.4711719327606 4082.8004252337851 1644.0487248152494 666.71259659156203 12185.842705406249 5511.1115920227021
leaf_count=87572 8946 4558 62788 21034 33795 22748 25871 11432 2929 40532 17781 5660 1504 65358 12939
internal_value=0.000958899 0.00203132 9.50779e-05 0.00297926 0.00605802 0.00375311 -0.00527992 0.0113413 -0.00197761 0.000714778 -0.00241598 -0.00531586 0.00354405 -0.00690486 0.00625232
internal_weight=127596 93474 63137.2 41097.1 30336.8 21143.8 22040.1 9193 34122.2 18889.8 12069.3 15232.4 2310.76 12921.6 6820.56
internal_count=425447 269798 197265 108606 72533 56543 88659 15990 155649 74181 58313 81468 7164 74304 15868
is_linear=0
shrinkage=0.03


Tree=150
num_leaves=16
num_cat=0
split_feature=14 15 0 14 14 0 13 5 14 24 22 2 31 18 18
split_gain=444.657 452.428 486.224 1578.91 694.2 194.953 176.38 272.404 198.656 117.839 127.492 119.058 115.714 114.978 109.084
threshold=599978.80000000016 0.54509283819628662 57385765.500000007 9672427.0486111138 5046954.8253968256 211465368.00000003 3.8284361097305015 0.79008567931456553 252619.18750000003 0.43907527459923235 727.00000000000011 2.1286186931348223 0.030620926759813403 1887.5000000000002 456.50000000000006
decision_type=2 2 2 2 2 2 2 2 2 2 2 2 2 2 2
left_child=6 2 4 -4 -2 14 7 13 -9 10 -8 -11 -7 -1 -3
right_child=1 5 3 -5 -6 12 9 8 -10 11 -12 -13 -14 -15 -16
leaf_value=-0.027250274505977161 -0.00092531748030774642 0.0081228212619565802 0.011843352864619541 -0.0013126573651650443 -0.011412942738954431 0.0050499435885065459 0.031306180336795414 0.011584582862278276 -0.00010131624458738181 -0.028216176295475792 0.0030512648606949391 0.011679210735196033 -0.00032294184080321068 0.021819347672142837 0.003082373101326732
leaf_weight=288.93271457962692 19894.617844268214 8724.6795783787966 9843.449073814787 49082.293218629435 7941.1919484701939 5103.8836747333407 596.51961677707732 3214.1137874312699 2193.1269262209535 57.117059541866183 195.60906557738781 1115.0119972629473 12183.154745873064 37.89397231861949 7023.011314060539
leaf_count=1320 64437 10065 22190 239575 39802 6508 788 5212 4949 281 345 2026 18597 58 9294
internal_value=0.000931021 0.000481159 -0.00065625 0.000886978 -0.00392291 0.00346827 0.00791304 0.00522277 0.00685219 0.0156522 0.0245524 0.0093779 0.00126464 -0.0207653 0.0058819
internal_weight=127495 119796 86761.6 58925.7 27835.8 33034.7 7698.33 5734.07 5407.24 1964.26 792.129 1172.13 17287 326.827 15747.7
internal_count=425447 410468 366004 261765 104239 44464 14979 11539 10161 3440 1133 2307 25105 1378 19359
is_linear=0
shrinkage=0.03


Tree=151
num_leaves=16
num_cat=0
split_feature=15 15 5 14 0 5 27 14 14 30 26 30 13 11 1
split_gain=439.633 612.92 466.959 430.041 293.304 159.675 177.251 280.017 186.802 148.668 83.8334 65.3085 59.2295 39.5081 32.0167
threshold=-0.48979591836734687 -0.084699453551912551 0.14670014347202298 252619.18750000003 228689772.00000003 0.92031746031746042 133148359.82146545 104922208.3452381 33262370.564989522 16.500000000000004 4.0824390873314558 24.500000000000004 67.402195411392441 60.500000000000007 455.50000000000006
decision_type=2 2 2 2 2 2 2 2 2 2 2 2 2 2 2
left_child=5 4 11 -4 14 10 8 -8 -7 -6 13 -3 -12 -1 -2
right_child=1 2 3 -5 9 6 7 -9 -10 -11 12 -13 -14 -15 -16
leaf_value=0.0099950550614863656 0.02954973459551518 -0.026395828541542658 0.011142520925640956 0.00065338997846261962 0.01455599591301885 -0.0053089965861660105 0.01464036501731881 -0.020243785245316184 -0.02130079777983853 0.00192883935880958 0.042195174887282048 0.0065882841561709562 -0.017165730377728023 -0.029995063802833892 0.018917969302237634
leaf_weight=15.484804350882767 486.41359950602055 624.71232619415969 3617.0007832534611 112559.73294677585 1352.8139889836311 3163.2424259744585 750.64913365803659 269.02804811578244 824.10697479918599 2202.7206258028746 16.357885865494609 51.639091791585088 16.522161317057908 395.72598317591473 990.37184290587902
leaf_count=79 229 15656 5833 351478 1641 21103 4935 4331 8368 3664 69 519 304 6393 845
internal_value=0.000904359 0.0012777 0.000835199 0.000981609 0.0115138 -0.00741849 -0.00583775 0.00524761 -0.00868913 0.0067826 -0.0244026 -0.0237458 0.015707 -0.02812 0.0227018
internal_weight=127337 121885 116853 116177 5032.32 5451.12 5007.03 1019.68 3987.35 3555.53 444.091 676.351 32.88 411.211 1476.79
internal_count=425447 379865 373486 357311 6379 45582 38737 9266 29471 5305 6845 16175 373 6472 1074
is_linear=0
shrinkage=0.03


Tree=152
num_leaves=16
num_cat=0
split_feature=17 17 17 3 14 28 14 24 14 23 17 14 11 23 31
split_gain=455.373 875.233 568.195 546.335 542.86 386.966 406.674 323.416 277.181 245.334 235.767 218.279 209.799 113.359 65.5615
threshold=1.0000000180025095e-35 0.059137627482414253 0.11787210404872896 4.3357843137254912 3652219.2500000005 10558699.34320513 185965.20454545456 0.68299551038720729 7587902.4750000006 0.088361453816665644 0.086981520056724562 299591419.75000006 164.50000000000003 1.7786347870781443 0.040922381711855402
decision_type=2 2 2 2 2 2 2 2 2 2 2 2 2 2 2
left_child=3 7 10 12 -4 6 -5 8 -2 -9 -3 -7 13 -1 -14
right_child=1 2 4 5 -6 11 -8 9 -10 -11 -12 -13 14 -15 -16
leaf_value=-0.014403515986173041 0.010898994542104554 -0.001356536710681889 0.0084285677582830437 0.01702467375886501 0.0010706541544508014 0.060570341254474309 -0.0021494402481658098 0.026570618069140933 -0.0041401695506220887 0.010922503213989 -0.008034529596447626 -0.028927078079857615 0.042317179765509583 -0.0025355882201996034 -0.013641073929912095
leaf_weight=4246.8003742662258 2061.9305922975764 24773.699064734392 10868.788879354484 1053.2549676783383 52950.488759730943 123.07106648758054 14586.695809500292 1055.042014031671 2336.0236398135312 6330.1920938943513 5882.3743498437107 19.936871938407421 70.552189778070897 889.06928350403905 15.420723396819083
leaf_count=22565 4544 91563 24055 1400 185459 151 43416 1588 7635 14221 23936 140 226 4330 218
internal_value=0.000877798 0.00167589 0.000713333 -0.00315647 0.00232591 -0.000368174 -0.00084119 0.00938024 0.00291705 0.0132113 -0.00264221 0.0463419 -0.0115531 -0.0123683 0.0314476
internal_weight=127263 106259 94475.4 21004.8 63819.3 15783 15640 11783.2 4397.95 7385.23 30656.1 143.008 5221.84 5135.87 85.9729
internal_count=425447 353001 325013 72446 209514 45107 44816 27988 12179 15809 115499 291 27339 26895 444
is_linear=0
shrinkage=0.03


Tree=153
num_leaves=16
num_cat=0
split_feature=17 17 17 2 14 15 0 14 18 24 14 15 15 7 14
split_gain=429.145 874.11 534.749 525.151 518.727 499.521 416.022 288.922 266.272 255.734 264.151 244.498 216.702 138.461 82.1833
threshold=0.039001181721687324 0.059137627482414253 0.11787210404872896 5.9096736596736603 19643848.600000005 -0.45227272727272722 5756244992.000001 2805202.7083333335 28.500000000000004 0.68299551038720729 7587902.4750000006 0.90454545454545465 1.2916666666666667 7.1090113590113591 264861922.3571429
decision_type=2 2 2 2 2 2 2 2 2 2 2 2 2 2 2
left_child=3 9 5 6 -4 -3 11 13 -9 10 -2 -1 -11 -5 -8
right_child=1 2 4 7 -6 -7 14 8 -10 12 -12 -13 -14 -15 -16
leaf_value=-0.011061486887555363 0.011496319641881594 -0.022693150115094509 0.0050164583811113522 0.0016607785529249494 -0.00039251602774438668 -0.0018332730382719185 0.090659697645072077 0.0049952151803782738 -0.0062493920997757609 0.014172020175748135 -0.0034443075688316157 0.00030500521693095921 -0.010225052152847228 0.013546414576254545 0.004577715790775521
leaf_weight=7684.0129709825851 2013.5464814882725 1056.1539677805267 31250.662111373618 1576.977997969836 32566.470788099337 29591.207972135395 30.359833365306258 3092.4664329048246 4840.669416680932 6740.2602885444649 2226.8492259606719 2179.4606477245688 332.6197255551815 2019.1961807310581 15.91179379634559
leaf_count=41166 4363 11415 81513 3203 128001 104084 12 8860 14294 14380 7214 3124 589 3142 87
internal_value=0.000852134 0.00163679 0.000692002 -0.0030163 0.0022563 -0.00256386 -0.00807571 0.00133464 -0.00186113 0.00951164 0.0036587 -0.00855023 0.0130012 0.00837124 0.0699151
internal_weight=127217 105778 94464.5 21439.1 63817.1 30647.4 9909.75 11529.3 7933.14 11313.3 4240.4 9863.47 7072.88 3596.17 46.2716
internal_count=425447 351559 325013 73888 209514 115499 44389 29499 23154 26546 11577 44290 14969 6345 99
is_linear=0
shrinkage=0.03


Tree=154
num_leaves=9
num_cat=0
split_feature=5 15 15 15 0 15 15 28
split_gain=425.314 411.162 562.249 407.577 283.157 159.47 768.299 73.4509
threshold=1.0000000180025095e-35 -0.48979591836734687 -0.084699453551912551 0.54509283819628662 324885334.00000006 -0.65833333333333321 -0.54195804195804176 4801.927545409847
decision_type=2 2 2 2 2 2 2 2
left_child=-1 5 4 -4 -3 7 -7 -2
right_child=1 2 3 -5 -6 6 -8 -9
leaf_value=-0.029825399609925751 0.0061740916307509962 0.020907003487425031 -0.00027432157216283486 0.0036341172876809247 0.0058698892803511933 0.033873036167268451 -0.0087827755897452453 -0.021984737490124081
leaf_weight=391.04734339658171 85.185413666069508 1728.8396134078503 82513.822351278737 33846.73757090047 3262.1094696223736 403.22850087285042 4150.05914799124 758.60997527185827
leaf_count=14563 411 1375 314565 45668 5004 758 34703 8400
internal_value=0.000827332 0.000925657 0.00128654 0.000862622 0.0111317 -0.00716419 -0.00489989 -0.0190488
internal_weight=127140 126749 121352 116361 4990.95 5397.08 4553.29 843.795
internal_count=425447 410884 366612 360233 6379 44272 35461 8811
is_linear=0
shrinkage=0.03


Tree=155
num_leaves=9
num_cat=0
split_feature=5 14 0 0 14 14 15 13
split_gain=411.703 398.564 659.274 650.407 814.189 495.332 466.779 122.785
threshold=1.0000000180025095e-35 2005537.9671052634 12000974.500000002 24934866.500000004 4677751.4692307701 599978.80000000016 0.44671201814058964 101.40316598914363
decision_type=2 2 2 2 2 2 2 2
left_child=-1 2 5 6 -5 -2 -3 -4
right_child=1 3 7 4 -6 -7 -8 -9
leaf_value=-0.029763073492670686 0.0073214132163304472 -0.01138770323615404 0.015993516333643668 0.010169665769881731 6.9127419720522637e-05 -0.0036491822306822974 0.006104605040954148 -0.0057455741083921779
leaf_weight=380.30383649840951 7320.4378340337425 6697.9504253491759 4308.4829896464944 7783.071365150623 91081.021358873695 7465.2685885317624 1713.2750672139227 237.89061179384589
leaf_count=14563 14056 28598 7193 16539 321573 20347 2096 482
internal_value=0.000803483 0.000899051 0.00486242 0.000183953 0.000866017 0.00178227 -0.00781663 0.0148343
internal_weight=126988 126607 19332.1 107275 98864.1 14785.7 8411.23 4546.37
internal_count=425447 410884 42078 368806 338112 34403 30694 7675
is_linear=0
shrinkage=0.03


Tree=156
num_leaves=16
num_cat=0
split_feature=17 17 2 17 14 15 28 14 24 14 26 14 11 15 31
split_gain=410.539 778.631 514.35 502.089 490.02 470.293 354.995 349.257 290.264 244.799 234.466 203.809 197.614 198.195 62.102
threshold=1.0000000180025095e-35 0.059137627482414253 4.0940448113207557 0.11787210404872896 32732494.916666668 -0.45227272727272722 10558699.34320513 185965.20454545456 0.68299551038720729 7587902.4750000006 0.09696391690214913 299591419.75000006 164.50000000000003 0.90454545454545465 0.040922381711855402
decision_type=2 2 2 2 2 2 2 2 2 2 2 2 2 2 2
left_child=2 8 12 5 -5 -3 7 -4 9 -2 -10 -8 13 -1 -14
right_child=1 3 6 4 -6 -7 11 -9 10 -11 -12 -13 14 -15 -16
leaf_value=-0.014593743592273457 0.010210671251613609 -0.022290346190463238 0.016245123725327017 0.0041522371218175097 -0.0013031714411068475 -0.001826780665923258 0.058118694738048503 -0.0019027185756685624 0.025417965063354742 -0.0039407085658126808 0.010198426700170042 -0.028629554580227493 0.041507225556666624 -0.00083498193825722923 -0.013287297389516313
leaf_weight=4290.3693268415518 2054.9411017810926 1032.1841458827257 1008.1855496279895 40285.445149542298 23415.685288964305 29541.936817594804 123.63549897633493 14162.686932086013 1068.4020517421886 2332.0195209723897 6277.1650545457378 19.545920643955469 70.43712014099583 1214.7220042683184 15.088436232414095
leaf_count=26823 4544 11415 1346 110351 99163 104084 149 41770 1613 7635 14196 138 226 1776 218
internal_value=0.000779764 0.0015377 -0.00306065 0.000629722 0.0021466 -0.0025292 -0.000212413 -0.000679867 0.00882097 0.00269347 0.0124634 0.044495 -0.0108359 -0.0115738 0.0310017
internal_weight=126912 106008 20904.7 94275.3 63701.1 30574.1 15314.1 15170.9 11732.5 4386.96 7345.57 143.181 5590.62 5505.09 85.5256
internal_count=425447 353001 72446 325013 209514 115499 43403 43116 27988 12179 15809 287 29043 28599 444
is_linear=0
shrinkage=0.03


Tree=157
num_leaves=9
num_cat=0
split_feature=5 17 17 17 2 0 14 14
split_gain=397.605 387.772 772.342 475.948 459.915 383.036 258.927 244.445
threshold=1.0000000180025095e-35 0.039001181721687324 0.059137627482414253 0.11787210404872896 5.9096736596736603 5756244992.000001 2805202.7083333335 9111387.7875000015
decision_type=2 2 2 2 2 2 2 2
left_child=-1 4 7 -4 5 -2 -6 -3
right_child=1 2 3 -5 6 -7 -8 -9
leaf_value=-0.029700564518276549 -0.0080935896266595003 0.014025443990397847 -0.0023746070334208168 0.0021855830288954946 0.0079042755913289343 0.066775301562042352 -0.001803388830760113 0.005087761272747013
leaf_weight=369.53592680953443 9713.7030801614746 4929.1875184094533 30467.31186882779 63496.328794515692 3575.9037658702582 46.966702418401837 7921.1136670019478 6315.6744746919721
leaf_count=14563 41473 9735 111953 202109 6336 81 23072 16125
internal_value=0.000757012 0.000849758 0.00159669 0.000706499 -0.00284405 -0.00762836 0.00121973 0.00902173
internal_weight=126836 126466 105209 93963.6 21257.7 9760.67 11497 11244.9
internal_count=425447 410884 339922 314062 70962 41554 29408 25860
is_linear=0
shrinkage=0.03


Tree=158
num_leaves=16
num_cat=0
split_feature=11 15 31 1 14 17 17 1 6 28 31 8 11 19 30
split_gain=385.997 382.317 399.574 454.917 267.897 254.882 456.058 292.968 254.362 219.09 200.28 211.39 180.87 125.177 37.1892
threshold=90.500000000000014 0.67261904761904778 0.0057197382769901862 209.50000000000003 121580771.21764708 0.11787210404872896 0.083587467670440688 7414.5000000000009 0.66115363586659381 9403.4559179440457 0.073566350339816483 88.595817967958098 118.50000000000001 267603495.00000003 175.00000000000003
decision_type=2 2 2 2 2 2 2 2 2 2 2 2 2 2 2
left_child=5 2 4 -4 -2 6 8 -8 -1 14 11 -7 -11 -12 -3
right_child=1 9 3 -5 -6 10 7 -9 -10 12 13 -13 -14 -15 -16
leaf_value=-0.0014635617458097125 0.0022332886413394199 0.011769458483323428 -0.012066761747578569 -0.0024532195545557073 -0.014261748520262813 0.013744635219144664 -0.002638080069770636 -0.023445791623226752 0.0048389456824944619 0.00021950401833188891 -0.0037825405864562881 0.0048134719764070487 0.0077899566716561064 0.011865017090877885 -0.0060030371107390474
leaf_weight=10691.90726588387 18700.985650097951 2442.4695493392646 5207.4732845504768 29400.038722805213 914.96047603711486 2718.176845389884 1434.3587093553506 1053.8587556527928 12459.944882824551 15010.984494693577 3230.9590242491104 19417.654705463443 3491.0508939437568 520.80067850556225 99.742644559592009
leaf_count=38174 64191 2789 20034 154711 8873 7527 4606 5342 29281 21791 11009 51249 4243 1455 172
internal_value=0.000734687 -0.000634542 -0.00196677 -0.00390526 0.00145206 0.00273494 0.000612807 -0.0115506 0.00192799 0.00279566 0.00483405 0.0059201 0.00165471 -0.00156386 0.0110293
internal_weight=126795 75267.7 54223.5 34607.5 19615.9 51527.7 25640.1 2488.22 23151.9 21044.2 25887.6 22135.8 18502 3751.76 2542.21
internal_count=425447 276804 247809 174745 73064 148643 77403 9948 67455 28995 71240 58776 26034 12464 2961
is_linear=0
shrinkage=0.03


Tree=159
num_leaves=9
num_cat=0
split_feature=5 14 0 14 0 14 5 0
split_gain=383.961 382.925 690.076 889.663 681.406 566.132 210.493 106.986
threshold=1.0000000180025095e-35 2303145.1597222225 36826609.500000007 6663230.2250000006 12000974.500000002 968726.70000000007 1.025978407557355 109559049.00000001
decision_type=2 2 2 2 2 2 2 2
left_child=-1 4 6 -4 5 -2 -3 -6
right_child=1 2 3 -5 7 -7 -8 -9
leaf_value=-0.029636467048092956 0.0051403211049641778 -0.016811482328595549 0.0092911763111290582 -7.5282719362129545e-05 0.013822110809739635 -0.0071704049885196793 -0.0050250372726132423 -0.0093379671031532663
leaf_weight=359.01745574688539 10298.502235598862 1546.72464867495 10251.676445407793 82145.823458620347 5739.5613964647055 4972.1998636163771 11211.25643771328 173.84441196545959
leaf_count=14563 21330 8543 21473 295176 10359 15014 38664 325
internal_value=0.000713133 0.000803122 6.13e-05 0.000964958 0.00448138 0.00112684 -0.00647439 0.0131143
internal_weight=126699 126340 105155 92397.5 21184.1 15270.7 12758 5913.41
internal_count=425447 410884 363856 316649 47028 36344 47207 10684
is_linear=0
shrinkage=0.03


Tree=160
num_leaves=9
num_cat=0
split_feature=5 17 17 2 17 19 24 11
split_gain=371.759 371.523 689.892 437.476 432.812 324.186 277.123 200.782
threshold=1.0000000180025095e-35 1.0000000180025095e-35 0.059137627482414253 4.0940448113207557 0.11787210404872896 119129982.00000001 0.68299551038720729 164.50000000000003
decision_type=2 2 2 2 2 2 2 2
left_child=-1 3 6 7 -4 -5 -3 -2
right_child=1 2 4 5 -6 -7 -8 -9
leaf_value=-0.029574220360415907 -0.01088643066282725 0.0023794498947113949 -0.0022959942396883373 0.0058642964890141067 0.0020555294918587802 -0.0033803418751496813 0.011946264826222618 0.032883888939859746
leaf_weight=349.1602914002724 5403.5643396824598 4370.3783610016108 30419.552496097051 5125.911160942167 63443.371634558775 10146.22694462724 7302.4364775493741 81.495806809514761
leaf_count=14563 26126 11818 111953 14167 202109 29112 15368 231
internal_value=0.000691851 0.000779267 0.00150112 -0.00288781 0.000644805 -0.000272817 0.0083746 -0.0101427
internal_weight=126642 126293 105536 20757.2 93862.9 15272.1 11672.8 5485.06
internal_count=425447 410884 341248 69636 314062 43279 27186 26357
is_linear=0
shrinkage=0.03


Tree=161
num_leaves=16
num_cat=0
split_feature=15 15 15 11 0 28 0 14 0 31 14 19 30 16 1
split_gain=384.846 533.343 390.109 408.9 272.703 228.029 159.357 264.026 355.078 248.208 201.905 163.157 139.837 73.5114 34.8423
threshold=-0.48979591836734687 -0.084699453551912551 0.54509283819628662 101.50000000000001 228689772.00000003 16438.963911268074 46278499.000000007 8578206.7613636386 312284260.00000006 0.072585013804913875 1376570.0538461541 134537895.00000003 16.500000000000004 4.5000000000000009 455.50000000000006
decision_type=2 2 2 2 2 2 2 2 2 2 2 2 2 2 2
left_child=6 4 3 -3 14 -4 10 9 -9 -8 11 -1 -6 -12 -2
right_child=1 2 5 -5 12 -7 7 8 -10 -11 13 -13 -14 -15 -16
leaf_value=0.026390061123985724 0.028897564927612765 0.00088440017196647191 0.0087516733298405661 -0.0037154102627457069 0.013720716284924444 0.002204226058755998 -0.0011059583520165656 -0.022585597051919183 -0.0020416657645665787 0.03332805559614048 0.025038875582552449 -0.013642910143965891 0.001407271208548287 -0.032014826146511494 0.017784103805840508
leaf_weight=111.91375772003084 464.7636492177844 57852.154154463671 5779.6361808031797 24850.209705993533 1334.2451820969582 27808.494496639818 556.33093432243913 1070.7344466787763 2526.5047863265499 267.96046952996403 9.991796746850012 314.06800134200603 2183.8349313139915 522.76886582328007 954.68769783526659
leaf_count=466 229 209156 7052 118662 1641 38616 2721 12229 21223 1304 92 1798 3664 5749 845
internal_value=0.000671267 0.00102028 0.000609303 -0.0004978 0.0106624 0.00333517 -0.00716798 -0.0047204 -0.00823336 0.0104477 -0.0181783 -0.00251753 0.00612411 -0.0302337 0.021708
internal_weight=126608 121228 116290 82702.4 4937.53 33588.1 5380.27 4421.53 3597.24 824.291 958.742 425.982 3518.08 532.761 1419.45
internal_count=425447 379865 373486 327818 6379 45668 45582 37477 33452 4025 8105 2264 5305 5841 1074
is_linear=0
shrinkage=0.03


Tree=162
num_leaves=16
num_cat=0
split_feature=14 13 14 1 15 17 13 14 15 17 3 17 5 13 17
split_gain=367.494 493.978 428.52 483.794 328 268.34 260.593 313 229.726 209.338 151.978 137.436 198.167 114.775 41.4304
threshold=1815890.027777778 19.469296287487417 4926939.7250000006 917.50000000000011 0.32051282051282054 0.14803239703178409 6.45850885720664 252619.18750000003 0.44671201814058964 0.039001181721687324 4.4921855921855931 0.11827412620186807 5.2618293591654259 97.07903751310414 0.2798049002885819
decision_type=2 2 2 2 2 2 2 2 2 2 2 2 2 2 2
left_child=6 4 9 -4 5 -2 7 10 -9 -3 -1 12 -8 -13 -6
right_child=1 2 3 -5 14 -7 11 8 -10 -11 -12 13 -14 -15 -16
leaf_value=-0.00058655354813447311 -0.013026270045331091 -0.00069350249215856924 -0.0060591797955677189 0.00075814168877976406 0.005767821543311992 -0.00013855651037938108 0.0035012395110015021 -0.0039703856193831332 0.011235850690213373 0.0090605580731123667 0.01305301546577602 0.015532556136226418 0.025191006981508477 -0.012533084265360228 -0.012300002848077224
leaf_weight=1035.1448709508404 5318.0877445507795 2690.420159375295 10621.128692852799 78595.602819654392 1735.7048686109483 2006.0177007671446 3876.2721003317274 6324.489518461749 1025.6212019510567 7407.7417502412573 2477.8798627108335 2702.0459936633706 407.15875235572457 125.83065175637603 107.33911405876279
leaf_count=2577 20722 8920 42507 285293 2172 6950 9562 16996 1290 18470 3675 5101 679 331 202
internal_value=0.000652199 -6.06061e-06 0.000609079 -5.39969e-05 -0.00666372 -0.00950801 0.00462339 0.00169291 -0.0018259 0.00646168 0.00904008 0.00908276 0.00565064 0.0142136 0.0046086
internal_weight=126456 108482 99314.9 89216.7 9167.15 7324.11 17974.4 10863.1 7350.11 10098.2 3513.02 7111.31 4283.43 2827.88 1843.04
internal_count=425447 385236 355190 327800 30046 27672 40211 24538 18286 27390 6252 15673 10241 5432 2374
is_linear=0
shrinkage=0.03


Tree=163
num_leaves=13
num_cat=0
split_feature=15 15 5 14 1 31 15 15 6 2 17 1
split_gain=364.234 504.669 385.568 380.678 217.704 177.956 156.327 273.423 157.944 102.585 102.224 96.5208
threshold=-0.48979591836734687 -0.084699453551912551 0.14670014347202298 31603146.750000004 17498.500000000004 1.0000000180025095e-35 -0.74166666666666659 -0.70714285714285696 0.71516754850088193 15.530487804878051 0.25445784628391271 51167.500000000007
decision_type=2 2 2 2 2 2 2 2 2 2 2 2
left_child=6 4 10 -4 9 -6 -1 11 -9 -2 -3 -8
right_child=1 2 3 -5 5 -7 7 8 -10 -11 -12 -13
leaf_value=-0.032174004416019593 0.020209963497315461 -0.02999378277936866 0.001833456808214941 -0.0019167135167973701 0.016346682289783792 -0.00050588046524817928 0.090558567307216994 -0.012139895500641002 -0.0015796092765790147 0.003211435163407164 -0.001871689970933685 -0.0096872185972101763
leaf_weight=199.70399955380708 1844.4689564332366 451.66853667236865 80634.182016924024 34884.549009453505 788.41628806293011 1878.2293893173337 20.623057231307033 2404.0867253444158 2721.232097773347 398.70296888053417 160.84811330679804 7.2235225290060034
leaf_count=2136 1564 13102 212911 144400 863 3420 37 27063 16267 532 3073 79
internal_value=0.000633065 0.000972292 0.000573054 0.000700612 0.0103788 0.0045291 -0.00701337 -0.00594194 -0.00655983 0.0172433 -0.0228779 0.0695666
internal_weight=126394 121041 116131 115519 4909.82 2666.65 5352.87 5153.17 5125.32 2243.17 612.517 27.8466
internal_count=425447 379865 373486 357311 6379 4283 45582 43446 43330 2096 16175 116
is_linear=0
shrinkage=0.03


Tree=164
num_leaves=16
num_cat=0
split_feature=11 15 31 1 29 14 14 0 0 14 1 0 4 11 28
split_gain=350.291 337.159 371.515 437.98 252.532 403.912 251.099 238.51 235.01 216.667 258.604 197.74 197.281 160.149 132.298
threshold=90.500000000000014 0.67261904761904778 0.0057197382769901862 209.50000000000003 207039.8667851465 4802571.166666667 121580771.21764708 27214854.500000004 823288141.00000012 60890640.514285721 1258.5000000000002 42929158.500000007 4.5519814719505929 113.50000000000001 7328.7040262539194
decision_type=2 2 2 2 2 2 2 2 2 2 2 2 2 2 2
left_child=4 2 6 -4 5 7 -2 -1 14 10 -6 -7 -11 -10 -3
right_child=1 8 3 -5 9 11 -8 -9 13 12 -12 -13 -14 -15 -16
leaf_value=0.0019984135895010592 0.0021076282207798413 0.011216574116061893 -0.011854151656991507 -0.0023930958191271186 -0.0020797172428512647 -0.012001134264611191 -0.013956586353966184 0.011474990831969374 -0.0078078448654130645 -0.0024743805979978903 0.0079855022102729139 -0.0015832155135875985 0.010129146837781563 0.0044907171055846738 0.0031312846941344459
leaf_weight=9557.9704436296597 18669.920117734466 2076.6217157132924 5174.1578768691979 29297.599998574937 2697.7609866647981 1882.6732706469484 903.55724221747369 3181.5844041146338 2853.6107043102384 5360.6643481831998 15089.10730264755 12206.953189038206 1396.0802974286489 1411.7095571234822 14561.424831040204
leaf_count=22756 64191 2454 20034 154711 8285 7586 8873 5830 5265 22361 34481 41639 5705 2017 19259
internal_value=0.000614503 -0.000693096 -0.00194468 -0.00381859 0.00252241 0.000508763 0.00135442 0.00437816 0.0025405 0.00472069 0.00645674 -0.00298868 0.000142002 -0.00372886 0.00415142
internal_weight=126321 74948.6 54045.2 34471.8 51372.8 26829.2 19573.5 12739.6 20903.4 24543.6 17786.9 14089.6 6756.74 4265.32 16638
internal_count=425447 276804 247809 174745 148643 77811 73064 28586 28995 70832 42766 49225 28066 7282 21713
is_linear=0
shrinkage=0.03


Tree=165
num_leaves=16
num_cat=0
split_feature=14 17 17 19 17 24 24 27 13 14 5 9 26 24 22
split_gain=352.536 475.47 701.873 431.119 380.143 309.547 236.763 209.219 171.157 225.159 178.864 143.666 104.31 108.083 89.2216
threshold=599978.80000000016 1.0000000180025095e-35 0.059137627482414253 109415584.50000001 0.11787210404872896 0.41878189377592628 0.45247503887209767 999783098.26478064 2.3097261152362329 185965.20454545456 1.4907375643224701 300.50000000000006 0.36266862186839893 0.48996348647476168 1099.0000000000002
decision_type=2 2 2 2 2 2 2 2 2 2 2 2 2 2 2
left_child=8 3 6 7 -4 -5 -3 -2 9 11 -11 -1 14 -14 -10
right_child=1 2 4 5 -6 -7 -8 -9 12 10 -12 -13 13 -15 -16
leaf_value=-0.00088738712597049934 0.001714258971008728 0.0012805641086671119 -0.0027624715625263179 -0.019143111478704754 0.0014390281416847407 -0.0054978323296899214 0.010767284212789975 0.042695534192933191 -0.0095384036405437751 -0.022887223951865814 -1.6353149547502488e-05 0.014320048974603783 0.02419714023551468 0.0095496042692004516 0.0096717922337128392
leaf_weight=838.02849071659148 5548.6757291178219 3363.2711747465655 28430.014596733497 1736.9493001066148 60805.794648429845 10567.50598813314 8080.8674328727648 99.578479907475412 269.38078663591295 363.09853526670486 1668.3603934831917 1633.5947670154274 899.10696987248957 984.07082852441818 916.1471303999424
leaf_count=2048 19683 9512 111190 8492 204755 38437 18103 296 791 1274 3617 2308 1365 2085 1491
internal_value=0.000596616 0.000195384 0.000997775 -0.00429988 9.98791e-05 -0.00744746 0.00798721 0.00255323 0.00686623 0.00311633 -0.0042567 0.0091775 0.0123173 0.0166947 0.00521714
internal_weight=126204 118633 100680 17952.7 89235.8 12304.5 11444.1 5648.25 7571.79 4503.08 2031.46 2471.62 3068.71 1883.18 1185.53
internal_count=425447 410468 343560 66908 315945 46929 27615 19979 14979 9247 4891 4356 5732 3450 2282
is_linear=0
shrinkage=0.03


Tree=166
num_leaves=16
num_cat=0
split_feature=15 15 15 15 0 11 17 28 18 0 0 31 28 10 18
split_gain=349.832 466.366 385.475 473.95 220.024 169.757 141.527 70.6597 104.956 76.6996 113.248 74.0818 32.1993 26.1288 1.32838
threshold=-0.65833333333333321 -0.54195804195804176 -0.48979591836734687 -0.084699453551912551 1141448355.0000002 62.500000000000007 0.22576047480106357 4801.927545409847 1606.0000000000002 2439573472.0000005 3875455154.0000005 0.16371473354231977 140722.10806322229 1.1696306429548566 1999.0000000000002
decision_type=2 2 2 2 2 2 2 2 2 2 2 2 2 2 2
left_child=7 4 5 -4 13 -3 -6 8 11 12 -11 -1 -9 -2 -10
right_child=1 2 3 -5 6 -7 -8 9 14 10 -12 -13 -14 -15 -16
leaf_value=-0.029016854479405312 0.015911441904908001 0.023474185432720136 0.010057602185800188 0.00052328536808345983 -0.024838381326241173 -0.0095745394452695694 0.026229504135817847 -0.032964370881385166 0.011146168870750458 0.026932520824331101 -0.02584147171373807 0.037227692675414932 -0.017297999531775719 0.05470124351680096 0.052366911051117009
leaf_weight=53.044267329387367 36.024891138076782 130.52632026933134 4876.0539475902915 115968.23876239546 68.403968930244446 3964.8916518245824 103.07141492143273 310.38791428506374 13.650123529136183 58.359334281645715 57.985641903243959 5.4803624153137198 314.46136770350859 199.12184546887875 12.975673735141752
leaf_count=372 53 482 6379 373486 306 35347 230 3328 33 551 831 1 3868 169 11
internal_value=0.000579073 0.000708632 0.000602019 0.000909443 0.0322088 -0.00843212 0.00533762 -0.0187001 0.0060144 -0.021642 0.000454493 -0.0160762 -0.0257174 0.050189 0.0435869
internal_weight=126173 125346 124940 120844 406.622 4095.42 171.475 826.345 85.1504 741.194 116.345 58.5246 624.849 235.147 26.6258
internal_count=425447 416452 415694 379865 758 35829 536 8995 417 8578 1382 373 7196 222 44
is_linear=0
shrinkage=0.03


Tree=167
num_leaves=9
num_cat=0
split_feature=5 14 0 0 14 14 15 8
split_gain=347.966 348.909 694.65 631.637 960.582 603.404 545.178 103.01
threshold=1.0000000180025095e-35 2805202.7083333335 15751179.500000002 57385765.500000007 10058548.79166667 1549586.1750000003 0.32051282051282054 96.084830993921926
decision_type=2 2 2 2 2 2 2 2
left_child=-1 2 5 6 -5 -2 -3 -4
right_child=1 3 7 4 -6 -7 -8 -9
leaf_value=-0.029461341286231395 0.0036592623455636163 -0.0079253334219141422 0.011410957777225703 0.0085538733901153324 -0.00038042121234696172 -0.010097097546779324 0.0043741113085499746 0.026328561968886645
leaf_weight=331.42835626658052 14254.695935444906 14291.077956398949 5712.7151210047305 12778.843460067175 70544.753577847965 3576.8167333463207 4180.4006324745715 450.60685285180807
leaf_count=14563 31432 62525 10632 26786 261131 12342 5274 762
internal_value=0.000562297 0.000645144 0.00389828 -0.000121843 0.000990711 0.000892031 -0.00513885 0.0125677
internal_weight=126121 125790 23994.8 101795 83323.6 17831.5 18471.5 6163.32
internal_count=425447 410884 55168 355716 287917 43774 67799 11394
is_linear=0
shrinkage=0.03


Tree=168
num_leaves=16
num_cat=0
split_feature=17 17 2 17 14 28 14 14 23 17 1 14 11 1 13
split_gain=338.361 647.983 408.111 373.487 434.875 318.354 296.564 228.119 247.916 213.617 208.44 191.024 158.408 125.456 71.7204
threshold=0.039001181721687324 0.059137627482414253 4.0940448113207557 0.11787210404872896 19643848.600000005 10558699.34320513 185965.20454545456 9111387.7875000015 0.1958073682358927 0.086981520056724562 625.50000000000011 299591419.75000006 164.50000000000003 2130.5000000000005 1534.7921922842011
decision_type=2 2 2 2 2 2 2 2 2 2 2 2 2 2 2
left_child=2 7 12 9 -5 6 -4 10 -9 -3 -2 -7 13 -1 -14
right_child=1 3 5 4 -6 11 -8 8 -10 -11 -12 -13 14 -15 -16
leaf_value=-0.0076970643184841548 0.0060135417393426477 -0.0010772473164082632 0.014962034902771131 0.0042847167929589286 -0.00068579694472580932 0.05506740676063137 -0.0019171063448331553 0.013041174393741589 0.00021913197414260706 -0.0074697329456939977 0.01854610444095205 -0.028669261215795008 -0.0037458677113319035 -0.017977146498898207 0.045994239829937923
leaf_weight=4177.5858865571208 2199.4657602882944 24537.63142262958 987.33471688441932 30931.303662141785 32431.909863589332 124.22509373910725 14287.950895491056 1970.1796289095655 4307.3159204134718 5813.1613772623241 2678.2007639845833 19.458241134881973 37.877721407916397 1457.2409987135325 51.184183231089264
leaf_count=20356 5429 91563 1346 81513 128001 149 42350 4020 12485 23936 4612 138 206 9078 265
internal_value=0.000545881 0.00124415 -0.00291455 0.000429644 0.00174057 -0.000370251 -0.000810535 0.00807431 0.00426957 -0.00230569 0.0129367 0.0419003 -0.00974427 -0.0104016 0.027061
internal_weight=126012 104869 21142.9 93714 63363.2 15419 15275.3 11155.2 6277.5 30350.8 4877.67 143.683 5723.89 5634.83 89.0619
internal_count=425447 351559 73888 325013 209514 43983 43696 26546 16505 115499 10041 287 29905 29434 471
is_linear=0
shrinkage=0.03


Tree=169
num_leaves=9
num_cat=0
split_feature=5 15 15 15 0 0 0 1
split_gain=336.559 335.608 434.222 367.633 203.413 55.1931 107.623 59.6387
threshold=1.0000000180025095e-35 -0.65833333333333321 -0.54195804195804176 -0.48979591836734687 1141448355.0000002 2439573472.0000005 3875455154.0000005 123.50000000000001
decision_type=2 2 2 2 2 2 2 2
left_child=-1 5 4 -4 -3 7 -7 -2
right_child=1 2 3 -5 -6 6 -8 -9
leaf_value=-0.029398922256763552 0.011490135417093631 0.048234660073117878 -0.0082249391330600358 0.00093360083095879139 0.0051787447053799835 0.025809759512769433 -0.025653099173803897 -0.023643522759168069
leaf_weight=322.21931652142666 36.653444075956941 237.19418036192656 4062.851564723067 120361.19889816083 171.63694256916642 59.622607823461294 56.686939369887114 660.44390445761383
leaf_count=14563 205 222 34703 366612 536 545 828 7233
internal_value=0.000529998 0.00061049 0.000736931 0.000633348 0.0310526 -0.0184201 0.000434084 -0.0215509
internal_weight=125969 125646 124833 124424 408.831 813.407 116.31 697.097
internal_count=425447 410884 402073 401315 758 8811 1373 7438
is_linear=0
shrinkage=0.03


Tree=170
num_leaves=16
num_cat=0
split_feature=11 14 0 15 12 13 17 29 14 6 17 14 1 0 16
split_gain=326.007 314.748 599.785 540.702 292.222 324.206 273.354 243.699 378.009 275.358 239.337 243.849 212.132 201.454 171.544
threshold=90.500000000000014 30560858.340909097 149173978.00000003 0.15587044534412958 51.500000000000007 538.07238303607244 0.092771746218204512 207039.8667851465 7918531.8708333345 0.60331143951833621 0.039001181721687324 56521356.769230776 222298.00000000003 57385765.500000007 5.5000000000000009
decision_type=2 2 2 2 2 2 2 2 2 2 2 2 2 2 2
left_child=7 2 3 -2 12 -6 -4 8 13 -10 14 -12 -3 -1 -9
right_child=1 4 6 -5 5 -7 -8 10 9 -11 11 -13 -14 -15 -16
leaf_value=0.0016822927417673608 -0.0032705943000494531 -0.0060125390808360331 0.00085188108116165484 0.0051451375059961574 -0.0086010733172076567 0.0029901948625927119 0.009772155761866623 -0.027392230965124761 -0.0095770671152344208 0.00025679373004079491 0.0077877041540829169 0.00097900454827872896 -0.026735937477669294 0.010466217546576924 -0.0013699717213751452
leaf_weight=13559.447708299384 29476.477312955074 11894.135252773995 5197.425922029186 8941.7241896428168 2943.7836580807343 8148.351794105256 7656.3433109614998 235.79019450163469 4589.3407646040432 5764.6154619334266 14655.970135336276 7012.2885064259171 449.559854272753 2833.3727415129542 2571.6405549556948
leaf_count=33790 118856 62660 13387 11470 14783 35872 17165 1136 21178 17912 34030 28024 2611 4931 7642
internal_value=0.000514169 -0.000749416 0.00056671 -0.00130983 -0.00362858 -9.08157e-05 0.00617277 0.00235737 0.000376132 -0.00410667 0.00451966 0.00558786 -0.00680125 0.00321054 -0.00370012
internal_weight=125930 74707.8 51272 38418.2 23435.8 11092.1 12853.8 51222.5 26746.8 10354 24475.7 21668.3 12343.7 16392.8 2807.43
internal_count=425447 276804 160878 130326 115926 50655 30552 148643 77811 39090 70832 62054 65271 38721 8778
is_linear=0
shrinkage=0.03


Tree=171
num_leaves=16
num_cat=0
split_feature=14 27 17 14 15 1 19 5 27 17 9 24 14 18 28
split_gain=326.355 418.896 462.863 816.714 440.381 526.842 380.596 291.253 323.508 291.188 168.478 114.694 117.778 72.9056 48.9762
threshold=3225469.464285715 10302128.82438479 1.0000000180025095e-35 16747758.208333334 0.32051282051282054 3395.5000000000005 119129982.00000001 0.60903532608695665 4088515.463953489 0.11992404237389566 104.50000000000001 0.31646034895358882 1209782.0312500002 11.500000000000002 8967.340951406919
decision_type=2 2 2 2 2 2 2 2 2 2 2 2 2 2 2
left_child=7 4 6 -4 5 -2 -3 11 9 -9 -10 12 -1 -13 -6
right_child=1 2 3 -5 14 -7 -8 8 10 -11 -12 13 -14 -15 -16
leaf_value=0.012347155039831772 -0.010088289025364006 0.0023152429721411483 0.0064546492551570229 -0.00058550556244053756 0.0084938640924022181 0.0043799373746913452 -0.010029605586532653 -0.00013093219932175298 -0.0046466969866281469 0.0074904711845819897 0.012929335814339813 0.021930523248018727 -0.018487909298899305 -0.020067731075518094 0.0016423318328071188
leaf_weight=287.54599787294865 10767.311376907863 3522.5632749591023 20823.149162704591 51409.479631672613 1496.2723906561732 2854.9995321007445 6155.6708397113252 13244.782493304461 541.40522821992636 6821.4410743471235 4435.6808406412601 26.580570628400892 161.4213919583708 711.44346433924511 2542.7398728840053
leaf_count=936 43392 14428 56533 206514 1711 8263 26959 31828 1816 13821 9701 123 1211 4783 3428
internal_value=0.000499102 -0.000285006 0.000618419 0.00144453 -0.00447364 -0.00705232 -0.00553676 0.00347524 0.00416632 0.0024621 0.0110032 -0.0109504 0.000956791 -0.0181086 0.00420995
internal_weight=125802 99572.2 81910.9 72232.6 17661.3 13622.3 9678.23 26230.3 25043.3 20066.2 4977.09 1186.99 448.967 738.024 4039.01
internal_count=425447 361228 304434 263047 56794 51655 41387 64219 57166 45649 11517 7053 2147 4906 5139
is_linear=0
shrinkage=0.03


Tree=172
num_leaves=9
num_cat=0
split_feature=5 14 17 17 2 1 30 2
split_gain=324.006 319.232 423.322 626.965 368.63 117.071 102.35 21.4824
threshold=1.0000000180025095e-35 185965.20454545456 0.039001181721687324 0.059137627482414253 5.6311740890688275 115.50000000000001 28.500000000000004 6.2866071428571439
decision_type=2 2 2 2 2 2 2 2
left_child=-1 5 4 -4 -3 6 -2 -7
right_child=1 2 3 -5 -6 7 -8 -9
leaf_value=-0.029327906003869791 0.0028928366090213301 -0.0084059308021065191 0.0078467560482438498 0.00028941497942462006 -0.00013141096848706899 0.03046562602140954 0.015976241187575863 0.015674887275026209
leaf_weight=312.21192557062022 1538.8039486221969 8485.7934575760737 11059.049667128362 91724.747865268029 11287.880855627358 238.93557512760162 826.1362214833498 257.85326551273465
leaf_count=14563 3023 38566 25775 311318 30475 245 1177 305
internal_value=0.000484417 0.000562368 0.000330203 0.00110387 -0.00368758 0.0104411 0.00754771 0.0235317
internal_weight=125731 125419 122557 102784 19773.7 2861.73 2364.94 496.789
internal_count=425447 410884 406134 337093 69041 4750 4200 550
is_linear=0
shrinkage=0.03


Tree=173
num_leaves=15
num_cat=0
split_feature=15 15 15 15 0 0 17 28 18 4 13 28 11 9
split_gain=320.597 406.661 349.258 438.569 188.869 161.868 134.595 69.3118 101.344 83.4732 76.2845 165.564 71.1571 28.7333
threshold=-0.65833333333333321 -0.54195804195804176 -0.48979591836734687 -0.084699453551912551 1141448355.0000002 46278499.000000007 0.22576047480106357 4801.927545409847 633.50000000000011 2.7745967741935487 2255.8811284549015 359305.99297003291 152.50000000000003 2349.5000000000005
decision_type=2 2 2 2 2 2 2 2 2 2 2 2 2 2
left_child=7 4 5 -4 13 -3 -6 8 -1 -10 12 -12 -9 -2
right_child=1 2 3 -5 6 -7 -8 10 9 -11 11 -13 -14 -15
leaf_value=-0.025851238320490317 0.049806611783885436 -0.020146657954266803 0.0096278091225161129 0.00041397896053410051 -0.024619421423975128 -0.0051192140430595693 0.025169168769041732 -0.026877712867635666 0.050604186868509322 -0.017714920110389738 0.03824520097264969 -0.026598896719075362 0.029728109166021751 0.0081108044792593554
leaf_weight=35.902794560417533 214.12785110622644 798.78600431489758 4829.9696567058563 115593.55729933223 67.987454004585743 3256.0676815882325 103.9928340241313 597.97968402504921 34.663591249845922 13.904256803914903 46.691127901896834 68.216556451283395 8.3152352310717088 24.752950191497803
leaf_count=262 183 7125 6379 373486 306 28704 230 6999 65 90 394 1107 78 39
internal_value=0.000470136 0.00059311 0.000492682 0.000784931 0.0298603 -0.00815026 0.00493019 -0.0182182 0.00628576 0.0310086 -0.0211986 0.000892334 -0.0253541 0.0463387
internal_weight=125695 124889 124478 120424 410.861 4054.85 171.98 805.673 84.4706 48.5678 721.203 114.908 606.295 238.881
internal_count=425447 416452 415694 379865 758 35829 536 8995 417 155 8578 1501 7077 222
is_linear=0
shrinkage=0.03


Tree=174
num_leaves=9
num_cat=0
split_feature=5 14 13 14 15 1 17 10
split_gain=313.579 316.723 466.584 354.156 284.851 239.837 294.649 105.492
threshold=1.0000000180025095e-35 2005537.9671052634 19.469296287487417 4926939.7250000006 0.32051282051282054 972.50000000000011 0.11992404237389566 2.1507863089731738
decision_type=2 2 2 2 2 2 2 2
left_child=-1 5 4 -4 -3 6 -2 -7
right_child=1 2 3 -5 -6 7 -8 -9
leaf_value=-0.029265128933296913 0.00016252225152751641 -0.0097814525114694566 0.0059657345228341695 -0.00012181826385853721 0.004051668151161981 0.017026310264563239 0.0084009573152308715 -0.0065215051212844282
leaf_weight=303.64171614707448 11342.502939524129 6551.2922025797889 9510.4526743236929 88542.585117628798 1670.7103354968131 1590.8263053055853 5951.9317222312093 181.83950775116682
leaf_count=14563 27165 25184 24761 316680 2181 2659 11749 505
internal_value=0.000456362 0.000532095 -0.000106591 0.000469148 -0.00696466 0.00409082 0.00300436 0.0145595
internal_weight=125646 125342 106275 98053 8222 19067.1 17294.4 1772.67
internal_count=425447 410884 368806 341441 27365 42078 38914 3164
is_linear=0
shrinkage=0.03


Tree=175
num_leaves=16
num_cat=0
split_feature=11 15 31 17 5 6 10 14 0 10 19 15 11 18 22
split_gain=307.323 292.867 341.576 339.918 233.991 290.124 277.882 232.689 205.031 200.505 197.381 152.513 146.903 131.681 118.084
threshold=90.500000000000014 0.67261904761904778 0.0057197382769901862 0.24789249151945117 2.8521554341226474 0.59731240981240996 1.9419306184012071 121580771.21764708 823288141.00000012 3.6375661375661386 155881132.50000003 0.36931818181818188 113.50000000000001 33.500000000000007 68.500000000000014
decision_type=2 2 2 2 2 2 2 2 2 2 2 2 2 2 2
left_child=4 2 7 -4 9 10 -7 -2 13 11 -6 -1 -10 -3 -11
right_child=1 8 3 -5 5 6 -8 -9 12 14 -12 -13 -14 -15 -16
leaf_value=-0.0011200611876591288 0.0019361408402366286 0.0097481298979930509 -0.0051695799271249685 0.0025537280908261638 -0.0035441255487062215 0.0064623019946813912 0.025183472665804202 -0.013631998793195977 -0.0074956076064586824 -0.00096183741159767988 0.00533566618139409 0.0038134534890111099 0.0042898208449102197 0.002553375995768581 0.027169867350957076
leaf_weight=21621.271239226218 18616.334295797162 2745.3392994478345 28010.404229153413 6262.1886648572981 4866.3964611496776 11504.75558350794 750.01067384332418 890.85282480530441 2861.9644106253982 198.15082065621391 4167.6137371212244 7611.8174588363618 1407.1983842402697 13702.234065152705 382.88077760720626
leaf_count=79135 64191 3071 143093 31652 16430 25966 1705 8873 5265 1340 12167 10279 2017 18642 1621
internal_value=0.000442761 -0.000785989 -0.00195363 -0.00375702 0.00223429 0.00463563 0.0076399 0.00121371 0.00224293 0.000517143 0.000551082 0.000164816 -0.00360248 0.0037639 0.0177429
internal_weight=125599 74496.5 53779.8 34272.6 51102.9 21288.8 12254.8 19507.2 20716.7 29814.1 9034.01 29233.1 4269.16 16447.6 581.032
internal_count=425447 276804 247809 174745 148643 56268 27671 73064 28995 92375 28597 89414 7282 21713 2961
is_linear=0
shrinkage=0.03


Tree=176
num_leaves=16
num_cat=0
split_feature=15 15 15 15 0 0 17 28 18 24 18 5 7 5 18
split_gain=304.735 382.087 327.93 417.109 176.478 156.502 127.324 66.5849 96.7572 75.4836 174.533 58.3019 46.309 26.2497 1.78767
threshold=-0.65833333333333321 -0.54195804195804176 -0.48979591836734687 -0.084699453551912551 1141448355.0000002 46278499.000000007 0.22576047480106357 4801.927545409847 1606.0000000000002 3.0376888314327286 150.50000000000003 4.5933134661948225 10.61946055931465 1.1366749688667499 1999.0000000000002
decision_type=2 2 2 2 2 2 2 2 2 2 2 2 2 2 2
left_child=7 4 5 -4 13 -3 -6 8 11 12 -11 -1 -9 -2 -10
right_child=1 2 3 -5 6 -7 -8 9 14 10 -12 -13 -14 -15 -16
leaf_value=-0.028256315192034639 -0.007332777590625816 -0.019832948373913757 0.0093774243971289258 0.00037291259909732935 -0.024176881189526787 -0.0049730092221377826 0.02429558141370157 -0.032479608498689409 0.010387645437779428 -0.03013834635914828 0.015787275090697592 0.028546018759870555 -0.004167098025827199 0.04603613131197451 0.050070523657575638
leaf_weight=49.219690565951169 3.6395706459879866 788.11851901072077 4809.0279981791973 115438.58949501161 67.346760548651218 3242.9253943427466 104.72865582257509 371.5760062285699 13.753984220325949 135.39800303196535 133.25654984824359 8.0385916978120786 68.52179083856754 236.68039882928133 13.584077209234236
leaf_count=358 19 7125 6379 373486 306 28704 230 4806 33 1835 1151 15 786 203 11
internal_value=0.000430088 0.000549283 0.000451601 0.000734402 0.0288672 -0.00794848 0.00474669 -0.0179293 0.00605398 -0.0208995 -0.00762258 -0.0155962 -0.02842 0.0447271 0.0415679
internal_weight=125484 124691 124279 120248 412.395 4031.04 172.075 793.349 84.5963 708.752 268.655 57.2583 440.098 240.32 27.3381
internal_count=425447 416452 415694 379865 758 35829 536 8995 417 8578 2986 373 5592 222 44
is_linear=0
shrinkage=0.03


Tree=177
num_leaves=16
num_cat=0
split_feature=14 17 17 19 17 2 28 14 13 14 5 9 30 18 10
split_gain=303.771 376.73 589.286 384.372 315.767 285.416 257.125 232.618 164.02 200.157 166.536 129.129 99.7668 144.02 123.33
threshold=599978.80000000016 1.0000000180025095e-35 0.059137627482414253 109415584.50000001 0.11787210404872896 11.942194600374235 10558699.34320513 5971249.8076923089 2.3097261152362329 185965.20454545456 1.4907375643224701 300.50000000000006 9.5000000000000018 1092.5000000000002 1.37937595129376
decision_type=2 2 2 2 2 2 2 2 2 2 2 2 2 2 2
left_child=8 3 7 6 -4 -5 -2 -3 9 11 -11 -1 14 -14 -10
right_child=1 2 4 5 -6 -7 -8 -9 12 10 -12 -13 13 -15 -16
leaf_value=-0.0012036061208375586 0.0014005614398424834 0.013979665697994829 -0.0026799232294903684 -0.0098521464600584072 0.0011599723782072316 0.00030371909858761559 0.039864334088167773 0.0044579502514363132 -0.0032012522664931998 -0.022403771779556467 -0.00027639834763300628 0.013258635498526518 0.00036034644675380175 0.025767202499359619 0.019473714544438008
leaf_weight=834.99361793417484 5475.4807746214792 3239.3213253463618 28266.343715232331 8726.1231686768588 60498.796697678044 3473.681515969336 146.17829873785377 8095.9840653697029 244.5778768286109 361.14824884384871 1661.9096077363938 1611.1664961054921 1064.3161967098713 233.3520291261375 1502.7306019356474
leaf_count=2048 19596 6605 111190 38862 204755 8067 383 21010 457 1274 3617 2308 2391 301 2583
internal_value=0.000417383 4.40996e-05 0.000759975 -0.00397244 -6.27111e-05 -0.00696116 0.00250947 0.00719652 0.00625966 0.00257727 -0.00437703 0.00833253 0.0116155 0.0051942 0.0162826
internal_weight=125436 117922 100100 17821.5 88765.1 12199.8 5621.66 11335.3 7514.19 4469.22 2023.06 2446.16 3044.98 1297.67 1747.31
internal_count=425447 410468 343560 66908 315945 46929 19979 27615 14979 9247 4891 4356 5732 2692 3040
is_linear=0
shrinkage=0.03


Tree=178
num_leaves=9
num_cat=0
split_feature=5 14 0 14 0 14 15 17
split_gain=303.127 298.434 681.922 627.904 609.24 556.564 326.901 233.43
threshold=1.0000000180025095e-35 3652219.2500000005 19835346.500000004 1549586.1750000003 42929158.500000007 8754962.7647058833 0.44671201814058964 1.0000000180025095e-35
decision_type=2 2 2 2 2 2 2 2
left_child=-1 2 3 -2 6 -6 -3 -4
right_child=1 4 7 -5 5 -7 -8 -9
leaf_value=-0.029204382023162081 0.0037284869046016831 -0.010315993486914633 0.0024192857945345607 -0.0077469223058712552 0.0064490704189427038 -0.00048170776630116933 0.0031190690144560413 0.014243193774004303
leaf_weight=295.37355047138408 14734.319004452787 7611.9685209980235 2100.4053649101406 6037.0648809410632 12093.533746084198 75083.517931899521 2061.4372029788792 5388.1622968651354
leaf_count=14563 32249 35522 5152 20978 27289 277194 2677 9823
internal_value=0.000405273 0.00047891 0.00319059 0.000388609 -0.000312392 0.000480356 -0.00744944 0.0109423
internal_weight=125406 125110 28260 20771.4 96850.5 87177.1 9673.41 7488.57
internal_count=425447 410884 68202 53227 342682 304483 38199 14975
is_linear=0
shrinkage=0.03


Tree=179
num_leaves=9
num_cat=0
split_feature=5 15 15 15 0 28 18 13
split_gain=293.71 292.578 355.805 312.48 164.47 64.8247 93.2716 75.5904
threshold=1.0000000180025095e-35 -0.65833333333333321 -0.54195804195804176 -0.48979591836734687 1141448355.0000002 4801.927545409847 633.50000000000011 2255.8811284549015
decision_type=2 2 2 2 2 2 2 2
left_child=-1 5 4 -4 -3 6 -2 -7
right_child=1 2 3 -5 -6 7 -8 -9
leaf_value=-0.029140697478902227 -0.02540671439881053 0.043134441020448777 -0.0077434353198599275 0.00076245564313079384 0.0045714692716443996 -0.02488407616951956 0.029268738121641276 0.0014638915457272656
leaf_weight=287.29327454301529 34.808562897145748 241.37302339076996 4002.0074129435234 119837.92029565386 172.18923534080386 583.97176779992878 49.632438465952873 112.70481399167329
leaf_count=14563 258 222 34703 366612 536 6945 153 1455
internal_value=0.000393265 0.000464853 0.000581172 0.000486433 0.0278705 -0.0176628 0.0059959 -0.0206385
internal_weight=125322 125035 124253 123840 413.562 781.118 84.441 696.677
internal_count=425447 410884 402073 401315 758 8811 411 8400
is_linear=0
shrinkage=0.03


Tree=180
num_leaves=16
num_cat=0
split_feature=5 30 15 14 27 6 2 16 3 18 17 28 29 20 9
split_gain=291.541 434.72 421.941 346.736 538.997 247.016 350.725 240.702 168.572 166.498 163.867 125.532 122.246 110.335 49.7307
threshold=2.8839743589743594 3.5000000000000004 0.51923076923076927 109756321.25000001 51045284.66005408 0.59122919334186952 3.5298573975044567 2.5000000000000004 3.3494186046511634 90.500000000000014 0.22935628145933154 12662.297092270621 5962019.3186788969 6551.5000000000009 1779.5000000000002
decision_type=2 2 2 2 2 2 2 2 2 2 2 2 2 2 2
left_child=2 5 3 4 -1 9 -7 -5 12 -2 -10 14 -3 -13 -4
right_child=1 8 11 7 -6 6 -8 -9 10 -11 -12 13 -14 -15 -16
leaf_value=-0.0031482856477586855 -0.00096556134788780394 -0.004819058763214837 0.010797883515769553 0.034023248702233805 0.0036962404035523785 0.042672098398027582 0.008505485043699839 -0.012026047223339768 -0.00062895461210808615 0.0064920485529349611 0.0051713630670141911 0.0032058269885630237 -0.028414176630903488 -0.0027303619932943072 0.0018197791284494792
leaf_weight=40850.324638286605 5362.3210895080119 3307.7635597549379 2284.4305850230157 90.596149425487965 13851.968406767119 266.80820095539093 7887.3128485698253 3695.9229791068938 18283.263935937546 5381.3622772078961 5747.6690323557705 13804.02089349553 197.07090562768281 3522.1595160961151 752.33048529736698
leaf_count=156359 18712 13953 2716 612 61393 575 17684 37324 57336 15300 16770 18714 1399 5537 1063
internal_value=0.000381462 0.0022671 -0.000728774 -0.00202389 -0.001414 0.00576909 0.00970341 -0.0107865 -0.000137068 0.00277091 0.000759466 0.00298848 -0.00626973 0.00199604 0.00860335
internal_weight=125285 46433.6 78851.8 58488.8 54702.3 18897.8 8154.12 3786.52 27535.8 10743.7 24030.9 20362.9 3504.83 17326.2 3036.76
internal_count=425447 141729 283718 255688 217752 52271 18259 37936 89458 34012 74106 28030 15352 24251 3779
is_linear=0
shrinkage=0.03


Tree=181
num_leaves=16
num_cat=0
split_feature=14 0 0 14 0 14 15 15 4 17 11 0 15 23 1
split_gain=285.132 621.696 569.876 750.115 690.358 470.287 449.52 250.44 246.663 225.91 176.409 114.69 90.0152 66.1199 46.4377
threshold=2303145.1597222225 12000974.500000002 36826609.500000007 6663230.2250000006 97088341.500000015 968726.70000000007 0.32051282051282054 0.90454545454545465 1.6276789785681716 1.0000000180025095e-35 76.500000000000014 109559049.00000001 0.5634920634920636 0.15776013526670801 439.50000000000006
decision_type=2 2 2 2 2 2 2 2 2 2 2 2 2 2 2
left_child=1 5 6 9 -5 10 8 -7 -2 -4 -1 12 -3 -13 -8
right_child=2 11 3 4 -6 7 14 -9 -10 -11 -12 13 -14 -15 -16
leaf_value=0.015442945728202841 -0.0188960546590758 0.014371309011243005 0.00079382292565234245 -0.0068341271981250352 0.0007790646676521818 -0.010020995163723533 0.0096919544675517066 0.0089598590471758992 -0.006871586287012634 0.010968602911529356 0.0026651429187940627 -0.032295983114079385 0.0042611509823889107 0.0036017318400955456 0.0015165423528253942
leaf_weight=1077.0883761448786 1905.9243304131087 4655.0304626449943 2684.8296797359362 12676.9311185556 68954.849401905201 4217.4203573344275 994.98908673971891 720.47648839280009 7958.9708282304928 7391.730719495099 9112.9427011180669 64.891280844807625 984.51924255490303 100.20388885587454 1688.9177703075111
leaf_count=1598 11666 9183 7535 53770 251202 14914 1112 885 34751 14302 20529 188 1382 138 2292
internal_value=0.000370488 0.00356449 -0.000270931 0.00054957 -0.00040389 0.000356538 -0.00626314 -0.00722674 -0.00922294 0.00826579 0.00403941 0.0118973 0.0126276 -0.0118561 0.0045955
internal_weight=125190 20932.6 104257 91708.3 81631.8 15127.9 12548.8 4937.9 9864.9 10076.6 10190 5804.64 5639.55 165.095 2683.91
internal_count=425447 48817 376630 326809 304972 37926 49821 15799 46417 21837 22127 10891 10565 326 3404
is_linear=0
shrinkage=0.03


Tree=182
num_leaves=9
num_cat=0
split_feature=5 15 15 15 0 28 18 24
split_gain=282.922 279.901 332.68 295.63 154.611 62.3392 89.2827 75.5489
threshold=1.0000000180025095e-35 -0.65833333333333321 -0.54195804195804176 -0.48979591836734687 1141448355.0000002 4801.927545409847 1606.0000000000002 3.0376888314327286
decision_type=2 2 2 2 2 2 2 2
left_child=-1 5 4 -4 -3 6 -2 -7
right_child=1 2 3 -5 -6 7 -8 -9
leaf_value=-0.029068734862803619 -0.015330800343725645 0.041661360592883619 -0.0075755744750223789 0.00071859288373078104 0.0043267778026986042 -0.028073322158877423 0.039358277531085305 -0.0070369351767629465
leaf_weight=278.30408654594794 56.471357811242342 242.22158670425415 3981.4508318225853 119644.06438354962 172.55776184052229 423.31959882285446 28.154289692640305 263.05415327567607
leaf_count=14563 367 222 34703 366612 536 5468 44 2932
internal_value=0.000359647 0.000428992 0.000542246 0.000450344 0.0268922 -0.017416 0.00574918 -0.0203768
internal_weight=125090 124811 124040 123626 414.779 770.999 84.6256 686.374
internal_count=425447 410884 402073 401315 758 8811 411 8400
is_linear=0
shrinkage=0.03


Tree=183
num_leaves=16
num_cat=0
split_feature=5 6 17 1 10 5 10 15 27 27 17 30 30 9 9
split_gain=275.087 339.237 324.537 364.189 320.597 368.797 319.445 297.613 279.388 273.857 247.036 189.587 174.432 96.5689 14.4702
threshold=1.7248188405797105 0.59122919334186952 1.0000000180025095e-35 21330.500000000004 3.077651515151516 0.14670014347202298 1.9419306184012071 0.70714285714285718 339041279.6021654 51045284.66005408 0.048472093418240554 1.0000000180025095e-35 1.0000000180025095e-35 811.50000000000011 876.50000000000011
decision_type=2 2 2 2 2 2 2 2 2 2 2 2 2 2 2
left_child=4 2 3 -2 7 14 8 9 -3 -1 -4 -7 -8 -9 -6
right_child=1 6 10 -5 5 11 12 13 -10 -11 -12 -13 -14 -15 -16
leaf_value=-0.0061999484653054351 -0.0082345112666628237 0.0032260127007930268 0.0069700002248225769 0.035497464127620608 -0.030679323426849467 0.021390146775278771 0.029934502399111079 0.0039282944755440951 -0.0071867914824423357 0.00045129691405470986 -0.00047713409206261257 0.0039907108749579019 0.0083518135764324344 -0.004338948391635955 0.00036301982424142979
leaf_weight=18066.261962815886 5991.2035552300513 40661.652981966734 4548.4140502214432 161.59219866525382 191.0104513138067 1043.6683712378144 555.87985928542912 6727.5644278097898 2443.7291039936244 8038.0296168804634 32948.180529325269 1234.7418376710266 878.65534830838442 1550.9016173314303 12.054246854037045
leaf_count=78369 24266 104219 11297 548 8653 2752 1194 9074 8517 48216 118457 4630 2696 2523 36
internal_value=0.000348857 0.00125873 -0.000620195 -0.00699757 -0.00182662 0.00855286 0.00310035 -0.00258 0.0026327 -0.00415167 0.000427845 0.0120617 0.016959 0.00237083 -0.0288008
internal_weight=125054 88189.3 43649.4 6152.8 36864.2 2481.47 44539.9 34382.8 43105.4 26104.3 37496.6 2278.41 1434.54 8278.47 203.065
internal_count=425447 271194 154568 24814 154253 16071 116626 138182 112736 126585 129754 7382 3890 11597 8689
is_linear=0
shrinkage=0.03


Tree=184
num_leaves=16
num_cat=0
split_feature=14 0 14 0 15 0 15 14 11 12 14 15 0 4 15
split_gain=293.49 804.101 815.467 591.536 552.424 313.672 606.124 403.574 355.477 250.71 240.73 289.632 284.287 156.266 128.639
threshold=31603146.750000004 140995146.50000003 5046954.8253968256 24150176.000000004 0.32051282051282054 533898685.50000006 0.90454545454545465 71945657.583333343 101.50000000000001 52.500000000000007 15000068.571428573 0.37797619047619052 256264806.50000003 2.7191996846047708 1.4500000000000002
decision_type=2 2 2 2 2 2 2 2 2 2 2 2 2 2 2
left_child=1 2 3 -1 -4 6 8 13 -2 -9 11 -3 -12 -7 -8
right_child=5 10 4 -5 -6 7 14 9 -10 -11 12 -13 -14 -15 -16
leaf_value=5.380590143326514e-07 -0.0060295115373963969 0.013154134108874225 -0.0069853788111891631 0.0086797460684250247 0.0028523127898546254 0.0080307384503717338 0.0050605743812116837 -0.0060739969033771143 -0.01899450051034534 0.0024670013197268035 -0.00181457137202732 0.0010704808535329448 0.0065641089490743034 0.0010105302830440903 -0.011489938381725375
leaf_weight=24224.16177361086 6233.8726106530521 6438.0465086130425 19918.381135274656 9967.8385071493685 6906.4420077316463 5382.5661379434168 4119.8137820661068 9408.5735475383699 2747.9111652888823 4588.3677780712023 5576.5757106649689 2479.5967432036996 10449.675461451057 6089.2417852208018 455.63889888674021
leaf_count=67563 40858 12602 95395 22279 8982 13097 5251 51521 25191 21848 18598 3388 22434 15606 834
internal_value=0.000338739 0.00131841 -0.000536582 0.00253432 -0.00445123 -0.00181804 -0.00550173 0.000143728 -0.0100244 -0.00327237 0.00585481 0.00980501 0.00364778 0.00431321 0.00337372
internal_weight=124987 85960.7 61016.8 34192 26824.8 39026 13557.2 25468.7 8981.78 13996.9 24943.9 8917.64 16026.3 11471.8 4575.45
internal_count=425447 251241 194219 89842 104377 174206 72134 102072 66049 73369 57022 15990 41032 28703 6085
is_linear=0
shrinkage=0.03


Tree=185
num_leaves=16
num_cat=0
split_feature=14 17 17 19 20 17 28 14 3 23 20 15 14 15 24
split_gain=280.016 360.416 560.804 330.045 321.092 314.151 231.148 221.983 127.023 81.9593 74.9076 59.8364 53.257 107.572 59.3771
threshold=252619.18750000003 0.039001181721687324 0.059137627482414253 109415584.50000001 9569.5000000000018 0.11827412620186807 10558699.34320513 5971249.8076923089 4.4921855921855931 0.26514591237728341 850.50000000000011 0.90454545454545465 64525.439516129038 -0.33771929824561397 22.509259259259263
decision_type=2 2 2 2 2 2 2 2 2 2 2 2 2 2 2
left_child=8 3 7 6 -5 -4 -2 -3 9 11 -11 -1 14 -14 -10
right_child=1 2 5 4 -6 -7 -8 -9 12 10 -12 -13 13 -15 -16
leaf_value=-0.034291383765852015 0.0011596199007642262 0.013788912383715643 -0.0025191265908964412 -0.0088358875114654626 0.0022289793217027572 0.0012460700956502724 0.037357734914561069 0.0044169164812737976 0.019813287911898014 -0.00084806762481419863 0.022464264980999391 0.013770130110486854 -0.031640066949273599 0.01019813514493244 -0.021707229285988967
leaf_weight=82.394923923537135 5885.67114331224 3233.1034190715291 29562.087737841299 10282.214103271719 3050.3176293447614 61216.835275980644 148.31578415958211 7729.0044500096701 791.94856818765402 835.25163999479264 130.10074332728982 20.566415932029486 42.470509499311447 1778.4489326905459 19.690039156004786
leaf_count=355 20710 6486 115105 42766 7367 206078 397 19933 988 2105 191 22 231 2649 64
internal_value=0.000328941 7.97895e-05 0.000794186 -0.00366942 -0.00630248 1.93926e-05 0.00214476 0.00719884 0.00844087 -0.00025989 0.00255878 -0.0239066 0.0119645 0.00895544 0.0183941
internal_weight=124808 121108 101741 19366.5 13332.5 90778.9 6033.99 10962.1 3700.87 1068.31 965.352 102.961 2632.56 1820.92 811.639
internal_count=425447 418842 347602 71240 50133 321183 21107 26419 6605 2673 2296 377 3932 2880 1052
is_linear=0
shrinkage=0.03


Tree=186
num_leaves=16
num_cat=0
split_feature=14 0 14 0 17 0 1 26 10 1 17 17 6 26 6
split_gain=277.581 661.888 802.565 623.933 341.646 294.812 294.282 286.767 346.583 310.077 281.106 253.793 176.35 268.62 166.983
threshold=37989986.51282052 203827392.50000003 12248963.035714287 57385765.500000007 1.0000000180025095e-35 912230437.50000012 5944.5000000000009 0.12436654531257989 1.2121657361151927 46183.000000000007 0.14336954057216647 0.19823817908763888 0.57343137254901977 0.50199884149572971 0.1226279985678482
decision_type=2 2 2 2 2 2 2 2 2 2 2 2 2 2 2
left_child=1 2 3 -1 6 12 -3 8 -7 -9 -6 -4 14 -14 -2
right_child=5 4 11 -5 10 7 -8 9 -10 -11 -12 -13 13 -15 -16
leaf_value=-0.00049253424544856315 0.0048876675966457676 0.0061696215508366169 -0.0093899237490366726 0.0067812766361833657 0.010324799085665817 -0.00088962254803414494 -0.012328437088385331 0.0042835605777846357 0.013024177082982017 -0.0061856159431675356 0.0028408433683764596 -0.0012976264090062541 -0.0055145724745683539 0.0060229785145093639 -0.0094662653506848611
leaf_weight=39918.938726064749 798.25508309924044 1464.4909331006929 9432.9376017248724 14438.360009270953 11036.783843381796 3374.5149044375867 1607.9282962158322 4062.4042121665552 3058.9015637496486 6761.1518544252031 7687.0097298305482 5552.7099215728231 5635.2053952882998 2660.4850721126422 7288.7015239780303
leaf_count=121398 5412 3661 42976 34544 21719 10171 4716 16167 10276 30789 19157 21627 23871 10694 48269
internal_value=0.000319274 0.00117911 -0.000254143 0.00144032 0.0057373 -0.00200885 -0.00351435 0.000726077 0.00573624 -0.00225296 0.00725861 -0.00639774 -0.0048896 -0.0018066 -0.00803927
internal_weight=124779 91139.2 69342.9 54357.3 21796.2 33639.6 3072.42 17257 6433.42 10823.6 18723.8 14985.6 16382.6 8295.69 8086.96
internal_count=425447 269798 220545 155942 49253 155649 8377 67403 20447 46956 40876 64603 88246 34565 53681
is_linear=0
shrinkage=0.03


Tree=187
num_leaves=16
num_cat=0
split_feature=14 0 14 0 14 0 15 17 19 17 15 5 30 4 24
split_gain=274.594 598.161 574.666 523.723 776.318 466.677 408.531 283.239 270.068 253.819 211.48 153.441 149.596 58.8431 44.1757
threshold=2805202.7083333335 13876857.500000002 1549586.1750000003 57385765.500000007 10058548.79166667 200175936.50000003 0.32051282051282054 0.23032531142234805 166341948.00000003 1.0000000180025095e-35 0.24404761904761907 0.60903532608695665 8.5000000000000018 6.992063492063493 2.0434826646622164
decision_type=2 2 2 2 2 2 2 2 2 2 2 2 2 2 2
left_child=1 2 10 6 9 -6 8 -4 -2 -5 -1 13 -13 -3 -8
right_child=3 11 7 4 5 -7 14 -9 -10 -11 -12 12 -14 -15 -16
leaf_value=0.0012694722751028455 -0.0039522055666029792 -0.020242964754225642 -0.016093331272534823 3.6095840140958131e-05 -0.0046915222125469558 0.00086813161065995572 0.0012554290597638236 0.0075970815609961561 -0.012413613370777206 0.0099277734913787493 0.012218124757620404 0.015832892591487322 0.0068597355099860374 0.02578435474763037 0.0080066357758212317
leaf_weight=11991.125207761768 8412.0665217682254 178.16116145742126 2446.2510979073122 3103.4449459582102 18409.981913982192 51733.759990274208 2791.9731142036617 545.63302245782688 5719.8549902639352 9486.506951706484 1817.8083272054791 3367.3518997989595 3420.9520092830062 15.135446519590912 1267.9641182310879
leaf_count=29633 37661 1048 9844 8703 78625 190909 3811 1572 28471 18500 2360 5622 7194 31 1463
internal_value=0.000309876 0.00320889 0.000137631 -0.000373336 0.000639948 -0.000591323 -0.00497997 -0.0117466 -0.00738859 0.00749478 0.00272462 0.0105793 0.0113404 -0.0148977 0.00339298
internal_weight=124708 23782.4 16800.8 100926 82733.7 70143.7 18191.9 2991.88 14131.9 12590 13808.9 6981.6 6788.3 193.297 4059.94
internal_count=425447 57304 43409 368143 296737 269534 71406 11416 66132 27203 31993 13895 12816 1079 5274
is_linear=0
shrinkage=0.03


Tree=188
num_leaves=15
num_cat=0
split_feature=15 15 15 15 11 0 17 28 18 4 13 28 11 9
split_gain=271.086 308.033 284.89 370.622 158.457 143.569 120.59 60.2172 86.1121 74.5129 74.0491 156.329 70.1472 26.941
threshold=-0.65833333333333321 -0.54195804195804176 -0.48979591836734687 -0.084699453551912551 62.500000000000007 1141448355.0000002 0.22576047480106357 4801.927545409847 633.50000000000011 2.7745967741935487 2255.8811284549015 359305.99297003291 152.50000000000003 2349.5000000000005
decision_type=2 2 2 2 2 2 2 2 2 2 2 2 2 2
left_child=7 5 4 -4 -3 13 -7 8 -1 -10 12 -12 -9 -2
right_child=1 2 3 -5 -6 6 -8 10 9 -11 11 -13 -14 -15
leaf_value=-0.025088405146436846 0.043159900373897719 0.023239281653230217 0.008789443782856704 0.00024646607486640299 -0.008701529813457301 -0.024161159777895565 0.022956645803703313 -0.026165362650953896 0.045552356888546586 -0.017975821709699323 0.037154149459719878 -0.02620746934238171 0.030078843188515253 0.004885091873201174
leaf_weight=34.082795117981732 218.42807629704475 130.46377021679655 4745.6820289306343 114686.39224429755 3843.9910451893229 67.139315545558929 105.74559806287289 560.39410077268258 36.689975768327713 13.969460846856235 47.519144736230373 64.673927935305983 8.1874518822878581 24.184267863631248
leaf_count=262 183 482 6379 373486 35347 306 230 6999 65 90 394 1107 78 39
internal_value=0.00030102 0.000412305 0.000323648 0.000587237 -0.0075621 0.0257458 0.00403083 -0.0173228 0.00543843 0.0274728 -0.0202553 0.0016101 -0.0245517 0.0399676
internal_weight=124588 123822 123407 119432 3974.45 415.497 172.885 765.517 84.7422 50.6594 680.775 112.193 568.582 242.612
internal_count=425447 416452 415694 379865 35829 758 536 8995 417 155 8578 1501 7077 222
is_linear=0
shrinkage=0.03


Tree=189
num_leaves=16
num_cat=0
split_feature=5 15 0 14 14 31 23 7 14 14 29 1 29 0 22
split_gain=268.488 368.932 304.549 1140 798.516 269.276 320.327 296.122 226.679 217.422 192.1 163.479 96.0807 92.1994 86.1676
threshold=3.2994252873563221 0.51923076923076927 140995146.50000003 25844775.590909097 6964266.0000000009 0.066106891751396515 0.083034697921413908 9.8110827522386916 1549586.1750000003 56521356.769230776 1925033.1955128207 3915.5000000000005 7982.9031520438557 128179562.00000001 2638.5000000000005
decision_type=2 2 2 2 2 2 2 2 2 2 2 2 2 2 2
left_child=1 2 4 -4 -1 7 13 10 -8 -9 -2 12 -3 -7 -13
right_child=5 11 3 -5 -6 6 8 9 -10 -11 -12 14 -14 -15 -16
leaf_value=-0.00053988451968418818 0.001245909890859284 0.013249144833799154 0.0082908851904513435 -0.0037273150285437899 -0.010268965995707034 -0.0025733156955855996 0.0084266131815208794 0.014102976382821257 -0.0042730727592609164 -0.0018691598240600121 0.0093676527803549653 0.0020900743598468007 0.0044785735778086581 0.022528090133221414 -0.0031174101306160424
leaf_weight=23821.630466109375 15268.650557815097 1304.3008150029927 10842.109347219113 20529.691242386587 11135.649941498181 160.6847672611475 1447.2499405257404 3895.7136305328459 9340.2309499708936 946.15902239829302 3154.3664387650788 9989.7588206082582 8107.6557435803115 608.58162960037589 3987.1653794273734
leaf_count=76158 44201 1512 26831 121699 61787 505 3184 9103 35565 4282 8333 14146 10478 1357 6306
internal_value=0.000292367 -0.000575199 -0.0017178 0.000427202 -0.00364302 0.0025278 -0.00121224 0.00438652 -0.00255717 0.0109795 0.00264462 0.00266288 0.00571632 0.0172977 0.000600654
internal_weight=124540 89718 66329.1 31371.8 34957.3 34821.6 11556.7 23264.9 10787.5 4841.87 18423 23388.9 9411.96 769.266 13976.9
internal_count=425447 318917 286475 148530 137945 106530 40611 65919 38749 13385 52534 32442 11990 1862 20452
is_linear=0
shrinkage=0.03


Tree=190
num_leaves=16
num_cat=0
split_feature=4 15 0 14 14 0 28 1 30 18 20 20 21 28 17
split_gain=263.54 278.84 386.43 935.42 892.571 190.325 179.582 112.802 112.251 196.592 143.795 93.8556 202.303 94.6384 62.0138
threshold=4.5519814719505929 0.40833333333333338 345654995.00000006 20697993.18055556 57556029.695652179 20561620.000000004 1035893.6794955595 37876.000000000007 23.500000000000004 748.50000000000011 223.50000000000003 931.00000000000011 394.50000000000006 1389044.3125078946 0.2673891037702561
decision_type=2 2 2 2 2 2 2 2 2 2 2 2 2 2 2
left_child=1 2 3 -1 -4 14 8 -7 9 -2 -10 12 -8 -13 -3
right_child=6 5 4 -5 -6 7 11 -9 10 -11 -12 13 -14 -15 -16
leaf_value=-0.0010007628399437518 0.0036269958136343236 0.010612668783692441 0.0077756286049427076 -0.012044388928815505 -0.0044359017113890249 0.002418670577074707 -0.0046523941690180017 -0.0020726107780635224 0.0367646229700535 0.011806932985650312 -0.00042588955423762356 0.0010315124873303285 0.021720630748484755 -0.027967137485203564 -0.0073806360861220508
leaf_weight=42739.717991846148 10957.262327978387 2653.8956279419363 11378.113718674518 8220.1566323640291 10202.16599057219 20285.861478481442 2158.2985892326105 6672.28665779531 80.447009244468063 3489.9071483977605 4703.4683455461636 160.48393034841865 282.51802787836641 246.44197841454297 172.02532445266843
leaf_count=149384 35737 3321 31601 57490 73468 27307 10027 10975 155 8790 14196 547 910 1228 311
internal_value=0.000284081 -0.000357183 -0.00136087 -0.00278578 0.00200212 0.00208579 0.00325559 0.00130541 0.0042974 0.00561524 0.000306221 -0.00375498 -0.00147355 -0.0168294 0.0094736
internal_weight=124403 102324 72540.2 50959.9 21580.3 29784.1 22078.8 26958.1 19231.1 14447.2 4783.92 2847.74 2440.82 406.926 2825.92
internal_count=425447 353857 311943 206874 105069 41914 71590 38282 58878 44527 14351 12712 10937 1775 3632
is_linear=0
shrinkage=0.03


Tree=191
num_leaves=8
num_cat=0
split_feature=5 15 15 15 14 18 18
split_gain=263.479 260.098 286.539 268.588 137.493 60.257 176.813
threshold=1.0000000180025095e-35 -0.65833333333333321 -0.54195804195804176 -0.48979591836734687 71945657.583333343 150.50000000000003 255.50000000000003
decision_type=2 2 2 2 2 2 2
left_child=-1 5 4 -4 -3 -2 -7
right_child=1 2 3 -5 -6 6 -8
leaf_value=-0.028936983310213632 -0.031089021001207098 0.029992449376740189 -0.0073249239899425625 0.00062015209787873746 -0.025861240232355955 0.022698017577454127 -0.019220243635941412
leaf_weight=262.22758986754343 195.0971637936309 383.9249062538147 3941.5112108066678 118898.15639609098 32.038780976086855 97.940593514591455 460.57246276084334
leaf_count=14563 2680 554 34703 366612 204 956 5175
internal_value=0.000275898 0.000341405 0.000450078 0.000364114 0.0248704 -0.0170552 -0.0114158
internal_weight=124271 124009 123256 122840 415.964 753.61 558.513
internal_count=425447 410884 402073 401315 758 8811 6131
is_linear=0
shrinkage=0.03


Tree=192
num_leaves=16
num_cat=0
split_feature=14 31 1 4 15 8 14 13 9 12 23 1 15 14 15
split_gain=257.554 267.188 443.582 261.558 242.553 202.858 387.276 212.205 102.997 129.835 143.778 79.1442 77.8408 76.8561 32.9263
threshold=252619.18750000003 0.039119804931265607 131.50000000000003 6.8379104477611952 0.32051282051282054 90.213947822354598 148297304.20833334 3855.949084993103 205.50000000000003 48.500000000000007 0.60464693067230768 115.50000000000001 0.44671201814058964 64525.439516129038 -0.26006441223832522
decision_type=2 2 2 2 2 2 2 2 2 2 2 2 2 2 2
left_child=8 5 4 -4 -3 6 -2 -7 9 10 -1 13 -11 -10 -13
right_child=1 2 3 -5 -6 7 -8 -9 11 12 -12 14 -14 -15 -16
leaf_value=-0.0240874025332759 0.0064429894610735991 -0.013836273594208644 -0.00094520386377064869 0.011866980393020646 0.0042253403260320479 0.00014304222779232587 -0.017972359748609331 0.0092422598217177816 0.015491171139531532 -0.025031925348095712 0.015708479879756987 -0.0088419073516366672 0.014737102493289181 0.0038542312006033049 0.0212123160155171
leaf_weight=88.634193934500217 10695.126409158111 3583.3355291483458 57556.214823582442 1455.4774208632298 811.75312734022737 43433.996716042981 603.63002434093505 2421.6021274542436 771.8644933309406 223.97219080477953 376.70487936493009 25.299667470157146 42.871969364583492 1527.183935565874 619.81894243508577
leaf_count=309 32698 14199 215479 5117 1166 137294 4472 8417 1104 890 693 83 53 2791 682
internal_value=0.000267374 2.81241e-05 -0.00131234 -0.000625758 -0.0104905 0.0015157 0.00511386 0.000627085 0.00807314 -0.00193026 0.00755052 0.0105682 -0.0180918 0.00784918 0.0198141
internal_weight=124237 120561 63406.8 59011.7 4395.09 57154.4 11298.8 45855.6 3676.35 732.183 465.339 2944.17 266.844 2299.05 645.119
internal_count=425447 418842 235961 220596 15365 182881 37170 145711 6605 1945 1002 4660 943 3895 765
is_linear=0
shrinkage=0.03


Tree=193
num_leaves=8
num_cat=0
split_feature=5 15 15 15 0 18 18
split_gain=255.158 248.061 268.884 253.052 132.091 59.9145 168.179
threshold=1.0000000180025095e-35 -0.65833333333333321 -0.54195804195804176 -0.48979591836734687 1141448355.0000002 150.50000000000003 255.50000000000003
decision_type=2 2 2 2 2 2 2
left_child=-1 5 4 -4 -3 -2 -7
right_child=1 2 3 -5 -6 6 -8
leaf_value=-0.028870342847501115 -0.030939450560998574 0.037684700430683719 -0.0071371657942493191 0.00059322857172714838 0.0033110294183090988 0.021782915084038752 -0.018915098472128324
leaf_weight=255.02179048489779 190.45656082034111 243.29460224509239 3921.9595071049407 118876.03085074387 173.28667048364878 99.586150868795812 453.99908529268578
leaf_count=14563 2680 222 34703 366612 536 956 5175
internal_value=0.000259445 0.000323102 0.000428615 0.000345247 0.0240677 -0.0167736 -0.0111595
internal_weight=124214 123959 123215 122798 416.581 744.042 553.585
internal_count=425447 410884 402073 401315 758 8811 6131
is_linear=0
shrinkage=0.03


Tree=194
num_leaves=16
num_cat=0
split_feature=11 14 27 2 4 11 15 17 14 13 31 4 14 17 27
split_gain=252.262 323.281 578.506 298.866 251.678 226.02 218.117 164.646 158.964 162.542 149.81 147.342 192.914 127.034 116.343
threshold=85.500000000000014 19643848.600000005 67508672.843015239 2.5949163449163453 4.4870107962213233 144.50000000000003 0.54509283819628662 0.1211511790752411 196636030.19047621 538.07238303607244 0.0095307443093506309 1.2590413943355123 7433344.1750000007 0.077801991254091277 53910952.845275559
decision_type=2 2 2 2 2 2 2 2 2 2 2 2 2 2 2
left_child=7 2 4 -4 -2 6 -3 11 9 -9 -7 12 -1 -13 -10
right_child=1 5 3 -5 -6 10 -8 8 14 -11 -12 13 -14 -15 -16
leaf_value=0.00091273270831560796 -0.000619547440945951 -0.0048171761034803756 -0.018778173113766623 0.02018222052090533 0.0049958709820904137 0.021950289293416834 1.5868145346381118e-05 0.0031337507950979725 0.029584076196426255 0.0099067239918835658 0.0020644482142384824 0.0025078157353165651 -0.031490812691813093 -0.0036903049370180033 -0.02504407790755904
leaf_weight=370.99235251033679 42360.605578877963 23980.088789293077 183.20498140715063 1858.6744952122681 8633.6628442304209 490.01239008130506 12914.973556771874 10884.973646120168 27.484650831669569 4523.4327497147024 1073.0407197773457 12476.648017023224 279.67465395550244 3889.8002203693613 232.84586081653833
leaf_count=1197 131898 148542 737 2864 24679 1419 19304 28479 78 11270 4308 34363 1938 12760 1611
internal_value=0.000251564 -0.000556393 0.000961655 0.0165605 0.000331781 -0.00265021 -0.00312526 0.00251334 0.00473093 0.00513173 0.008467 0.00046733 -0.0133659 0.00103085 -0.0178702
internal_weight=124180 91494.3 53036.1 2041.88 50994.3 38458.1 36895.1 32685.9 15668.7 15408.4 1563.05 17017.1 650.667 16366.4 260.331
internal_count=425447 333751 160178 3601 156577 173573 167846 91696 41438 39749 5727 50258 3135 47123 1689
is_linear=0
shrinkage=0.03


Tree=195
num_leaves=16
num_cat=0
split_feature=14 0 14 0 0 14 15 17 15 27 13 0 23 14 18
split_gain=248.011 499.99 555.973 460.798 406.838 301.499 278.426 240.815 215.916 199.02 170.291 129.181 99.9912 99.3568 33.4901
threshold=1815890.027777778 18383893.000000004 3225469.464285715 12000974.500000002 95258122.000000015 599978.80000000016 0.44671201814058964 0.22736653685569766 0.32051282051282054 788853.02521919645 43.194834823612815 23490407.500000004 0.12455913972983569 384715.32142857148 36.500000000000007
decision_type=2 2 2 2 2 2 2 2 2 2 2 2 2 2 2
left_child=3 6 11 5 -4 9 7 -2 -7 -1 13 -3 -12 -5 -8
right_child=1 2 4 10 -6 8 14 -9 -10 -11 12 -13 -14 -15 -16
leaf_value=0.0028065097952463002 -0.016184266013531529 0.0011205235146935217 -0.0035653849907297465 -0.022603843156127439 0.0008535207375957774 -0.0055885469374817526 0.017633205463872231 0.00074699327055960472 0.0095311607926506833 0.015165707934036923 -0.026989977284277423 0.013189637002222095 0.0042701774907662419 0.016168235429098399 0.0026254823239680119
leaf_weight=5670.8126596473157 3409.2874321786221 1044.9330837312154 25439.483267379692 47.465054385364056 71180.20696452423 5885.1581205115654 148.45284127444029 964.33193680038676 977.94077442213893 1470.1578918257728 112.12289060279727 3485.7551199612208 319.52442272659391 3128.231363828294 828.74283104762435
leaf_count=11746 16350 3132 97124 130 256884 18264 119 3816 1251 2802 323 6676 627 5068 1135
internal_value=0.000244181 -0.000301059 0.000172024 0.00354056 -0.000310018 0.00107007 -0.00922518 -0.0124545 -0.00341365 0.00538163 0.0130788 0.0104256 -0.00441638 0.0154758 0.00516776
internal_weight=124113 106501 101150 17611.4 96619.7 14004.1 5350.82 4373.62 6863.1 7140.97 3607.34 4530.69 431.647 3175.7 977.196
internal_count=425447 385236 363816 40211 354008 34063 21420 20166 19515 14548 6148 9808 950 5198 1254
is_linear=0
shrinkage=0.03


Tree=196
num_leaves=16
num_cat=0
split_feature=17 17 2 11 28 15 28 5 3 29 18 15 12 1 15
split_gain=249.22 478.402 317.245 266.169 264.316 259.685 239.833 220.739 200.967 305.975 202.956 150.069 164.065 148.837 143.094
threshold=0.039001181721687324 0.059137627482414253 4.0940448113207557 104.50000000000001 10558699.34320513 0.042572463768115944 4108606.6893981504 4.7430501930501938 3.4396969696969699 3522.9173681691605 215.50000000000003 0.44671201814058964 49.500000000000007 2237.5000000000005 1.0000000180025095e-35
decision_type=2 2 2 2 2 2 2 2 2 2 2 2 2 2 2
left_child=2 8 11 6 7 -5 -3 -4 10 -10 -2 12 -1 -13 -6
right_child=1 3 4 5 14 -7 -8 -9 9 -11 -12 13 -14 -15 -16
leaf_value=-0.0072190573654686251 0.0056159217030182576 0.0013360805566632024 -0.0019982023949516835 -0.0049614619684707536 0.051680500797921462 0.0018020049857691233 -0.010166589546622426 0.011244667753897045 -0.0048844017501116464 0.010794831596706253 -0.01492917218585167 0.0069407977068119357 -0.019647009804910263 -0.014122951950458037 -0.015496134102727491
leaf_weight=2774.0221962006763 1094.7232525038999 67885.902830540668 13828.260450092843 15091.005591166671 115.14909395575523 7702.7202524058521 1656.1646878775209 1218.4866137430072 1294.4447213918902 7849.4811787158251 693.99341105204076 892.92159949429333 1480.5572501986753 437.30905847996473 28.261206470429897
leaf_count=16347 3591 222281 40837 83117 221 11012 8603 2859 3415 16514 3026 1081 11641 836 66
internal_value=0.000237054 0.000840482 -0.00275947 0.000137092 -0.000506782 -0.00267488 0.00105958 -0.000913672 0.00677016 0.00856759 -0.00239648 -0.00886344 -0.0116047 -4.18062e-05 0.0380391
internal_weight=124043 103268 20775 92335.8 15190.2 22793.7 69542.1 15046.7 10932.6 9143.93 1788.72 5584.81 4254.58 1330.23 143.41
internal_count=425447 351559 73888 325013 43983 94129 230884 43696 26546 19929 6617 29905 27988 1917 287
is_linear=0
shrinkage=0.03


Tree=197
num_leaves=16
num_cat=0
split_feature=5 30 10 5 15 14 18 8 20 4 4 30 1 2 9
split_gain=245.548 375.938 309.207 324.599 304.066 256.409 222.081 247.006 201.189 201.085 186.711 141.825 141.246 90.8825 12.9036
threshold=2.8839743589743594 3.5000000000000004 3.077651515151516 0.14670014347202298 0.51923076923076927 109756321.25000001 299.50000000000006 87.484324926636177 9868.0000000000018 0.75181159420289867 6.8379104477611952 1.0000000180025095e-35 4397.5000000000009 3.5963225371120111 876.50000000000011
decision_type=2 2 2 2 2 2 2 2 2 2 2 2 2 2 2
left_child=2 6 4 14 5 -1 7 -2 -8 13 -11 -5 -6 -3 -4
right_child=1 9 3 11 12 -7 8 -9 -10 10 -12 -13 -14 -15 -16
leaf_value=-0.0017755074255690942 0.014516255323011618 -0.024702266304906548 -0.030596891175368034 0.017639398560208384 0.0051158156332674282 -0.010069161190935122 0.0067772837782825142 0.0010072453209180076 0.01920135467334853 -0.0003428904823028321 0.012646162923892063 0.0046451106272229941 -0.00011611827047460897 -0.0040311826209952694 0
leaf_weight=52068.027121237945 1371.0272352863103 407.73972505424172 175.01044290303253 1394.3032653443515 7984.2347188722342 3574.5483915186487 5770.1565704606473 10141.323627528735 1475.4981612041593 25474.771617631428 1021.4356116019189 1680.6319156019017 11044.452790409327 369.8088798597455 11.674659982323645
leaf_count=202538 3896 2321 8653 3768 10342 35594 14820 31281 2274 82497 3123 6305 16482 1517 36
internal_value=0.000230002 0.00196713 -0.000795844 0.00822335 -0.00119177 -0.00231141 0.00523449 0.00263546 0.00934588 -0.000280597 0.000163581 0.010604 0.00207987 -0.0151711 -0.0287123
internal_weight=123965 46031.8 77932.9 3261.62 74671.3 55642.6 18758 11512.4 7245.65 27273.8 26496.2 3074.94 19028.7 777.549 186.685
internal_count=425447 141729 283718 18762 264956 238132 52271 35177 17094 89458 85620 10073 26824 3838 8689
is_linear=0
shrinkage=0.03


Tree=198
num_leaves=16
num_cat=0
split_feature=14 17 17 19 20 17 28 14 1 30 5 26 23 28 10
split_gain=241.431 340.971 466.918 292.787 285.788 276.844 206.989 206.414 109.665 98.913 74.1464 68.2137 24.8219 39.9919 24.0568
threshold=185965.20454545456 0.039001181721687324 0.059137627482414253 109415584.50000001 9569.5000000000018 0.11827412620186807 10558699.34320513 5971249.8076923089 115.50000000000001 28.500000000000004 0.58174245053800777 0.29757744374927553 1.3028844430948212 1227.6155808765036 3.077651515151516
decision_type=2 2 2 2 2 2 2 2 2 2 2 2 2 2 2
left_child=8 3 7 6 -5 -4 -2 -3 9 10 -1 -11 13 -10 -14
right_child=1 2 5 4 -6 -7 -8 -9 12 11 -12 -13 14 -15 -16
leaf_value=-0.025274492874951572 0.00092634731840205917 0.012966104468716027 -0.002369277502406706 -0.0084542064271846025 0.0019496232002979069 0.0011663973588404285 0.035088164725783313 0.003895026441148228 0.014789548685745585 0.0041623318388710967 0.0031365374156204179 0.021994336135892079 -0.019031784637008831 0.034790092093067368 0.016063457151540905
leaf_weight=72.546661541797221 5911.428838011343 3208.9906152831391 29550.896345398156 10373.267276966246 3069.0146746167447 61146.629969252273 149.19350918382406 7660.8470615418628 265.20028678886592 349.98812687955797 1447.4336019419134 455.23451809026301 18.174001879990101 176.83479296416044 22.34094463288784
leaf_count=448 20854 6524 115529 43219 7438 206623 397 19933 349 604 2749 574 63 125 18
internal_value=0.000223264 2.07991e-05 0.000718817 -0.00361057 -0.00607715 1.38785e-05 0.00185679 0.00658992 0.00889643 0.00609604 0.00152724 0.0144981 0.0217394 0.0237356 -2.76645e-05
internal_weight=123878 121070 101567 19502.9 13442.3 90697.5 6060.62 10869.8 2807.75 2325.2 1519.98 805.223 482.55 442.035 40.5149
internal_count=425447 420517 348609 71908 50657 322152 21251 26457 4930 4375 3197 1178 555 474 81
is_linear=0
shrinkage=0.03


Tree=199
num_leaves=9
num_cat=0
split_feature=5 14 0 14 0 15 14 14
split_gain=240.292 240.224 651.767 688.277 265.26 524.588 342.172 207.552
threshold=1.0000000180025095e-35 31603146.750000004 140995146.50000003 5046954.8253968256 533898685.50000006 0.90454545454545465 71945657.583333343 15000068.571428573
decision_type=2 2 2 2 2 2 2 2
left_child=-1 2 3 -2 5 -3 -6 -4
right_child=1 4 7 -5 6 -7 -8 -9
leaf_value=-0.028748635719446088 0.0023217333444827265 -0.0093826394229595995 0.0089563343061195705 -0.0041376652371616961 0.0039669517218867134 0.0031483449755217116 -0.0030410761341889726 0.003213014896889385
leaf_weight=242.2060028584674 33799.228001809679 8785.1843012245372 8827.7651068177074 26449.922685732599 11415.314236074686 4553.3563823848963 13874.556453473866 15905.975788999349
leaf_count=14563 86385 62856 15880 99487 28396 6085 71636 40159
internal_value=0.000217017 0.000277496 0.0011693 -0.000513827 -0.00168339 -0.00510398 0.000121491 0.00526827
internal_weight=123854 123611 84982.9 60249.2 38628.4 13338.5 25289.9 24733.7
internal_count=425447 410884 241911 185872 168973 68941 100032 56039
is_linear=0
shrinkage=0.03


Tree=200
num_leaves=12
num_cat=0
split_feature=15 15 15 15 0 14 2 18 18 17 12
split_gain=237.997 250.534 240.462 339.823 150.635 126.075 74.0059 58.7925 159.269 135.131 118.522
threshold=-0.65833333333333321 -0.54195804195804176 -0.48979591836734687 -0.084699453551912551 46278499.000000007 71945657.583333343 33.205555555555563 150.50000000000003 255.50000000000003 0.13826865702867511 56.500000000000007
decision_type=2 2 2 2 2 2 2 2 2 2 2
left_child=7 5 4 -4 -3 6 -2 -1 9 -9 -10
right_child=1 2 3 -5 -6 -7 -8 8 10 -11 -12
leaf_value=-0.030808322809121883 0.030785653790292543 -0.018986944697532374 0.0083720814745306751 0.00014828335746193061 -0.0041332011651983927 -0.025603094931494815 -0.022530155641306636 0.041951683254207416 -0.022476326241329378 -0.022378143251506253 0.035887662198058445
leaf_weight=186.50035352143459 370.99683517217636 755.40051699522883 4694.5279906354845 113979.23088657949 3154.7590356862638 31.550529487431049 13.860799476504324 68.680078621255234 429.25008477340452 32.965381692163646 20.055477837100625
leaf_count=2780 491 7125 6379 373486 28704 204 63 507 5077 472 159
internal_value=0.000210553 0.000313654 0.000233062 0.000474872 -0.00707202 0.0231361 0.0280173 -0.0166094 -0.0110609 0.0206364 -0.0187313
internal_weight=123738 123000 122584 118674 3910.16 416.408 384.858 737.451 550.951 101.645 449.306
internal_count=425447 416452 415694 379865 35829 758 554 8995 6215 979 5236
is_linear=0
shrinkage=0.03


Tree=201
num_leaves=9
num_cat=0
split_feature=5 14 0 0 14 14 5 0
split_gain=232.778 231.574 531.253 495.484 639.171 400.638 190.398 117.895
threshold=1.0000000180025095e-35 2303145.1597222225 12000974.500000002 36826609.500000007 6663230.2250000006 1127719.0416666667 1.025978407557355 109559049.00000001
decision_type=2 2 2 2 2 2 2 2
left_child=-1 2 5 6 -5 -2 -3 -4
right_child=1 3 7 4 -6 -7 -8 -9
leaf_value=-0.028681087959586755 0.0030773618496965209 -0.016052207232501538 0.011655926864106644 0.0076223531424957887 -0.00043641653952165084 -0.0081433107921218811 -0.0045709730896876435 -0.01350415575351735
leaf_weight=235.56614037533291 11057.831576174125 1470.6202288074419 5567.3325655926019 9935.8992909183726 80584.139933232684 3847.8924854248762 10835.236190300435 159.70057652890682
leaf_count=14563 23961 8543 10359 21473 295176 12383 38664 325
internal_value=0.000204114 0.000262949 0.0031624 -0.000318931 0.000448936 0.000173475 -0.00596335 0.0109157
internal_weight=123694 123459 20632.8 102826 90520 14905.7 12305.9 5727.03
internal_count=425447 410884 47028 363856 316649 36344 47207 10684
is_linear=0
shrinkage=0.03


Tree=202
num_leaves=16
num_cat=0
split_feature=5 15 0 14 14 31 8 26 14 14 14 1 0 12 18
split_gain=231.381 294.593 281.946 981.351 705.75 230.871 273.388 272.025 216.413 205.306 170.437 143.066 100.99 86.3653 62.5437
threshold=3.2994252873563221 0.51923076923076927 140995146.50000003 25844775.590909097 7433344.1750000007 0.066106891751396515 90.213947822354598 0.10610479484382818 1549586.1750000003 56521356.769230776 2908937.964285715 3915.5000000000005 105328929.50000001 47.500000000000007 549.50000000000011
decision_type=2 2 2 2 2 2 2 2 2 2 2 2 2 2 2
left_child=1 2 4 -4 -1 6 9 12 -9 -2 -8 14 -7 -13 -3
right_child=5 11 3 -5 -6 7 10 8 -10 -11 -12 13 -14 -15 -16
leaf_value=-0.00072031685590997975 0.01333255025508019 0.0070622498458508586 0.0077370510309738485 -0.0034448868616274394 -0.010093436804041643 -0.0043607634618024558 0.0075761566092053369 0.008182927747740959 -0.0043613395791625691 -0.0021588316637683063 0.00071738262656845426 -0.0029042705282387752 0.018263416839927642 0.0020735065212714237 0.0019231170024214168
leaf_weight=24449.194969810545 3920.0831298371777 5855.5525892358273 10804.754326413386 20331.333029172383 10256.663236721186 217.48691281117499 4238.1264672148973 1418.1390796229243 9045.6335347015411 948.52697216160595 14045.059019469656 4750.108201302588 807.09533638507128 9159.083877325058 3398.1441607829183
leaf_count=79244 9188 7185 26831 121699 58701 670 8420 3142 34847 4326 43985 7466 1952 12986 4805
internal_value=0.000197841 -0.000611545 -0.00163546 0.000436331 -0.00349439 0.00227772 0.00400243 -0.00119607 -0.00264909 0.0103109 0.00231382 0.00229687 0.0134385 0.000370101 0.00518446
internal_weight=123645 89004.8 65841.9 31136.1 34705.9 34640.2 23151.8 11488.4 10463.8 4868.61 18283.2 23162.9 1024.58 13909.2 9253.7
internal_count=425447 318917 286475 148530 137945 106530 65919 40611 37989 13514 52405 32442 2622 20452 11990
is_linear=0
shrinkage=0.03


Tree=203
num_leaves=16
num_cat=0
split_feature=17 17 2 0 15 17 15 24 6 15 5 14 1 24 14
split_gain=235.024 415.257 289.772 300.983 247.982 243.828 242.398 196.811 227.852 220.806 179.13 190.437 160.47 113.475 73.7362
threshold=0.039001181721687324 0.059137627482414253 5.9096736596736603 5756244992.000001 -0.48979591836734687 0.11827412620186807 -0.096399535423925653 0.68299551038720729 0.18795289855072467 1.2916666666666667 4.7430501930501938 2805202.7083333335 2182.5000000000005 34.127011751446155 264861922.3571429
decision_type=2 2 2 2 2 2 2 2 2 2 2 2 2 2 2
left_child=2 7 3 12 5 -3 -6 8 -2 -9 11 -4 -1 -12 -5
right_child=1 4 10 14 6 -7 -8 9 -10 -11 13 -13 -14 -15 -16
leaf_value=-0.0045196938612179936 0.016837942100655943 -0.020702373183881035 0.0055131842420776019 0.076567833638917449 0.0080513102744526055 -0.0029092471399522288 0.0001130403055769628 0.010657968355401571 -0.0019985566438360781 -0.014982941791551152 0.0096568853100451151 -0.0032598740438652299 -0.013204963725585975 0.045177693955940269 0.00031380914269532075
leaf_weight=6714.5482531287707 678.58324319543317 928.79725242336281 3209.4471783638 33.370662033557892 3594.7723446823657 2654.8037468160037 84794.635465012863 6444.6809333630372 3446.9193056072108 303.40020559355617 750.22294383868575 7178.922692888882 2690.9725403212942 79.131083093583584 16.140494422288612
leaf_count=29768 1799 11548 5988 12 5043 23293 285129 14380 9778 589 1601 21826 14522 84 87
internal_value=0.000192207 0.000779207 -0.00272511 -0.00658967 0.000122998 -0.00759627 0.000437538 0.00631911 0.00114229 0.00947002 0.000533974 -0.000542546 -0.00702485 0.0138239 0.0580273
internal_weight=123519 102847 20672.8 9455.03 91973 3583.6 88389.4 10873.6 4125.5 6748.08 11217.7 10388.4 9405.52 829.354 49.5112
internal_count=425447 351559 73888 44389 325013 34841 290172 26546 11577 14969 29499 27814 44290 1685 99
is_linear=0
shrinkage=0.03


Tree=204
num_leaves=16
num_cat=0
split_feature=26 17 14 0 13 14 0 29 10 1 28 1 0 18 22
split_gain=228.383 291.641 408.389 772.258 360.96 275.718 214.012 180.004 202.714 166.669 225.835 155.603 139.147 130.234 87.3787
threshold=0.083040880838132519 0.039001181721687324 17629732.625000004 97088341.500000015 2468.0767018137449 185965.20454545456 318679772.00000006 6474498.5588162588 1.1696306429548566 325202.50000000006 298096.12738351262 2350.5000000000005 5756244992.000001 12.500000000000002 6200.0000000000009
decision_type=2 2 2 2 2 2 2 2 2 2 2 2 2 2 2
left_child=7 4 3 -3 5 -2 -4 9 12 10 -1 -6 -9 -10 -11
right_child=1 2 6 -5 11 -7 -8 8 13 14 -12 -13 -14 -15 -16
leaf_value=0.0024753695821553246 0.0098993792572820375 0.00010376952960458825 -0.0047533238473577554 0.008896705833453273 0.036437559628755181 -0.0060052008230729002 -0.00024689015568786829 0.0098353986072729632 -0.021787032948306695 0.02654454251755349 0.042317465740771602 0.0069919630951621563 -0.015097219887602905 0.021051939130283186 -0.02268814379818318
leaf_weight=12122.563080515247 1032.8978107832372 35939.502528812969 14073.167017295957 11976.455721454695 178.6535679246299 15420.731721519027 29077.448041299591 493.8357777222991 54.819929365534335 22.960284480825067 114.59943706681952 1081.9492315636016 318.48673036694527 1252.0332093855832 308.5879446528852
leaf_count=33977 1768 110876 67554 24321 530 59220 115357 1095 435 65 420 4428 941 3224 1236
internal_value=0.000186904 -0.000287124 0.000397854 0.00230426 -0.00380756 -0.00499684 -0.00171846 0.00369638 0.0117573 0.00232247 0.00290229 0.0115679 -1.44803e-07 0.0190054 -0.0181907
internal_weight=123469 108781 91066.6 47916 17714.2 16453.6 43150.6 14687.9 2119.18 12568.7 12237.2 1260.6 812.323 1306.85 331.548
internal_count=425447 384054 318108 135197 65946 60988 182911 41393 5695 35698 34397 4958 2036 3659 1301
is_linear=0
shrinkage=0.03


Tree=205
num_leaves=16
num_cat=0
split_feature=4 26 14 13 17 11 4 28 27 24 20 21 28 5 28
split_gain=227.133 242.623 260.834 516.22 283.622 215.955 207.199 167.979 136.011 114.069 89.297 190.977 90.0587 74.3402 45.693
threshold=4.5519814719505929 0.09126394773822516 57556029.695652179 700.70859348148917 0.084781855344772353 143.50000000000003 1.1164728682170544 1035893.6794955595 865287698.9786936 0.38871697849118614 931.00000000000011 394.50000000000006 1389044.3125078946 2.2671361502347422 708764.69354321889
decision_type=2 2 2 2 2 2 2 2 2 2 2 2 2 2 2
left_child=1 5 3 -3 -4 6 -1 8 9 -2 11 -9 -12 -7 -10
right_child=7 2 4 -5 -6 13 -8 10 14 -11 12 -13 -14 -15 -16
leaf_value=-0.01315518325724328 0.00082920223467093754 -0.0012051071553312747 0.0012081002073541774 0.0067913541727801594 -0.0076829045086726838 0.03256259932476447 0.0032572782025921802 -0.0047235675366720806 0.0074005130858627258 0.00561132930595449 0.00081638399169265134 0.020959427330786352 -0.027586493936551226 0.0057237330922397392 0.060180149294807611
leaf_weight=712.8604703634046 7284.179112192709 63616.372868673876 4842.6173918817658 8187.035287786508 9622.4408876290545 278.25286334799603 14058.923872545362 2144.175168691203 29.332671191543341 11777.485843835631 159.47135922312737 281.22468504030257 244.06118594668806 151.24006569385529 36.693407487124205
leaf_count=3599 23255 207033 27938 23163 52873 491 38425 10027 60 35520 547 910 1228 335 43
internal_value=0.000181721 -0.000416778 -0.00103293 -0.000291704 -0.00470613 0.00307553 0.00245067 0.00294737 0.00395728 0.00378756 -0.00385539 -0.00162281 -0.0166633 0.0236912 0.0428134
internal_weight=123426 101470 86268.5 71803.4 14465.1 15201.3 14771.8 21956.6 19127.7 19061.7 2828.93 2425.4 403.533 429.493 66.0261
internal_count=425447 353857 311007 230196 80811 42850 42024 71590 58878 58775 12712 10937 1775 826 103
is_linear=0
shrinkage=0.03


Tree=206
num_leaves=16
num_cat=0
split_feature=5 14 0 14 0 14 15 0 14 13 2 0 12 18 22
split_gain=226.142 225.795 461.97 493.207 400.47 263.394 251.445 170.612 234.896 168.349 138.759 112.74 33.9379 28.3154 24.4918
threshold=0.23222109875294913 1815890.027777778 18383893.000000004 4677751.4692307701 12000974.500000002 599978.80000000016 0.44671201814058964 152100878.50000003 16747758.208333334 101.40316598914363 3.7421798631476055 649345419.00000012 39.500000000000007 989.50000000000011 1319.0000000000002
decision_type=2 2 2 2 2 2 2 2 2 2 2 2 2 2 2
left_child=7 4 6 -4 5 -2 -3 12 10 -6 -9 -10 13 -1 -14
right_child=1 2 3 -5 9 -7 -8 8 11 -11 -12 -13 14 -15 -16
leaf_value=-0.016194793072483255 0.0051990176825665356 -0.012014476871681742 0.0064470260492692812 -0.00048584866898106037 0.013835440093988254 -0.0030769217560384318 0.0048406792387647272 0.052713460551518335 -0.026836385800824845 -0.01695736685854933 -0.011641982513054771 0.0022097452820907656 -0.029858555228390878 0.027207660759878814 0
leaf_weight=14.233459781156855 7052.7093921713531 4274.8024420011789 10282.987151123583 89442.551180342212 3399.7810062598437 6764.7982286009938 966.66341615840793 79.703393923118711 220.20459501165897 154.45077702775598 36.404562227427959 238.25563915236853 432.39753279997967 10.208203433547167 28.260417678393424
leaf_count=496 13819 18554 24567 321793 5617 18298 1254 167 5536 371 152 2909 11539 37 338
internal_value=0.00017666 0.000297225 -0.000226984 0.000229581 0.00346389 0.00114616 -0.0088953 -0.0135245 -0.00225371 0.0124233 0.0332832 -0.0120864 -0.0263461 0.00462522 -0.0281465
internal_weight=123398 122339 104967 99725.5 17371.7 13817.5 5241.47 1059.67 574.568 3554.23 116.108 458.46 485.1 24.4417 460.658
internal_count=425447 404273 366168 346360 38105 32117 19808 21174 8764 5988 319 8445 12410 533 11877
is_linear=0
shrinkage=0.03


Tree=207
num_leaves=16
num_cat=0
split_feature=15 15 15 15 11 0 4 28 0 0 28 24 28 10 0
split_gain=226.121 234.252 221.24 302.429 147.352 120.514 108.631 59.4888 76.9918 103.237 72.7077 59.0789 38.0068 25.9904 19.8104
threshold=-0.65833333333333321 -0.54195804195804176 -0.48979591836734687 -0.084699453551912551 62.500000000000007 1141448355.0000002 3.3968052738336718 4801.927545409847 2439573472.0000005 3875455154.0000005 3258.605906506928 1.5569455906112084 140722.10806322229 1.2903762903762908 95258122.000000015
decision_type=2 2 2 2 2 2 2 2 2 2 2 2 2 2 2
left_child=7 5 4 -4 -3 13 -7 10 12 -10 14 -12 -9 -2 -1
right_child=1 2 3 -5 -6 6 -8 8 9 -11 11 -13 -14 -15 -16
leaf_value=-0.025443361849442278 0.014634889044686831 0.022801478064184241 0.00791091861363237 0.00011748493327104194 -0.0079726666208362103 -0.019189254545487665 0.024650080292981921 -0.032126586852446543 0.02784088460807051 -0.024510168008794554 0.051105298662424574 -0.013846300231797381 -0.014530892995536256 0.041807382542244267 0.0073349796031120197
leaf_weight=33.424475498497486 69.918207779526711 130.77633662661538 4650.7447480298579 113670.17298006034 3747.1055004163645 87.505681529641151 85.875713601708412 265.06624130997807 56.988926198333502 49.032263406086713 24.308908812701702 9.8989372514188272 272.69924785499461 172.48009261488914 15.139118762686847
leaf_count=243 99 482 6379 373486 35347 380 156 3328 551 831 46 75 3868 123 53
internal_value=0.000171347 0.000271443 0.000193321 0.000425033 -0.00684328 0.0223558 0.00259891 -0.0163442 -0.0193891 0.00334482 0.00637327 0.0332088 -0.0238946 0.0353958 -0.0154335
internal_weight=123341 122615 122199 118321 3877.88 415.78 173.381 726.558 643.787 106.021 82.7714 34.2078 537.765 242.398 48.5636
internal_count=425447 416452 415694 379865 35829 758 536 8995 8578 1382 417 121 7196 222 296
is_linear=0
shrinkage=0.03


Tree=208
num_leaves=16
num_cat=0
split_feature=11 29 14 8 17 14 14 0 14 17 17 17 15 1 9
split_gain=218.953 227.528 280.136 247.341 222.453 260.621 221.761 410.476 377.33 238.878 215.237 464.918 207.31 197.602 186.303
threshold=90.500000000000014 207039.8667851465 13409778.687500002 90.416620780138985 0.19823817908763888 21435597.623809528 30560858.340909097 149173978.00000003 5046954.8253968256 0.092771746218204512 0.086981520056724562 0.11746063828468324 0.084523809523809543 10320.500000000002 61.500000000000007
decision_type=2 2 2 2 2 2 2 2 2 2 2 2 2 2 2
left_child=1 2 14 -4 5 -3 7 8 -2 -9 13 -12 -6 -8 -1
right_child=6 4 3 -5 12 -7 10 9 -10 -11 11 -13 -14 -15 -16
leaf_value=0.021274386672464451 0.001442930919040201 0.0063572884411182296 0.0026643293061772077 -0.0093618900106480392 0.011820824734732737 -0.0014622065948605265 -0.0074979390238642564 -9.5090041498067839e-05 -0.0045969563356711212 0.0083012806133872866 -0.024599505451501802 -0.0039348492551301061 0.0020932095508878782 0.0036419657052928775 0.0011738535132490848
leaf_weight=409.67520218086429 20184.802432517521 6455.6553837414831 2282.3374784372281 4655.8518836137373 4792.8313676232938 9401.153298010584 1902.3342736242339 5105.5765061578713 17246.124236644013 7530.7556064319797 1038.3687295226846 14394.715701756533 3369.8051877431571 5654.1563568252604 18873.503429325297
leaf_count=1415 58360 14613 8751 20278 16779 34602 11702 13387 71966 17165 6968 70026 4838 27230 47367
internal_value=0.00016644 0.00169085 -0.00024051 -0.0054043 0.00379934 0.00172239 -0.000881609 0.000238024 -0.00133984 0.00491035 -0.00331984 -0.00534969 0.00781982 0.000824252 0.00161865
internal_weight=123298 50240.8 26221.4 6938.19 24019.4 15856.8 73056.8 50067.3 37430.9 12636.3 22989.6 15433.1 8162.64 7556.49 19283.2
internal_count=425447 148643 77811 29029 70832 49215 276804 160878 130326 30552 115926 76994 21617 38932 48782
is_linear=0
shrinkage=0.03


Tree=209
num_leaves=8
num_cat=0
split_feature=5 15 17 17 2 15 15
split_gain=218.352 217.556 220.04 376.032 270.731 59.3882 298.305
threshold=1.0000000180025095e-35 -0.65833333333333321 1.0000000180025095e-35 0.059137627482414253 4.0940448113207557 -0.74166666666666659 -0.70714285714285696
decision_type=2 2 2 2 2 2 2
left_child=-1 5 4 -4 -3 -2 -7
right_child=1 2 3 -5 -6 6 -8
leaf_value=-0.028549557094267028 -0.031168565196806393 -0.0084001360251402916 0.0060717005425229556 0.00024108517330191721 -0.00047586116118481436 0.06398276259259221 -0.016719447874911898
leaf_weight=222.9225099964533 168.94611810706556 5250.1080543361604 11163.270797544159 91105.815193760209 14795.711480456404 29.86476906388998 518.10801164293662
leaf_count=14563 2112 26191 26238 307291 42353 116 6583
internal_value=0.000161474 0.000217214 0.000314997 0.000878621 -0.0025575 -0.0160893 -0.0106803
internal_weight=123255 123032 122315 102269 20045.8 716.919 547.973
internal_count=425447 410884 402073 333529 68544 8811 6699
is_linear=0
shrinkage=0.03


Tree=210
num_leaves=16
num_cat=0
split_feature=5 30 10 5 15 17 18 8 20 5 1 16 1 3 24
split_gain=216.842 338.959 304.228 287.319 273.721 224.559 207.731 227.418 186.966 161.821 158.23 131.955 126.714 123.078 12.2122
threshold=2.8839743589743594 3.5000000000000004 3.077651515151516 0.14670014347202298 0.51923076923076927 0.19823817908763888 299.50000000000006 88.595817967958098 9868.0000000000018 2.9096736596736599 2790.5000000000005 5.5000000000000009 4601.5000000000009 3.3270979020979028 115.18883415435143
decision_type=2 2 2 2 2 2 2 2 2 2 2 2 2 2 2
left_child=2 6 4 14 5 -1 7 -2 -8 10 -3 -5 -6 -11 -4
right_child=1 9 3 11 12 -7 8 -9 -10 13 -12 -13 -14 -15 -16
leaf_value=-0.0034008385181868769 0.011454091099040038 -0.0068136778161324279 -0.030014077707190813 0.0037530707323172705 0.004755015944153917 0.00096590756314720325 0.0064168670353171239 0.00041769460274781675 0.018453744175029981 -0.0061179898002196257 0.023804638016843765 0.016270327954791504 -0.00020435344965430018 5.3249194823629131e-05 0.002980293344319848
leaf_weight=40966.652955244062 2031.3079482242465 214.03914335742593 161.11810918687843 1470.1856568837538 8054.3136626686901 14275.517209356651 5738.2261405512691 9441.317931602709 1458.782497137785 3309.4516028994694 456.09222046285868 1592.8529110588133 10871.707198377699 23175.141195044853 6.2521626646630457
leaf_count=176731 5796 732 8649 5068 10546 61401 14820 29381 2274 14799 1129 5005 16278 72798 40
internal_value=0.000156529 0.00179196 -0.000811512 0.0081782 -0.00120504 -0.0022719 0.00490205 0.00238678 0.00889412 -0.000346729 0.0140463 0.0103197 0.00190671 -0.000719789 -0.0284733
internal_weight=123223 45824.4 77398.6 3230.41 74168.2 55242.2 18669.6 11472.6 7197.01 27154.7 670.131 3063.04 18926 26484.6 167.37
internal_count=425447 141729 283718 18762 264956 238132 52271 35177 17094 89458 1861 10073 26824 87597 8689
is_linear=0
shrinkage=0.03


Tree=211
num_leaves=16
num_cat=0
split_feature=4 26 15 14 11 14 28 20 27 10 12 5 5 0 28
split_gain=210.084 227.656 254.166 359.313 205.607 201.267 158.385 148.436 129.575 109.019 85.5492 76.3768 70.8753 63.2537 42.8087
threshold=4.5519814719505929 0.09126394773822516 0.6430084745762713 74687217.312500015 143.50000000000003 163274960.21428576 1035893.6794955595 12667.500000000002 865287698.9786936 2.899159663865547 34.500000000000007 0.9533066860465117 2.2671361502347422 261215558.00000003 632922.30743033544
decision_type=2 2 2 2 2 2 2 2 2 2 2 2 2 2 2
left_child=1 4 3 -3 5 -1 8 -4 9 -2 13 -12 -6 -8 -10
right_child=6 2 7 -5 12 -7 10 -9 14 -11 11 -13 -14 -15 -16
leaf_value=0.0032953515777038511 0.003034339297294839 -0.00125882913122518 0.0023053611392063462 -0.0088640900667812054 0.031807199391389901 -0.010652943508896315 0.044936275929405023 -0.0074387485603219948 0.0016333856885826644 0.012381293888037761 -0.019942417257163596 -0.0031007238187788916 0.0055552793786209928 -0.0014396607530413872 0.054375457306265307
leaf_weight=13752.743027211633 17840.830674748402 56806.656412889715 21581.964019073173 6189.9831406620797 276.88580892421305 983.23490632465109 40.290323916822672 1489.3653179518878 20.729771822690964 1188.8521742844023 256.12137521640398 2480.8926075147465 150.84086541086435 46.746561963111162 45.718767713755369
leaf_count=36778 54376 220456 30202 57780 491 5246 73 2569 51 4399 2013 10468 335 158 52
internal_value=0.000152105 -0.000424323 -0.00102183 -0.00200852 0.00296275 0.00235275 0.002814 0.00167061 0.00379548 0.00362914 -0.00379713 -0.00478773 0.0231189 0.0231842 0.041621
internal_weight=123152 101232 86068 62996.6 15163.7 14736 21920.2 23071.3 19096.1 19029.7 2824.05 2737.01 427.727 87.0369 66.4485
internal_count=425447 353857 311007 278236 42850 42024 71590 32771 58878 58775 12712 12481 826 231 103
is_linear=0
shrinkage=0.03


Tree=212
num_leaves=9
num_cat=0
split_feature=5 15 15 15 14 4 18 1
split_gain=207.504 206.123 218.387 209.482 114.367 60.2331 85.0443 45.8163
threshold=1.0000000180025095e-35 -0.65833333333333321 -0.54195804195804176 -0.48979591836734687 71945657.583333343 3.2614510489510491 150.50000000000003 163959.00000000003
decision_type=2 2 2 2 2 2 2 2
left_child=-1 5 4 -4 -3 6 -2 -7
right_child=1 2 3 -5 -6 7 -8 -9
leaf_value=-0.028437176531822754 -0.029264647625830795 0.026251755078721038 -0.006650905658157868 0.00044580459303647496 -0.025154192999403319 -0.031849409455591109 -0.0011849104972379279 0.009682411068596488
leaf_weight=213.11537745408714 120.81773645430803 384.51811080425978 3850.9691300694831 117885.57790483348 30.74122292175889 213.4877602532506 353.77365924557671 18.753645454533398
leaf_count=14563 1898 554 34703 366612 204 2735 3944 234
internal_value=0.000148001 0.000201295 0.000295955 0.000220272 0.0216322 -0.0157821 -0.0090721 -0.0279904
internal_weight=123072 122859 122152 121737 415.259 706.833 474.591 232.241
internal_count=425447 410884 402073 401315 758 8811 5842 2969
is_linear=0
shrinkage=0.03


Tree=213
num_leaves=16
num_cat=0
split_feature=5 25 6 14 5 27 14 14 9 4 15 9 14 30 5
split_gain=205.944 293.448 263.036 335.699 245.27 235.794 354.902 301.744 234.602 217.954 212.938 193.176 150.59 143.741 70.5629
threshold=1.7248188405797105 3.6375661375661381 0.59122919334186952 46502802.000000007 0.53378995433789966 51045284.66005408 7587902.4750000006 17629732.625000004 181.50000000000003 2.1018678657903842 0.18465909090909094 267.50000000000006 5831493.041666667 1.0000000180025095e-35 0.14670014347202298
decision_type=2 2 2 2 2 2 2 2 2 2 2 2 2 2 2
left_child=1 5 9 8 14 6 -1 -7 -4 10 -2 -5 -11 -6 -3
right_child=2 4 3 11 13 7 -8 -9 -10 12 -12 -13 -14 -15 -16
leaf_value=-0.00071610216792083895 -0.006805679035487032 -0.026626722181707731 0.030325508667855168 0.017147021972777649 0.030888936611197054 0.01538402384397616 -0.0082624381638670176 -0.00047549530092184743 0.0039631497244831046 0.0032380632980126196 0.0018106825572417884 -0.0023287012011602823 -0.0010564741351085478 0.0075989928044059565 0.00063896392925157823
leaf_weight=12555.049410947599 8348.4672096390277 117.98364935000427 292.5734031572938 461.33108502160758 492.24162177741528 1182.6247348389588 10141.75711265998 10930.193103259429 31091.988153210841 11953.770653137937 3719.0219280309975 12029.958337869495 19010.785625767894 482.615648124367 231.25046733394265
leaf_count=41912 42038 6134 576 1946 990 2430 46093 54340 69390 30989 5271 44714 76270 1573 781
internal_value=0.000143185 -0.00175954 0.000934794 0.00256904 0.0120201 -0.0022895 -0.00409263 0.00108757 0.00422423 -0.00073112 -0.00414881 -0.00158732 0.000601215 0.0196791 -0.00920719
internal_weight=123042 36133.7 86907.9 43875.9 1324.09 34809.6 22696.8 12112.8 31384.6 43032 12067.5 12491.3 30964.6 974.857 349.234
internal_count=425447 154253 271194 116626 9478 144775 88005 56770 69966 154568 47309 46660 107259 2563 6915
is_linear=0
shrinkage=0.03


Tree=214
num_leaves=16
num_cat=0
split_feature=17 17 2 19 27 29 17 15 17 29 8 26 11 15 31
split_gain=205.373 344.4 260.729 236.956 272.728 235.686 234.016 330.371 286.727 213.975 311.607 250.068 163.095 148.291 51.7513
threshold=1.0000000180025095e-35 0.059137627482414253 4.0940448113207557 119129982.00000001 25372887.436723765 3012232.126738681 0.11787210404872896 -0.45227272727272722 0.12883955240249637 9746.7836439466864 94.196474018702474 0.09696391690214913 164.50000000000003 0.44671201814058964 0.040922381711855402
decision_type=2 2 2 2 2 2 2 2 2 2 2 2 2 2 2
left_child=2 9 12 5 -5 -4 7 -3 -8 10 -2 -11 13 -1 -14
right_child=1 6 3 4 -6 -7 8 -9 -10 11 -12 -13 14 -15 -16
leaf_value=-0.011922870164575914 -0.012115608652389653 -0.019994343746627813 0.0032460999959775514 -0.0003894522515419325 -0.011872501012304804 0.034075527332797208 0.0047615083605086943 -0.0015561584063603616 -2.1705040663533538e-05 0.021320553481967517 0.011971860216043965 0.0057798202111359574 0.039670832867413776 -6.8252977315533809e-05 -0.012257591891719962
leaf_weight=3924.8841018150561 1280.8763330904767 887.64106474653818 4801.2457325523719 7360.5439081725199 2479.7828278434463 219.72568994946778 14804.002006841591 28740.466722041368 47163.961944545386 1043.4651387454942 755.71832789899781 8173.7049310845323 68.43725834437646 1258.2673206087202 13.27091638650745
leaf_count=26779 3979 11415 13902 19712 9430 359 43641 104084 165873 1710 1720 20579 226 1820 218
internal_value=0.000139168 0.000681806 -0.0026308 -0.000593516 -0.00329991 0.00469868 7.26004e-05 -0.00211941 0.00112139 0.00563087 -0.00314068 0.0075742 -0.00835782 -0.0090593 0.0303334
internal_weight=122976 102850 20126.2 14861.3 9840.33 5020.97 91596.1 29628.1 61968 11253.8 2036.59 9217.17 5264.86 5183.15 81.7082
internal_count=425447 353001 72446 43403 29142 14261 325013 115499 209514 27988 5699 22289 29043 28599 444
is_linear=0
shrinkage=0.03


Tree=215
num_leaves=16
num_cat=0
split_feature=14 17 17 19 24 17 14 28 1 14 5 0 23 28 10
split_gain=203.936 282.167 358.662 260.68 241.569 231.92 191.667 185.112 104.487 78.0478 86.5072 74.5578 24.1307 39.1161 22.8385
threshold=185965.20454545456 0.039001181721687324 0.059137627482414253 109415584.50000001 0.41878189377592628 0.11827412620186807 5971249.8076923089 10558699.34320513 115.50000000000001 64525.439516129038 1.5187529301453355 1265340.0000000002 1.3028844430948212 1227.6155808765036 3.077651515151516
decision_type=2 2 2 2 2 2 2 2 2 2 2 2 2 2 2
left_child=8 3 6 7 -5 -4 -3 -2 9 10 -1 -11 13 -10 -14
right_child=1 2 5 4 -6 -7 -8 -9 12 11 -12 -13 14 -15 -16
leaf_value=-0.0057613945157561231 0.00091996931245250948 0.011931509752293627 -0.0022239962590819211 -0.015578984521046247 -0.0040460104853068156 0.0010242384982102793 0.0031498885645816657 0.03325315460023779 0.013915969262649354 -0.0038093375461167385 0.016504585484209217 0.011224070952878052 -0.019014183947055948 0.033718420948187042 0.01533823986386872
leaf_weight=187.14285733923316 5864.7471391325817 3176.4301160951145 29320.151849628077 1900.96402108646 11410.173075065133 60735.36097425269 7586.9401353457943 148.95828925352544 261.64042128250003 953.4566041729413 750.20871594175696 412.82605901174247 18.082503836601973 174.04967070743442 21.636550255119801
leaf_count=514 20854 6524 115529 9152 41505 206623 19933 397 349 2179 1047 635 63 125 18
internal_value=0.00013516 -5.09193e-05 0.000585472 -0.00337044 -0.00571097 -3.31786e-05 0.00575726 0.00180658 0.00814758 0.00541163 0.0120069 0.000783889 0.0207726 0.0227522 -0.000677947
internal_weight=122923 120144 100819 19324.8 13311.1 90055.5 10763.4 6013.71 2779.04 2303.63 937.352 1366.28 475.409 435.69 39.7191
internal_count=425447 420517 348609 71908 50657 322152 26457 21251 4930 4375 1561 2814 555 474 81
is_linear=0
shrinkage=0.03


Tree=216
num_leaves=16
num_cat=0
split_feature=11 30 15 17 14 13 14 27 17 5 11 13 2 14 11
split_gain=201.612 252.838 319.267 281.298 235.732 286.229 233.908 346.959 198.879 177.457 146.724 133.441 137.779 99.3826 46.7984
threshold=101.50000000000001 3.5000000000000004 0.90454545454545465 0.25373502075672155 320469932.72727281 4407.7630651969257 1376570.0538461541 2164784.1087443954 0.15228537470102313 0.93513323983169716 113.50000000000001 3.8284361097305015 4.3451410658307221 670388.56250000012 173.50000000000003
decision_type=2 2 2 2 2 2 2 2 2 2 2 2 2 2 2
left_child=6 4 3 -3 5 -2 11 8 -8 -9 -4 12 -1 -13 -6
right_child=1 2 10 -5 14 -7 7 9 -10 -11 -12 13 -14 -15 -16
leaf_value=-0.0053056224839513246 0.001108200397893614 -0.0075709083628048429 -0.0023108515428773234 0.0023472503476173823 -0.039445124929825069 0.018702723206813869 -0.014530127372124094 -0.0044110309730505141 0.0049259646096288115 0.0011809432792071271 0.005319390277464974 0.014916476393397248 0.0050595129623709845 0.0057244126236085354 0.0076078932173663256
leaf_weight=1634.8785222093575 10548.350111448439 13931.478975851554 4895.0824833009392 3143.333560529165 130.86568825202994 889.23771286988631 2092.9046941325068 5514.9287454884034 598.72406548913568 66642.212596626952 4197.3199829887599 1595.1016832706518 3820.4614290595055 3251.4648789111525 15.668442344292997
leaf_count=4322 37977 78876 7616 17444 1399 3213 6276 32377 1406 212537 5521 2568 7018 6854 43
internal_value=0.00013149 -0.00169267 -0.00332606 -0.00574284 0.00199391 0.00250144 0.000940735 0.000356524 -0.0101879 0.000752308 0.00121116 0.00517573 0.00194173 0.00879256 -0.0339889
internal_weight=122902 37751.3 26167.2 17074.8 11584.1 11437.6 85150.7 74848.8 2691.63 72157.1 9092.4 10301.9 5455.34 4846.57 146.534
internal_count=425447 152089 109457 96320 42632 41190 273358 252596 7682 244914 13137 20762 11340 9422 1442
is_linear=0
shrinkage=0.03


Tree=217
num_leaves=16
num_cat=0
split_feature=5 31 5 25 24 11 28 2 0 0 7 6 4 22 25
split_gain=198.879 191.508 272.985 399.287 243.527 234.088 213.672 177.028 163.957 104.783 111.588 71.2795 34.0891 24.8868 24.5091
threshold=0.23222109875294913 0.0057197382769901862 2.9096736596736599 3.077651515151516 0.37223709277920247 93.500000000000014 4108606.6893981504 2.7549095109742017 152100878.50000003 167913879.00000003 6.570398861213584 0.2814700704225353 6.992063492063493 1319.0000000000002 1.8693221523410208
decision_type=2 2 2 2 2 2 2 2 2 2 2 2 2 2 2
left_child=8 2 3 -2 -4 6 -3 -7 12 11 -11 -10 13 -1 -14
right_child=1 5 4 -5 -6 7 -8 -9 9 10 -12 -13 14 -15 -16
leaf_value=-0.029450634098262308 -0.00094972893546565389 0.0015312551900948206 0.001212140373268808 0.015293763616486964 0.0083182999351231884 -0.0079012079253960397 -0.014742732770481756 -0.0014910914241933312 -0.011538363221646322 0.006969087476368048 -0.02018905499433182 0.053828537165239207 0.028255533563239656 0 -0.013828600540531264
leaf_weight=412.79418946546502 25458.543461292982 33773.86126040481 8762.4956150185317 1423.8884987570345 8619.0756008196622 4299.309557704255 726.85783957503736 38753.993018647656 14.432336266152559 269.541076105088 247.08385081589222 32.060269289882854 7.9824513159692314 27.489017787389457 12.646923969266934
leaf_count=11578 82408 100840 27530 3861 20627 21666 3575 143766 324 4000 4334 106 12 335 485
internal_value=0.000127571 0.000239257 0.00181358 -8.01913e-05 0.00474176 -0.000659078 0.00118127 -0.00213443 -0.0129414 -0.00187617 -0.00616644 0.0351845 -0.025912 -0.0276727 0.00665359
internal_weight=122842 121818 44264 26882.4 17381.6 77554 34500.7 43053.3 1024.03 563.118 516.625 46.4926 460.913 440.283 20.6294
internal_count=425447 404273 134426 86269 48157 269847 104415 165432 21174 8764 8334 430 12410 11913 497
is_linear=0
shrinkage=0.03


Tree=218
num_leaves=13
num_cat=0
split_feature=15 15 14 17 0 0 17 15 15 28 1 9
split_gain=195.84 205.274 195.839 252.027 122.038 112.864 109.517 59.6651 279.898 90.1097 68.5465 25.1598
threshold=-0.65833333333333321 -0.54195804195804176 252619.18750000003 1.0000000180025095e-35 1265340.0000000002 1141448355.0000002 0.22576047480106357 -0.74166666666666659 -0.70714285714285696 4801.927545409847 51167.500000000007 2349.5000000000005
decision_type=2 2 2 2 2 2 2 2 2 2 2 2
left_child=7 5 4 -4 -3 11 -7 -1 10 -10 -9 -2
right_child=1 2 3 -5 -6 6 -8 8 9 -11 -12 -13
leaf_value=-0.030919399351137977 0.036553434475528834 0.002609134236640177 -0.003285800433331073 0.0005285170789316834 0.01397883771925861 -0.025013330801177017 0.019896092021644402 0.076577625212857423 0.012977608088102966 -0.021243992295005537 -0.0087179281396827391 0.001433794557803498
leaf_weight=162.641700347187 218.09323596954346 2214.8827205849811 18466.241680335836 99642.527444115607 1381.1870694756508 66.57897812500596 106.70716707780957 24.580597054213289 70.305734354071319 434.64988050924148 6.446570459753274 23.235789775848389
leaf_count=2136 183 4555 68686 340480 1973 306 230 37 340 6403 79 39
internal_value=0.000123765 0.000215552 0.000142213 -6.79369e-05 0.00702427 0.0209167 0.00186384 -0.0155458 -0.0101115 -0.0161846 0.0611382 0.0335708
internal_weight=122818 122119 121705 118109 3596.07 414.615 173.286 698.624 535.983 504.956 31.0272 241.329
internal_count=425447 416452 415694 409166 6528 758 536 8995 6859 6743 116 222
is_linear=0
shrinkage=0.03


Tree=219
num_leaves=16
num_cat=0
split_feature=4 29 5 30 10 15 29 4 16 21 10 14 21 26 1
split_gain=195.111 252.177 186.345 284.748 274.3 226.157 225.605 180.132 169.378 153.638 218.159 87.3092 108.857 76.5156 53.2598
threshold=0.456832298136646 1172.6610817070739 2.8839743589743594 3.5000000000000004 3.077651515151516 0.51923076923076927 143323.33943055425 6.8379104477611952 5.5000000000000009 94.500000000000014 3.7749287749287759 3876717.944444445 801.50000000000011 12.812576424553683 244.50000000000003
decision_type=2 2 2 2 2 2 2 2 2 2 2 2 2 2 2
left_child=1 9 4 6 5 -2 -4 -5 -6 14 -11 12 -3 -13 -1
right_child=2 11 3 7 8 -7 -8 -9 -10 10 -12 13 -14 -15 -16
leaf_value=0.010470011651698242 -0.0019258243096659357 -0.0091395297214088376 0.0021734691609494841 -0.00063419506618834197 0.00066472479841721331 0.0019209668172434323 0.009087906907643762 0.012143467719361452 0.016328544245567837 -0.0010380858740762758 0.032715773813419516 -0.017146804176640936 0.022017377356273866 0.02541699468618298 -0.022958290401488436
leaf_weight=44.95340761821717 53806.151256251731 454.85514175822027 11574.246776929125 25617.728790644556 1156.0596029327717 18456.576717464253 6720.675715056248 1017.919580004178 1342.0166490157135 415.7640073869843 276.30933592095971 1609.2200324449223 113.43628484313376 25.632721294183284 167.8799971989356
leaf_count=238 229350 2262 33194 84105 5957 26170 17660 3123 6779 2003 981 11598 330 97 1600
internal_value=0.000120323 -0.00728182 0.000313675 0.00184043 -0.000603675 -0.000942708 0.0047205 -0.000138193 0.00913881 0.00595967 0.0128038 -0.0127376 -0.00246262 -0.0162362 -0.0155416
internal_weight=122799 3108.05 119691 44930.6 74760.8 72262.7 18294.9 26635.6 2498.08 904.907 692.073 2203.14 568.291 1634.85 212.833
internal_count=425447 19109 406338 138082 268256 255520 50854 87228 12736 4822 2984 14287 2592 11695 1838
is_linear=0
shrinkage=0.03


Tree=220
num_leaves=16
num_cat=0
split_feature=26 4 14 13 29 12 29 14 1 28 24 26 1 22 13
split_gain=191.969 240.802 265.925 377.483 167.779 311.267 169.554 163.548 154.287 208.505 143.866 147.766 98.4216 81.433 73.644
threshold=0.083040880838132519 5.616843971631206 71945657.583333343 796.53145505408008 6474498.5588162588 53.500000000000007 46875851.951666228 85994215.333333343 325202.50000000006 298096.12738351262 26.45215090867265 0.12259236423101925 13045.500000000002 6200.0000000000009 6.9086822417662717
decision_type=2 2 2 2 2 2 2 2 2 2 2 2 2 2 2
left_child=4 2 3 -2 8 6 -6 -4 9 -1 11 -3 -7 -10 -12
right_child=1 10 7 -5 5 12 -8 -9 13 -11 14 -13 -14 -15 -16
leaf_value=0.0021571615560961109 -0.00089238489602444916 0.019546433694435737 -0.012100694554634214 0.0053048806974093582 0.0041969191192056197 0.0010071794360139742 -0.031020997297870532 -0.0032174407393166485 0.025801237833394497 0.040074895469472842 0.022589474640791279 0.0037726047124129855 0.026481259227588282 -0.022116002343038534 -0.026148218326832364
leaf_weight=12053.286955647869 75981.417714951094 556.10250524850562 2281.742981784977 9995.8070789091289 928.1047595385462 165.20237584877759 126.46981317456812 10150.591058106162 22.337539865635335 117.12655056687072 20.073659816756845 8971.1598855971824 886.34799953643233 306.72999166324735 182.38462345022708
leaf_count=33977 246941 1257 11746 29287 2976 547 634 63923 65 420 27 30071 1538 1236 802
internal_value=0.000117059 -0.000318859 -0.000764456 -0.000170735 0.00334364 0.0111497 -0.000374355 -0.00486284 0.00201416 0.00257342 0.00417922 0.00472574 0.0225778 -0.0177931 -0.0199531
internal_weight=122745 108139 98409.6 85977.2 14605.6 2106.12 1054.57 12432.3 12499.5 12170.4 9729.72 9527.26 1051.55 329.068 202.458
internal_count=425447 384054 351897 276228 41393 5695 3610 75669 35698 34397 32157 31328 2085 1301 829
is_linear=0
shrinkage=0.03


Tree=221
num_leaves=8
num_cat=0
split_feature=5 15 15 15 0 18 18
split_gain=193.348 186.456 192.279 191.973 107.736 59.6618 149.506
threshold=1.0000000180025095e-35 -0.65833333333333321 -0.54195804195804176 -0.48979591836734687 1141448355.0000002 150.50000000000003 255.50000000000003
decision_type=2 2 2 2 2 2 2
left_child=-1 5 4 -4 -3 -2 -7
right_child=1 2 3 -5 -6 6 -8
leaf_value=-0.028281188784066262 -0.0302623937274011 0.032669039793782648 -0.0064224282843377486 0.00039748545765222411 0.0016862155177472999 0.021085001115916796 -0.017490714962425914
leaf_weight=200.43310462206136 167.81143501447514 241.0384361371398 3820.6256626746617 117602.8711871868 173.15212519466877 100.01341025158763 419.75006165541708
leaf_count=14563 2680 222 34703 366612 536 956 5175
internal_value=0.000113777 0.000163928 0.000253004 0.000181881 0.0202982 -0.0152458 -0.00962861
internal_weight=122726 122525 121838 121423 414.191 687.575 519.763
internal_count=425447 410884 402073 401315 758 8811 6131
is_linear=0
shrinkage=0.03


Tree=222
num_leaves=6
num_cat=0
split_feature=5 15 11 4 29
split_gain=187.493 181.291 180.516 175.368 151.601
threshold=1.0000000180025095e-35 -0.74166666666666659 85.500000000000014 4.4870107962213233 207039.8667851465
decision_type=2 2 2 2 2
left_child=-1 -2 4 -4 -3
right_child=1 2 3 -5 -6
leaf_value=-0.028208949800296038 -0.030664214334754216 0.00015083872484271559 -0.0010599678986675429 0.0025687475287632599 0.0042692904433302929
leaf_weight=195.03789662348572 156.48451160360128 16778.719340334646 75882.239601012785 14216.665544192307 15467.022205490619
leaf_count=14563 2112 46882 271872 48074 41944
internal_value=0.000110226 0.000159007 0.00020243 -0.000486729 0.0021283
internal_weight=122696 122501 122345 90098.9 32245.7
internal_count=425447 410884 408772 319946 88826
is_linear=0
shrinkage=0.03


Tree=223
num_leaves=16
num_cat=0
split_feature=14 0 0 14 14 0 13 0 15 15 4 17 2 20 19
split_gain=190.331 534.406 476.381 461.16 434.484 421.164 308.187 243.468 233.531 221.615 279.762 187.3 209.874 135.945 54.6211
threshold=3652219.2500000005 19835346.500000004 42929158.500000007 1549586.1750000003 10058548.79166667 200175936.50000003 72.245010283910531 6642906.5000000009 0.44671201814058964 0.44671201814058964 2.2513157894736846 1.0000000180025095e-35 5.1615275142315005 4044.0000000000005 204533805.50000003
decision_type=2 2 2 2 2 2 2 2 2 2 2 2 2 2 2
left_child=1 3 9 7 6 -6 -4 -1 -5 10 -2 12 -3 -13 -11
right_child=2 11 4 8 5 -7 -8 -9 -10 14 -12 13 -14 -15 -16
leaf_value=6.5936689003604862e-05 -0.017775251770434722 -0.012819443889506444 0.00047408066072805586 -0.010059289535055539 -0.0045391921650455112 0.00062848136871885153 0.0090892596447565838 0.0084706041699150695 0.005384231146460295 -0.0016386439624443462 -0.0052794184451518981 0.015704830720969881 0.0078498541205062177 0.0053916101609483699 0.0087309998445357102
leaf_weight=9987.9312170934863 2375.9870760727208 620.54524619993754 7426.4247139377985 4833.6155325667933 19649.374939682661 50988.909919896862 7526.7195048902649 4489.3656363165937 1064.2001429609954 1310.7456091791391 5051.3357690291014 3472.9774243542925 1436.3507724693045 1764.5437097512186 681.49483666196465
leaf_count=24086 14604 2592 19244 20755 86387 190909 17644 9390 1386 1911 23107 6930 2640 3096 766
internal_value=0.0001067 0.00229585 -0.00053078 -0.000199053 0.000174065 -0.000809239 0.00481733 0.00268034 -0.007261 -0.00692868 -0.00930861 0.00925495 0.00155199 0.0122613 0.00193234
internal_weight=122681 27669.5 95011 20375.1 85591.4 70638.3 14953.1 14477.3 5897.82 9419.56 7427.32 7294.42 2056.9 5237.52 1992.24
internal_count=425447 70875 354572 55617 314184 277296 36888 33476 22141 40388 37711 15258 5232 10026 2677
is_linear=0
shrinkage=0.03


Tree=224
num_leaves=16
num_cat=0
split_feature=14 0 14 0 15 0 15 1 14 17 28 15 23 4 15
split_gain=185.56 537.841 547.297 490.503 404.356 234.045 472.804 368.595 274.996 281.226 198.505 324.719 247.292 156.042 123.439
threshold=31603146.750000004 140995146.50000003 5046954.8253968256 24150176.000000004 0.32051282051282054 533898685.50000006 0.90454545454545465 46183.000000000007 71945657.583333343 0.086981520056724562 507361.0444681943 0.18465909090909094 0.45343982300504043 2.7191996846047708 1.4500000000000002
decision_type=2 2 2 2 2 2 2 2 2 2 2 2 2 2 2
left_child=1 2 3 -1 -4 6 7 -2 13 -10 12 -12 -3 -7 -8
right_child=5 10 4 -5 -6 8 14 -9 9 -11 11 -13 -14 -15 -16
leaf_value=-0.00043172112384042249 -0.010916969446594533 0.0050642862457227775 -0.006092421723215757 0.0075490399284266164 0.0023940339108429998 0.0072693034928751265 0.0046473104428140111 0.010414512863376623 0.0031679595948621766 -0.0058622897048514217 0.014329655271486661 -0.00048666014939180381 -0.002983593137103543 0.0002179988899798848 -0.011588601839791351
leaf_weight=23749.590285822516 7884.4381112278206 14010.70666075265 19427.345499656163 9767.8554976570886 6812.3487530164421 5316.1513812323101 4081.3106194958091 789.9352435846813 4701.0120505809318 9059.0784765207209 3973.1978184834588 1991.1148166731 4535.2421786233317 6028.6139468834735 454.56174213439226
leaf_count=67563 59768 30492 95395 22279 8982 13097 5251 6281 25172 48197 11181 2847 12502 15606 834
internal_value=0.000103588 0.000890847 -0.000643855 0.00189552 -0.00388792 -0.00162674 -0.00485659 -0.00895633 7.35083e-05 -0.00277492 0.00463185 0.00938957 0.00309381 0.00353011 0.0029808
internal_weight=122583 84267.4 59757.1 33517.4 26239.7 38315.1 13210.2 8674.37 25104.9 13760.1 24510.3 5964.31 18545.9 11344.8 4535.87
internal_count=425447 251241 194219 89842 104377 174206 72134 66049 102072 73369 57022 14028 42994 28703 6085
is_linear=0
shrinkage=0.03


Tree=225
num_leaves=16
num_cat=0
split_feature=14 17 17 19 20 17 14 28 1 14 5 13 23 28 10
split_gain=185.221 256.355 333.808 244.431 233.812 212.082 180.896 173.813 97.4146 74.7174 81.1872 59.5821 24.1519 37.9519 21.2957
threshold=185965.20454545456 0.039001181721687324 0.059137627482414253 109415584.50000001 9569.5000000000018 0.11827412620186807 9111387.7875000015 10558699.34320513 115.50000000000001 64525.439516129038 1.5187529301453355 0.65173332102169923 1.3028844430948212 1227.6155808765036 3.077651515151516
decision_type=2 2 2 2 2 2 2 2 2 2 2 2 2 2 2
left_child=8 3 6 7 -5 -4 -3 -2 9 10 -1 -11 13 -10 -14
right_child=1 2 5 4 -6 -7 -8 -9 12 11 -12 -13 14 -15 -16
leaf_value=-0.0056258390765562697 0.00090896647180006645 0.0099928981874090831 -0.002166014353273041 -0.0076942160154821202 0.0017651029467652584 0.00094602458720389083 0.0021161335320574342 0.03222798174066191 0.013311283233898586 -0.0068335818941779383 0.015973604310472879 0.0057829479068380665 -0.018909912950913217 0.03286874570314139 0.014466303652673373
leaf_weight=186.69849237753078 5847.2309925134759 4629.6990018875804 29208.999846419436 10207.316053067218 3041.8157239542343 60511.212786007905 6084.4524068573955 149.10593822738156 259.09849284030497 556.14434627257288 745.17744231969118 805.20219726441428 18.026046361774206 171.60890189930797 20.695731464773417
leaf_count=514 20854 9952 115529 43219 7438 206623 16505 397 349 1254 1047 1560 63 125 18
internal_value=0.000100554 -7.69356e-05 0.000530725 -0.00324757 -0.00552069 -6.69784e-05 0.00553178 0.00177122 0.0077592 0.00512008 0.011594 0.000588678 0.020032 0.0220149 -0.00145443
internal_weight=122442 119680 100434 19245.5 13249.1 89720.2 10714.2 5996.34 2762.65 2293.22 931.876 1361.35 469.429 430.707 38.7218
internal_count=425447 420517 348609 71908 50657 322152 26457 21251 4930 4375 1561 2814 555 474 81
is_linear=0
shrinkage=0.03


Tree=226
num_leaves=16
num_cat=0
split_feature=5 14 13 14 13 14 15 27 14 13 17 2 12 15 18
split_gain=180.931 189.016 360.724 272.102 234.739 218.281 171.281 131.478 192.316 113.222 108.745 75.1213 33.7962 34.1258 24.0565
threshold=0.23222109875294913 1815890.027777778 19.469296287487417 8400048.833333334 6.0031452362226041 1467213.6111111112 -0.33771929824561397 41147176.207567409 16747758.208333334 1336.6044085135838 0.11827412620186807 2.5949163449163453 39.500000000000007 0.90454545454545465 989.50000000000011
decision_type=2 2 2 2 2 2 2 2 2 2 2 2 2 2 2
left_child=7 4 6 -4 5 -2 -3 12 11 -10 -6 -9 14 -14 -1
right_child=1 2 3 -5 10 -7 -8 8 9 -11 -12 -13 13 -15 -16
leaf_value=-0.014624844464887314 0.0011382315356934065 -0.032569270845572554 0.0032953168788647427 -0.00058754328383869706 0.004217549102571631 -0.019594776987064275 -0.0054242301358320968 -0.021309330870947454 -0.02818636998899637 0.0014528193042805458 0.011791613986062266 0.038534505903185905 -0.028768976056750648 0.0021895123778388529 0.026434752008073652
leaf_weight=11.459465712774547 9604.5366191156209 200.76640006899834 20739.744350636378 74689.327480509877 4328.5136543083936 464.7926471568644 8539.897997200489 11.953844460891558 190.93901663587894 258.31689960299991 2852.7853958085179 99.653588488698006 386.58995530405082 30.671632491052151 10.397550186142324
leaf_count=391 21092 2180 57137 279665 10069 1638 27186 549 4869 4873 5306 241 10177 40 34
internal_value=9.7931e-05 0.00020359 -0.000277964 0.000256396 0.00311096 0.000150514 -0.00610589 -0.0125153 -0.00266355 -0.0115833 0.00724884 0.0301226 -0.0245287 -0.0264269 0.00690268
internal_weight=122420 121420 104170 95429.1 17250.6 10069.3 8740.66 999.982 560.863 449.256 7181.3 111.607 439.119 417.262 21.857
internal_count=425447 404273 366168 336802 38105 22730 29366 21174 10532 9742 15375 790 10642 10217 425
is_linear=0
shrinkage=0.03


Tree=227
num_leaves=16
num_cat=0
split_feature=26 14 13 14 27 11 15 18 29 12 29 26 11 14 19
split_gain=176.21 211.331 619.297 410.662 213.91 199.815 218.989 168.646 160.338 294.69 159.844 148.377 200.187 130.159 97.698
threshold=0.083040880838132519 17629732.625000004 86.626011356288672 3334412.0075757583 67508672.843015239 85.500000000000014 0.61250000000000016 1480.0000000000002 6474498.5588162588 53.500000000000007 46875851.951666228 0.02508797126848715 89.500000000000014 30560858.340909097 835604227.50000012
decision_type=2 2 2 2 2 2 2 2 2 2 2 2 2 2 2
left_child=8 2 3 -2 -4 7 -7 -3 11 10 -10 12 -1 -13 -11
right_child=1 5 4 -5 -6 6 -8 -9 9 14 -12 13 -14 -15 -16
leaf_value=0.0085190272293002578 0.0017216209186433538 0.002382099655521414 0.004478944048326796 -0.0041126387329846262 0.01528584451454584 -0.0048066853822370248 0.00020442529352994763 -0.010266022226336376 0.0040559094770133176 0.026400877936426165 -0.030191166588474393 0.0052316044513513928 -0.020265264640693798 -0.0013620936478830783 0.0028143124577074468
leaf_weight=332.47444388200529 22704.720654762117 11771.410750766052 15473.133535003639 20777.689571256633 1838.5233708461747 22091.775986257009 12149.931257471442 1016.4441644451581 926.92674503591843 845.02606656495482 125.99626525584608 7318.088417329127 573.21160943922587 4241.5311747016385 201.93504000455141
leaf_count=958 59098 39781 45185 73178 3089 141702 18045 3976 2976 1563 634 16445 2514 15781 522
internal_value=9.47238e-05 -0.000323547 0.000844201 -0.001066 0.00564062 -0.00183349 -0.00302841 0.00136357 0.00319032 0.0108325 -0.000380619 0.00188905 -0.00969942 0.00281098 0.0219838
internal_weight=122389 107824 60794.1 43482.4 17311.7 47029.6 34241.7 12787.9 14565.2 2099.88 1052.92 12465.3 905.686 11559.6 1046.96
internal_count=425447 384054 180550 132276 48274 203504 159747 43757 41393 5695 3610 35698 3472 32226 2085
is_linear=0
shrinkage=0.03


Tree=228
num_leaves=16
num_cat=0
split_feature=5 15 0 14 14 3 10 28 30 13 12 0 30 29 9
split_gain=178.747 217.741 250.413 798.493 637.841 185.302 226.986 277.496 230.117 177.504 138.862 133.842 110.89 97.9208 52.5462
threshold=3.2994252873563221 0.51923076923076927 123308941.00000001 19643848.600000005 7745007.2782805441 2.5724789915966393 2.0204081632653073 2328454.9235774498 5.5000000000000009 1480.3656819647133 38.500000000000007 228689772.00000003 22.500000000000004 7982.9031520438557 115.50000000000001
decision_type=2 2 2 2 2 2 2 2 2 2 2 2 2 2 2
left_child=1 2 4 -4 -1 9 7 -7 -8 10 -2 13 -13 -3 -11
right_child=5 11 3 -5 -6 6 8 -9 -10 14 -12 12 -14 -15 -16
leaf_value=-0.00093324237110532825 0.028923214033692544 0.011898451712648571 0.0081042587020274809 -0.0024972321692089535 -0.010610002451525298 0.0019229833350648652 0.013695870020324085 -0.015083080056989794 0.0010048695259544476 -0.034459153517234768 -0.005680534439444938 0.0028797425904947237 -0.0029338376961298902 0.0032112641138099295 0.0101542224387821
leaf_weight=24377.698968584184 96.449621176347136 1321.6976169589907 8729.569587374106 23770.934626330389 8180.5484302433906 26278.955153145827 2950.4986807648093 877.68280519265682 2284.32388449274 220.02397461608052 1622.742306294851 5355.6692158542573 6541.8175634741783 9683.8837320283055 18.720436671748757
leaf_count=80590 216 1609 20187 136204 49494 76657 8235 4332 8781 1672 6592 7413 10491 12929 45
internal_value=9.19502e-05 -0.000624483 -0.00151028 0.000351809 -0.0033693 0.00192693 0.00247031 0.00136423 0.0081823 -0.00699774 -0.00348852 0.00188977 -0.000313998 0.00427204 -0.0304492
internal_weight=122311 87961.8 65058.8 32500.5 32558.2 34349.4 32391.5 27156.6 5234.82 1957.94 1719.19 22903.1 11897.5 11005.6 238.744
internal_count=425447 318917 286475 156391 130084 106530 98005 80989 17016 8525 6808 32442 17904 14538 1717
is_linear=0
shrinkage=0.03


Tree=229
num_leaves=13
num_cat=0
split_feature=4 29 15 15 5 21 10 11 6 26 1 1
split_gain=178.63 235.175 175.757 176.568 169.408 144.529 204.54 114.088 149.144 97.8581 62.2967 50.8847
threshold=0.456832298136646 1172.6610817070739 -0.74166666666666659 -0.70714285714285696 2.8839743589743594 94.500000000000014 3.7749287749287759 100.50000000000001 0.59731240981240996 1.0485472371018962 51167.500000000007 244.50000000000003
decision_type=2 2 2 2 2 2 2 2 2 2 2 2
left_child=1 5 -2 10 -5 11 -7 9 -9 -3 -4 -1
right_child=2 7 3 4 -6 6 -8 8 -10 -11 -12 -13
leaf_value=0.010273335457828542 -0.030532512209676978 -0.012344217574022641 0.072645442968580803 -0.00058418657280557337 0.0017528246848867166 -0.0010240646345146798 0.031724407866280772 -0.020848341596188719 0.015830471308041199 0.0075288397707339713 -0.0085326473686928896 -0.022532117399786618
leaf_weight=44.570884125307202 151.42047126567923 505.06633334187791 25.763724345713854 74220.90990898665 44717.749930715188 413.23313037934713 275.49222148675472 1202.7245318767382 96.95702622924 375.33661126694642 6.3057068586349478 165.33640670403838
leaf_count=238 2084 3146 36 266714 137425 2003 981 8892 301 1948 79 1600
internal_value=8.9259e-05 -0.00702729 0.0002743 0.000317606 0.000294325 0.00579641 0.0124298 -0.0123304 -0.0179399 -0.00385416 0.0584138 -0.0152124
internal_weight=122201 3078.72 119122 118971 118939 898.633 688.725 2180.08 1299.68 880.403 32.0694 209.907
internal_count=425447 19109 406338 404254 404139 4822 2984 14287 9193 5094 115 1838
is_linear=0
shrinkage=0.03


Tree=230
num_leaves=12
num_cat=0
split_feature=15 15 15 15 0 14 2 18 18 28 17
split_gain=174.073 177.489 182.308 271.009 147.311 101.464 63.8328 58.7944 138.935 118.594 115.863
threshold=-0.65833333333333321 -0.54195804195804176 -0.48979591836734687 -0.29772727272727267 46278499.000000007 71945657.583333343 33.205555555555563 150.50000000000003 255.50000000000003 4801.927545409847 0.13826865702867511
decision_type=2 2 2 2 2 2 2 2 2 2 2
left_child=7 5 4 -4 -3 6 -2 -1 10 -10 -9
right_child=1 2 3 -5 -6 -7 -8 8 9 -11 -12
leaf_value=-0.030079479739760679 0.026437681590456643 -0.01834709768022114 0.0086562660781645592 6.4657033200335548e-05 -0.0034189339005222751 -0.024804925685511285 -0.022625796130311526 0.038716128845976243 0.01757893450439333 -0.023890775424624807 -0.021627692420586903
leaf_weight=162.54414619796444 369.0024875998497 728.37537796737161 3388.2763898894191 113907.17428756598 3077.875356019591 30.051187943667173 13.694419473409651 71.289375351509079 62.591132511384785 348.90066925273277 30.503228281391785
leaf_count=2780 491 7125 4591 375274 28704 204 63 507 257 4979 472
internal_value=8.66915e-05 0.000172286 0.000103887 0.000314171 -0.00634429 0.0194633 0.0238194 -0.0149294 -0.00935715 -0.0171162 0.0199213
internal_weight=122190 121514 121102 117295 3806.25 412.748 382.697 675.829 513.284 411.492 101.793
internal_count=425447 416452 415694 379865 35829 758 554 8995 6215 5236 979
is_linear=0
shrinkage=0.03


Tree=231
num_leaves=9
num_cat=0
split_feature=5 17 17 17 2 13 24 14
split_gain=175.218 172.018 295.54 299.784 227.355 345.358 219.726 124.981
threshold=1.0000000180025095e-35 1.0000000180025095e-35 0.069544728845357909 0.11787210404872896 12.396428571428574 1179.095619583577 0.2058683331895246 7111121.3125000009
decision_type=2 2 2 2 2 2 2 2
left_child=-1 4 6 -4 5 -2 -3 -6
right_child=1 2 3 -5 7 -7 -8 -9
leaf_value=-0.028054603699822944 -0.0060422790680263868 -0.0029751172397268788 -0.0029341151018339329 0.0010238195892285223 0.0077756850569261687 0.0089442579192743725 0.0059181436106207725 -0.0012225532058679418
leaf_weight=183.8351313326275 12781.578214798588 3048.9924614969641 23906.567986399867 61489.155762443785 2439.35607608594 1536.8880178737454 13584.068493623286 3182.6863441318274
leaf_count=14563 50264 9212 93338 202109 4033 6565 36589 8774
internal_value=8.38413e-05 0.000129943 0.000628319 -8.41753e-05 -0.00241713 -0.00442391 0.00428491 0.00268669
internal_weight=122153 121969 102029 85395.7 19940.5 14318.5 16633.1 5622.04
internal_count=425447 410884 341248 295447 69636 56829 45801 12807
is_linear=0
shrinkage=0.03


Tree=232
num_leaves=16
num_cat=0
split_feature=14 17 17 2 28 11 3 8 3 23 27 23 17 18 22
split_gain=171.51 237.117 295.551 234.726 257.911 201.944 178.053 112.15 75.8325 64.2704 108.003 73.6 63.6437 52.9629 48.9281
threshold=185965.20454545456 0.039001181721687324 0.059137627482414253 2.7327380952380955 964757.89477009943 104.50000000000001 3.4396969696969699 96.009683147178393 4.4014925373134339 0.71000136174323691 293839.93763770856 1.1068577144385716 0.24668776988983157 506.50000000000006 288.50000000000006
decision_type=2 2 2 2 2 2 2 2 2 2 2 2 2 2 2
left_child=8 3 6 7 -5 -4 -3 -2 9 10 -1 -11 13 -10 -14
right_child=1 2 5 4 -6 -7 -8 -9 12 11 -12 -13 14 -15 -16
leaf_value=-0.023303307510292713 -0.017251822502238418 -0.0035043233744816416 0.00074712012866811445 -0.0029424818261797317 0.013894087005592574 -0.0025589659161566938 0.0069248679782378574 0.0039926981786491391 0.0064758940104538525 0.018734576691368451 0.012219413436701063 -0.004840191782614584 0.0094180618680877338 0.016598082305978829 -0.037021228414826142
leaf_weight=200.88275768700987 1392.4388323399471 1750.2064972983208 67455.037212983938 16694.004972431576 845.815569229424 22050.859724899055 8926.0058969547972 257.33313569030724 997.47934807278216 213.60954536497593 106.83062230842188 235.89576898515224 26.753945285454392 938.58029722236097 30.463349524885416
leaf_count=688 10099 6580 228801 56565 3591 93351 19877 1653 1597 361 223 641 41 1263 116
internal_value=8.12489e-05 -8.96027e-05 0.000495442 -0.00314348 -0.00211769 -6.73313e-05 0.00520983 -0.0139139 0.00746733 -0.000574402 -0.010883 0.00654141 0.0105187 0.0114883 -0.0174455
internal_weight=122122 119372 100182 19189.6 17539.8 89505.9 10676.2 1649.77 2750.5 757.219 307.713 449.505 1993.28 1936.06 57.2173
internal_count=425447 420517 348609 71908 60156 322152 26457 11752 4930 1913 911 1002 3017 2860 157
is_linear=0
shrinkage=0.03


Tree=233
num_leaves=9
num_cat=0
split_feature=5 14 0 0 14 14 5 0
split_gain=169.485 164.729 467.685 433.058 518.835 331.337 175.567 123.445
threshold=1.0000000180025095e-35 2303145.1597222225 12000974.500000002 35844920.000000007 6663230.2250000006 968726.70000000007 0.58174245053800777 109559049.00000001
decision_type=2 2 2 2 2 2 2 2
left_child=-1 2 5 6 -5 -2 -3 -4
right_child=1 3 7 4 -6 -7 -8 -9
leaf_value=-0.027973708361967737 0.0028979984280671643 -0.024067375717795384 0.010686082282150856 0.0067598015369649813 -0.0004721357707125805 -0.0066843200402301262 -0.0050467573864935132 -0.01549064228347259
leaf_weight=178.51759008213412 9947.0033265035599 441.92146287951618 5476.1899199709296 10037.042895752005 79811.175723288674 4803.2275193799287 11247.407535827719 153.43565511330962
leaf_count=14563 21330 3646 10359 22212 296032 15014 41966 325
internal_value=7.88259e-05 0.000123584 0.00258415 -0.000370296 0.000336412 -0.000223952 -0.00579833 0.00992805
internal_weight=122096 121917 20379.9 101538 89848.2 14750.2 11689.3 5629.63
internal_count=425447 410884 47028 363856 318244 36344 45612 10684
is_linear=0
shrinkage=0.03


Tree=234
num_leaves=14
num_cat=0
split_feature=15 4 14 17 27 28 27 20 4 15 15 1 1
split_gain=167.618 171.345 165.569 333.2 273.855 148.626 119.948 83.2955 59.9996 67.5651 225.635 47.6088 25.7018
threshold=-0.65833333333333321 4.5519814719505929 132243467.50000001 0.084781855344772353 79183091.531378254 1035893.6794955595 865287698.9786936 931.00000000000011 3.2614510489510491 -0.74166666666666659 -0.70714285714285696 163959.00000000003 176730.00000000003
decision_type=2 2 2 2 2 2 2 2 2 2 2 2 2
left_child=8 2 4 -4 -2 6 -3 -7 9 -1 -11 -10 -13
right_child=1 5 3 -5 -6 7 -8 -9 11 10 -12 12 -14
leaf_value=-0.0285667220426612 -0.00086410724307862063 0.0033680499507780996 0.0027276621350837207 -0.011056599324526545 0.0031809460464475936 -0.001699819392673546 0.039907664995877272 -0.016349909473441195 -0.031483196398641944 0.061438604265062785 -0.0098380916043593752 0.032768497353075791 -0.012264716878245071
leaf_weight=94.878623839933425 74430.415291066631 18841.612563591218 2791.3072087564506 3593.7712248712778 18868.840951116406 2394.1562851152848 66.503976911306381 396.41052408795804 198.31469271448441 30.246797561645508 327.05177088372875 6.8340735081583288 10.762353382073341
leaf_count=1422 240833 57949 17453 24168 63534 10698 101 1716 2775 83 4480 21 214
internal_value=7.62221e-05 0.000159843 -0.000365864 -0.0050337 -4.53344e-05 0.00257492 0.00352969 -0.0038679 -0.0147425 -0.00797151 -0.00149137 -0.0273539 0.0113357
internal_weight=122051 121383 99684.3 6385.08 93299.3 21698.7 18908.1 2790.57 668.088 452.177 357.299 215.911 17.5964
internal_count=425447 416452 345988 41621 304367 70464 58050 12414 8995 5985 4563 3010 235
is_linear=0
shrinkage=0.03


Tree=235
num_leaves=16
num_cat=0
split_feature=26 4 6 17 13 14 18 29 12 29 18 14 17 1 5
split_gain=165.307 216.59 289.351 217.271 339.891 317.228 165.676 150.566 280.52 149.707 142.751 138.175 120.214 92.1225 76.7506
threshold=0.083040880838132519 6.6975214198286421 0.53957811194653316 0.039001181721687324 2076.6563564927828 17629732.625000004 31.500000000000004 6474498.5588162588 53.500000000000007 46875851.951666228 1606.0000000000002 32145309.950000003 0.22182358056306842 13045.500000000002 2.8839743589743594
decision_type=2 2 2 2 2 2 2 2 2 2 2 2 2 2 2
left_child=7 3 6 4 -2 -5 -3 10 9 -9 11 -1 -4 -10 -12
right_child=1 2 12 5 -6 -7 -8 8 13 -11 14 -13 -14 -15 -16
leaf_value=0.0032487940934086881 -0.0049934826408246421 -0.0089620281260451139 0.0117408733263535 0.001724887203502046 0.010819367683365411 -0.0019171720908891276 0.0057442406026227515 0.0038451879070767912 0.00053091125882157757 -0.029356057054779776 0.004960005566599212 -0.0036715206755948133 0.031929653082958989 0.025205479797480296 0.020427061319426339
leaf_weight=7182.146545327967 15415.523663673317 994.89826298994012 984.55072470894083 45245.52656561695 1313.6577812379692 41025.982046931167 2155.5603854705114 926.29006056301296 164.4007110754028 125.4406317062676 705.123116414994 4045.5011106177699 372.55756960529834 877.93934311717749 498.89876297675073
leaf_count=17208 58047 4195 2349 129597 5313 176431 7491 2976 547 634 1502 16255 631 1538 733
internal_value=7.39824e-05 -0.000331765 0.00609337 -0.000614083 -0.00374141 -6.7603e-06 0.00107014 0.00307632 0.0104922 -0.000443735 0.00181358 0.000751054 0.0175935 0.0214049 0.011566
internal_weight=122034 107508 4507.57 103001 16729.2 86271.5 3150.46 14525.7 2094.07 1051.73 12431.7 11227.6 1357.11 1042.34 1204.02
internal_count=425447 384054 14666 369388 63360 306028 11686 41393 5695 3610 35698 33463 2980 2085 2235
is_linear=0
shrinkage=0.03


Tree=236
num_leaves=6
num_cat=0
split_feature=5 15 14 17 5
split_gain=164.3 162.566 161.441 185.563 68.9469
threshold=1.0000000180025095e-35 -0.74166666666666659 64525.439516129038 1.0000000180025095e-35 1.5187529301453355
decision_type=2 2 2 2 2
left_child=-1 -2 4 -4 -3
right_child=1 2 3 -5 -6
leaf_value=-0.027897599897051061 -0.030177689275213304 -0.0032547291008414346 -0.0026337689781593672 0.00056876999329304981 0.015766919634649466
leaf_weight=173.71770325663965 144.21536434069276 206.95655968785286 19387.005615842529 101277.07808692148 820.0630263928324
leaf_count=14563 2112 473 68676 338483 1140
internal_value=7.20836e-05 0.000115639 0.000155501 5.37085e-05 0.0119134
internal_weight=122009 121835 121691 120664 1027.02
internal_count=425447 410884 408772 407159 1613
is_linear=0
shrinkage=0.03


Tree=237
num_leaves=16
num_cat=0
split_feature=4 5 10 7 8 14 15 28 14 10 5 5 1 12 1
split_gain=162.621 176.559 264.079 214.848 205.495 199.952 168.249 195.041 299.969 180.148 144.978 119.367 82.7742 192.604 35.421
threshold=1.4080290010741141 1.2251760563380285 2.6671408250355628 12.105404077926897 87.15734846299695 2805202.7083333335 0.09232954545454547 597455.91889167321 63164003.975000009 3.6375661375661386 1.7951631701631705 0.10102040816326532 5675.5000000000009 45.500000000000007 4499.5000000000009
decision_type=2 2 2 2 2 2 2 2 2 2 2 2 2 2 2
left_child=6 2 3 -2 10 -6 7 9 -9 -1 -3 -4 14 -14 -8
right_child=1 4 11 -5 5 -7 12 8 -10 -11 -12 -13 13 -15 -16
leaf_value=-0.0078645740170420145 -0.0030228524600990066 -0.0051502860365959715 -0.026531671915072434 -0.018481480293701159 0.0035805570205837407 -7.2980498887726373e-05 0.0042723964010193344 0.010650909245976746 -0.012017075676127292 0.011544299621469753 0.0089076604753977034 0.010504216225866458 -0.027802085445054258 0.00068694517251259341 0.014953752029801193
leaf_weight=8273.2608364045154 11656.877421945333 764.33439677860588 67.927912488696165 856.83745157672092 16669.778217736632 70142.572271651588 2137.8443815018982 1524.4438932854682 782.41691935202107 439.84224860812537 4367.8996092556044 1554.1518818326294 221.03172482550144 2221.8015531301498 315.77497575432062
leaf_count=44515 51858 3033 4730 5063 36559 231919 2822 8343 10081 3107 13911 5386 547 3290 283
internal_value=6.97072e-05 0.000494324 -0.00262478 -0.00410459 0.00097454 0.000628727 -0.00275622 -0.00481098 0.00292173 -0.00686321 0.0067993 0.00870605 0.00186269 -0.00203253 0.00574172
internal_weight=121997 106080 14135.8 12513.7 91944.6 86812.4 15916.4 11020 2306.86 8713.1 5132.23 1622.08 4896.45 2442.83 2453.62
internal_count=425447 352459 67037 56921 285422 268478 72988 66046 18424 47622 16944 10116 6942 3837 3105
is_linear=0
shrinkage=0.03


Tree=238
num_leaves=13
num_cat=0
split_feature=4 12 15 26 17 29 12 2 12 15 5 18
split_gain=161.721 220.331 156.607 153.996 203.435 158.015 104.197 98.0749 94.0098 91.6948 70.1987 50.4155
threshold=0.456832298136646 70.500000000000014 -0.74166666666666659 0.083040880838132519 0.039001181721687324 6474498.5588162588 39.500000000000007 2.3357843137254908 72.500000000000014 0.44671201814058964 4.3689931350114426 1.0000000180025095e-35
decision_type=2 2 2 2 2 2 2 2 2 2 2 2
left_child=1 6 -2 5 -5 -4 7 -1 11 -8 -10 -3
right_child=2 8 3 4 -6 -7 9 -9 10 -11 -12 -13
leaf_value=-0.021266673887565236 -0.029990732984815121 0.048107141099475052 0.0018942335790773407 -0.0031270528721493874 0.00046468928286591581 0.010842346064024682 -0.014456230292733057 0.033881021920511095 -0.0029164876356415625 -0.0019203501187007631 0.03034007617511944 -0.010341436401320254
leaf_weight=29.624677350977436 138.97476551122963 72.179281566757709 12279.584654070437 16924.500677517732 87482.208269330324 2066.9357281634584 1849.4881053101271 77.227843491826206 213.44481691485271 746.23840090632439 61.370225438848138 9.1809178045950812
leaf_count=347 2084 148 34691 62258 301886 5419 15972 213 1084 1143 112 90
internal_value=6.74574e-05 -0.00672626 0.000243319 0.000282737 -0.000117616 0.00319548 -0.00966653 0.0176094 0.0149921 -0.0108956 0.00559261 0.0406172
internal_weight=121951 3058.75 118892 118753 104407 14346.5 2702.58 106.853 356.175 2595.73 274.815 81.3602
internal_count=425447 19109 406338 404254 364144 40110 17675 560 1434 17115 1196 238
is_linear=0
shrinkage=0.03


Tree=239
num_leaves=9
num_cat=0
split_feature=5 15 15 0 26 5 0 26
split_gain=157.125 156.742 247.166 287.551 176.59 129.367 132.912 85.5105
threshold=1.0000000180025095e-35 -0.48979591836734687 -0.29772727272727267 460012029.50000006 0.083040880838132519 0.92031746031746042 345654995.00000006 4.0824390873314558
decision_type=2 2 2 2 2 2 2 2
left_child=-1 5 3 -3 -4 7 -7 -2
right_child=1 2 4 -5 -6 6 -8 -9
leaf_value=-0.027786002334789024 -0.026714146048775412 0.017307456445341769 0.0033279379995012578 -0.00017732663246403172 -0.00034291418607357787 -0.0085548225527179531 0.0017495654175940071 0.019454187925208061
leaf_weight=167.02047733985819 326.31724810833111 1630.1747281737626 13352.186645274051 1736.2314865216613 100195.46442699712 2394.2436869256198 2100.5907707377337 28.840079001151025
leaf_count=14563 5320 1528 35058 3063 326963 20897 17840 215
internal_value=6.55437e-05 0.000107411 0.000327163 0.00831999 8.88635e-05 -0.00516844 -0.00374277 -0.0222476
internal_weight=121931 121764 116914 3366.41 113548 4849.99 4494.83 355.157
internal_count=425447 410884 366612 4591 362021 44272 38737 5535
is_linear=0
shrinkage=0.03


Tree=240
num_leaves=16
num_cat=0
split_feature=14 27 15 14 13 15 3 17 17 31 1 13 31 1 3
split_gain=155.692 386.376 313.985 250.869 386.803 310.515 206.249 193.718 660.325 245.53 222.479 281.341 209.713 175.912 165.694
threshold=37989986.51282052 57959076.018753327 0.32051282051282054 14470667.66134752 86.626011356288672 0.44671201814058964 2.4653167602245394 0.084781855344772353 0.11746063828468324 0.0939039811625169 12394.500000000002 578.88902941683671 0.025987012987012992 7054.5000000000009 7.0059523809523823
decision_type=2 2 2 2 2 2 2 2 2 2 2 2 2 2 2
left_child=1 3 6 4 -1 -5 -3 10 13 -10 11 -2 -12 -9 -4
right_child=7 2 14 5 -6 -7 -8 8 9 -11 12 -13 -14 -15 -16
leaf_value=-0.00040797746660380118 -0.016462196393387949 -0.0094421800963180209 -0.0057068639954667068 -0.0057351032918187246 0.0053719389309904927 0.0027561496098627335 0.010752464418788006 -0.0031659748661318952 -0.000296840720455289 -0.0097809337785562285 -0.0031002516954037 0.0035563204893418149 0.0072819192282984925 -0.024245234101899087 0.0071158614199737253
leaf_weight=45958.636657195631 1210.9591431992594 473.79465374501888 2476.7435420900583 12588.562289093737 13457.648305043229 5581.1382091939449 7022.5443558783736 470.0214171661064 17404.400279821595 2847.1773178032599 2531.3566136299632 1290.9286125939107 5591.3149343172554 1574.5655949315988 1410.3215144500136
leaf_count=135249 7664 3815 3979 58997 38431 7285 20384 2752 73580 16853 13433 7059 24669 9639 1658
internal_value=6.34863e-05 0.000715936 0.00587345 -4.13771e-05 0.000901681 -0.0031251 0.00945579 -0.00169839 -0.00328672 -0.00163795 0.0016319 -0.00616145 0.00404297 -0.0194723 -0.00103731
internal_weight=121890 88969.4 11383.4 77586 59416.3 18169.7 7496.34 32920.7 22296.2 20251.6 10624.6 2501.89 8122.67 2044.59 3887.07
internal_count=425447 269798 29836 239962 173680 66282 24199 155649 102824 90433 52825 14723 38102 12391 5637
is_linear=0
shrinkage=0.03


Tree=241
num_leaves=16
num_cat=0
split_feature=31 1 15 14 5 10 11 17 14 27 29 1 14 20 29
split_gain=154.427 252.105 513.391 563.783 238.856 353.41 319.201 236.098 341.333 259.996 211.801 302.237 147.7 129.222 77.8501
threshold=0.0057197382769901862 2593.5000000000005 0.25833333333333336 8754962.7647058833 2.5816067653276962 3.077651515151516 123.50000000000001 1.0000000180025095e-35 17629732.625000004 10780756.85399805 143323.33943055425 1334.5000000000002 139897726.8269231 472.50000000000006 10724.386513015272
decision_type=2 2 2 2 2 2 2 2 2 2 2 2 2 2 2
left_child=4 2 3 -2 5 6 -1 9 -9 -3 11 -6 -12 -7 -4
right_child=1 7 14 -5 10 13 -8 8 -10 -11 12 -13 -14 -15 -16
leaf_value=-0.0026432243545042367 -0.0022739449209692288 0.012507071811474736 0.0097541983247072129 -0.012716578444623147 0.0058183115555390328 0.0071608889848470266 0.011479764964677961 0.0062405815298767556 -0.0001487369793028329 -0.0088540387009016681 0.0090253050387733551 -0.0030630809336834332 -0.0062223634527895635 0.026236417191824721 0.002154950823549928
leaf_weight=19982.037424169248 17792.904477441334 579.8447562456131 1440.3318997565657 6295.2048184142914 7136.1863968838006 1003.6544427741319 1536.7569094882347 10011.715149400407 30124.226159894606 3723.6613115334185 6963.1136440169066 6642.5128788053989 610.04001133423299 471.45047771278769 7521.442215256393
leaf_count=70785 65325 1181 1913 40574 16359 5536 4452 26099 122134 15691 16800 23461 3085 1682 10370
internal_value=6.13469e-05 -0.000746344 -0.00273015 -0.00501049 0.00147315 -0.000647387 -0.00162595 0.000728774 0.00144604 -0.0059355 0.00375702 0.00153587 0.00778323 0.0134804 0.0033939
internal_weight=121835 77489.3 33049.9 24088.1 44345.8 22993.9 21518.8 44439.4 40135.9 4303.51 21351.9 13778.7 7573.15 1475.1 8961.77
internal_count=425447 283287 118182 105899 142160 82455 75237 165105 148233 16872 59705 39820 19885 7218 12283
is_linear=0
shrinkage=0.03


Tree=242
num_leaves=15
num_cat=0
split_feature=14 13 1 30 1 14 1 18 0 14 6 15 2 0
split_gain=153.876 227.313 180.484 171.905 392.188 235.79 139.352 134.073 110.691 136.484 94.4572 87.4423 50.6475 48.9925
threshold=252619.18750000003 1.6063427322740904 177.50000000000003 3.5000000000000004 221.50000000000003 320469932.72727281 293.50000000000006 641.50000000000011 1265340.0000000002 64525.439516129038 0.43847632780581597 -0.33771929824561397 4.2189640410958917 11507080.500000002
decision_type=2 2 2 2 2 2 2 2 2 2 2 2 2 2
left_child=8 2 7 5 -5 -3 -4 -2 9 12 -11 -10 -1 -13
right_child=1 3 6 4 -6 -7 -8 -9 11 10 -12 13 -14 -15
leaf_value=-0.00042020439977715938 -0.036020057191749874 0.0017349863077454793 0.017747686521460544 -0.0075693929302444903 -0.00016666273394513555 -0.016277568081404934 -0.022401005619045754 -0.010701353256658299 -0.028923105593883908 -0.011212706250862981 0.0049941772663147626 0.01519573237640086 0.015097845402055866 -0.013572399333895549
leaf_weight=257.2433964163065 309.06582113634795 44049.693149916944 230.88841616734862 7133.5548154382268 65182.99879087822 648.73763380851597 98.934537077322602 507.96869382634759 29.860416528303176 738.4335096902214 552.57885168865323 1295.1341594643891 656.95855492912233 43.316305804997683
leaf_count=644 1124 144245 394 24938 241182 5223 325 1411 185 2070 953 1741 916 96
internal_value=5.97157e-05 -0.000125882 -0.0133301 4.96717e-06 -0.000898727 0.00146751 0.00516701 -0.0207916 0.0061799 0.00197607 -0.00427518 0.0128384 0.0107627 0.0141024
internal_weight=121735 118162 1146.86 117015 72316.6 44698.4 329.823 817.035 3573.53 2205.21 1291.01 1368.31 914.202 1338.45
internal_count=425447 418842 3254 415588 266120 149468 719 2535 6605 4583 3023 2022 1560 1837
is_linear=0
shrinkage=0.03


Tree=243
num_leaves=16
num_cat=0
split_feature=5 15 15 0 26 0 5 0 1 29 26 13 12 22 17
split_gain=154.467 152.298 232.489 283.131 168.52 149.838 140.261 126.797 100.593 87.3236 72.4193 40.9972 34.0966 25.0799 21.1506
threshold=0.23222109875294913 -0.48979591836734687 -0.29772727272727267 635216831.50000012 0.083040880838132519 152100878.50000003 0.92031746031746042 46278499.000000007 8627.5000000000018 3114243.5151148359 0.42932259571341574 68.964013568039931 39.500000000000007 1319.0000000000002 0.041201924905180938
decision_type=2 2 2 2 2 2 2 2 2 2 2 2 2 2 2
left_child=5 6 3 -3 -4 12 11 -8 10 -10 -7 -2 14 -14 -1
right_child=1 2 4 -5 -6 8 7 -9 9 -11 -12 -13 13 -15 -16
leaf_value=0.024048794429401766 -0.0070360543901240068 0.015894143007737876 0.0033083016905754085 -0.0016720996376371085 -0.00028518630780875509 -0.016846682069829162 -0.014824105385418092 -0.001368714999793302 -0.026123295208313833 0.0039590992792184736 0.02195808672718931 -0.031253238883597594 -0.029121998356480317 0 -0.014290619308498807
leaf_weight=11.46042386069894 106.90952214039862 1860.0839370265603 13304.100689230487 1465.9672545231879 99337.277765009552 42.873431145679206 745.9621170591563 3736.1295463065617 165.24393243947998 158.11741314851679 178.10576363489963 211.17794875986874 364.9239346467657 26.809443982318044 10.751094347564502
leaf_count=146 1276 1825 34806 2711 321341 1098 6592 32145 3472 2185 2009 3577 11539 338 387
internal_value=5.75458e-05 0.000153705 0.000370972 0.00817004 0.000139359 -0.0118456 -0.00507382 -0.00365677 -0.00130139 -0.0118015 0.0137099 -0.0238873 -0.0251111 -0.0271421 0.00640507
internal_weight=121726 120768 115967 3326.05 112641 958.285 4800.18 4482.09 544.341 323.361 220.979 318.087 413.945 391.733 22.2115
internal_count=425447 404273 360683 4536 356147 21174 43590 38737 8764 5657 3107 4853 12410 11877 533
is_linear=0
shrinkage=0.03


Tree=244
num_leaves=16
num_cat=0
split_feature=14 13 1 30 14 13 14 31 1 11 28 15 17 17 18
split_gain=154.697 369.009 236.888 264.125 245.59 192.276 309.759 156.159 213.942 147.024 120.621 98.5358 163.39 96.0104 43.7053
threshold=3652219.2500000005 19.469296287487417 917.50000000000011 1.0000000180025095e-35 17629732.625000004 6.45850885720664 1376570.0538461541 0.034150360520617332 99.500000000000014 106.50000000000001 39206.057834214436 0.44671201814058964 0.22576047480106357 1.0000000180025095e-35 971.50000000000011
decision_type=2 2 2 2 2 2 2 2 2 2 2 2 2 2 2
left_child=5 11 3 -3 -4 6 9 13 -9 -1 -8 12 -2 -7 -13
right_child=1 2 4 -5 -6 7 10 8 -10 -11 -12 14 -14 -15 -16
leaf_value=0.0027903952619871947 -0.016626687005939556 0.0015904329974041206 0.0028489098973731842 -0.0075097976363034018 -0.00071832795774057017 0.0015489657916346847 -0.01583125651360974 -0.0099685259308670403 0.0033238184017962695 -0.0069187994859332413 0.008777900530111904 0.0049230687418845695 -0.00051372695132886957 0.0089310802158583894 -0.0097671260505786013
leaf_weight=8056.4301710128784 2124.2178132450208 4625.9401735581923 25931.556705445633 7509.320542520145 52512.831362296944 2161.7983300134074 1459.6317459857091 1294.8346410165541 6461.935162376496 1683.4215233135037 192.71358996839263 501.63093565031886 776.97642624587752 6121.9732187006157 266.4870262183249
leaf_count=17156 9514 15840 75047 32727 217049 5969 5068 4687 19060 4921 586 631 3299 13428 465
internal_value=5.54935e-05 -0.000521394 -0.000142479 -0.00404066 0.00046084 0.00203777 -0.000939805 0.00415325 0.00108611 0.00110114 -0.0128899 -0.00982839 -0.0123466 0.00701448 -0.000224627
internal_weight=121682 94249 90579.6 12135.3 78444.4 27432.7 11392.2 16040.5 7756.77 9739.85 1652.35 3669.31 2901.19 8283.77 768.118
internal_count=425447 354572 340663 48567 292096 70875 27731 43144 23747 22077 5654 13909 12813 19397 1096
is_linear=0
shrinkage=0.03


Tree=245
num_leaves=16
num_cat=0
split_feature=4 29 14 0 0 14 14 15 21 10 14 11 6 23 1
split_gain=152.646 211.182 151.652 425.816 393.976 378.613 244.402 231.771 135.106 183.351 121.025 107.862 142.657 89.7126 48.1986
threshold=0.456832298136646 1172.6610817070739 2005537.9671052634 19835346.500000004 12000974.500000002 4677751.4692307701 599978.80000000016 0.44671201814058964 94.500000000000014 3.7749287749287759 384715.32142857148 100.50000000000001 0.59731240981240996 0.96803943996168629 244.50000000000003
decision_type=2 2 2 2 2 2 2 2 2 2 2 2 2 2 2
left_child=1 8 4 7 6 -5 -2 -4 14 -10 -6 13 -13 -3 -1
right_child=2 11 3 5 10 -7 -8 -9 9 -11 -12 12 -14 -15 -16
leaf_value=0.010033577326146756 0.0043354455992284857 -0.011608520338770271 -0.011950704609652852 0.0060655639440329711 -0.024793550319301545 -0.00039380035576067892 -0.0036382937675946423 0.0044755581345768914 -0.00082372115048094598 0.030240021334700287 0.011468807642357741 -0.020037278464940338 0.015952742183907305 0.0075192911801604942 -0.022052674391926739
leaf_weight=44.075477781938389 6826.116547182668 495.42074869712815 4000.3590939861024 9001.3441162605304 70.379776831716299 86641.202799222316 6982.9263800845947 946.00282713025808 408.84793614898808 275.81977442931384 4143.014483240433 1181.5615060810233 96.151589841581881 373.48811878426932 162.65587662882172
leaf_count=238 13931 3151 19214 21976 191 322205 20182 1235 2003 981 7404 8892 301 1943 1600
internal_value=5.36844e-05 -0.0065694 0.000224385 -0.000229528 0.00275756 0.000214661 0.00030156 -0.00879907 0.00561587 0.0120275 0.0107702 -0.0116472 -0.017152 -0.00336468 -0.0148605
internal_weight=121649 3038.02 118611 100589 18022.4 95642.5 13809 4946.36 891.399 684.668 4213.39 2146.62 1277.71 868.909 206.731
internal_count=425447 19109 406338 364630 41708 344181 34113 20449 4822 2984 7595 14287 9193 5094 1838
is_linear=0
shrinkage=0.03


Tree=246
num_leaves=7
num_cat=0
split_feature=15 15 5 6 15 1
split_gain=150.995 151.757 149.144 223.859 191.413 53.4753
threshold=-0.74166666666666659 -0.70714285714285696 3.2994252873563221 0.59122919334186952 0.51923076923076927 51167.500000000007
decision_type=2 2 2 2 2 2
left_child=-1 5 4 -4 -3 -2
right_child=1 2 3 -5 -6 -7
leaf_value=-0.029836910259197342 0.065181964118758373 -0.001425582435457992 -0.00038839645134385064 0.0045051722258765779 0.0017710310975596036 -0.0085403780526057613
leaf_weight=136.92286254523788 28.206422876566648 64457.485395003692 19248.08625042066 14914.482790742069 22808.138899782673 6.3028963245451441
leaf_count=2136 37 284692 68064 37997 32442 79
internal_value=5.20436e-05 8.96639e-05 6.79974e-05 0.00174817 -0.000589597 0.0526031
internal_weight=121600 121463 121428 34162.6 87265.6 34.5093
internal_count=425447 423311 423195 106061 317134 116
is_linear=0
shrinkage=0.03


Tree=247
num_leaves=9
num_cat=0
split_feature=5 15 15 15 0 4 18 1
split_gain=148.471 147.89 162.666 157.888 99.9218 59.7344 80.3182 47.6254
threshold=1.0000000180025095e-35 -0.65833333333333321 -0.54195804195804176 -0.48979591836734687 1141448355.0000002 3.2614510489510491 150.50000000000003 163959.00000000003
decision_type=2 2 2 2 2 2 2 2
left_child=-1 5 4 -4 -3 6 -2 -7
right_child=1 2 3 -5 -6 7 -8 -9
leaf_value=-0.027643983670979162 -0.028400789444577509 0.030667287127761966 -0.0059412632989900224 0.00029795068209716895 0.00084170294543850391 -0.031201918811936954 0.00016814604147298324 0.011834826699486085
leaf_weight=158.96218525338918 104.34543013153598 238.43441910296679 3753.1409157062881 116570.95996206999 173.14116261526942 189.20315959351137 334.81823265738785 17.20768382307142
leaf_count=14563 1898 222 34703 366612 536 2735 3944 234
internal_value=5.05927e-05 9.05202e-05 0.000168197 0.000102372 0.0186614 -0.0140651 -0.00726761 -0.0269199
internal_weight=121540 121381 120736 120324 411.576 645.575 439.164 206.411
internal_count=425447 410884 402073 401315 758 8811 5842 2969
is_linear=0
shrinkage=0.03


Tree=248
num_leaves=16
num_cat=0
split_feature=11 28 26 5 22 28 31 14 14 28 19 15 24 6 1
split_gain=146.845 191.507 226.39 198.238 189.618 274.307 205.593 202.343 141.395 140.863 130.97 128.736 121.83 112.247 52.991
threshold=101.50000000000001 4108606.6893981504 2.3149455214672612 0.79008567931456553 62.500000000000007 8435910.2062841561 1.0000000180025095e-35 537181347.04166687 56521356.769230776 669184.15091986256 106664551.00000001 0.44671201814058964 47.182539682539691 0.16784037558685447 6873.5000000000009
decision_type=2 2 2 2 2 2 2 2 2 2 2 2 2 2 2
left_child=1 2 3 -1 11 6 -6 -7 13 -4 -10 12 -2 -3 -13
right_child=4 8 9 -5 5 7 -8 -9 10 -11 -12 14 -14 -15 -16
leaf_value=-0.0059980953553774559 -0.015960773782280752 -0.035229814550496799 0.0021639850083884655 0.00096472569402984807 0.0023947364186897558 0.027493316902269395 -0.0027505900158953326 -0.02170234148506656 -0.036398568550326228 0.01452050557981999 -0.010199268134361698 0.005678011948296216 0.021882901911145301 0.005559871432199698 -0.010233368097569568
leaf_weight=3853.2422201945446 1601.3797100739321 52.235081367660314 1614.9969409755431 75369.301795339212 9759.2314787947107 461.56615260033868 24489.176496869419 77.088507887907326 212.71557301306166 1721.9705875266809 815.05891827028245 541.80096405744553 67.037501698359847 607.77368717989884 269.55429363250732
leaf_count=24070 12923 355 5323 229780 33304 1393 102384 590 1727 5648 4871 673 317 1584 505
internal_value=4.88537e-05 0.000742698 0.00094826 0.000624617 -0.00151855 -0.000944208 -0.00128312 0.0200014 -0.00921471 0.0085857 -0.016096 -0.00950944 -0.0142409 0.00157607 0.000265713
internal_weight=121514 84247.3 82559.5 79222.5 37266.8 34787.1 34248.4 538.655 1687.78 3336.97 1027.77 2479.77 1668.42 660.009 811.355
internal_count=425447 273358 264821 253850 152089 137671 135688 1983 8537 10971 6598 14418 13240 1939 1178
is_linear=0
shrinkage=0.03


Tree=249
num_leaves=16
num_cat=0
split_feature=4 13 14 12 14 0 6 28 3 19 30 16 20 21 18
split_gain=144.23 150.97 416.28 288.055 283.838 398.277 261.832 141.308 131.623 102.547 207.344 126.147 77.5891 183.289 85.8785
threshold=4.5519814719505929 700.70859348148917 71945657.583333343 51.500000000000007 21435597.623809528 116277583.50000001 1.5142227564102566 1035893.6794955595 2.4653167602245394 176585468.00000003 1.0000000180025095e-35 7.5000000000000009 931.00000000000011 394.50000000000006 262.50000000000006
decision_type=2 2 2 2 2 2 2 2 2 2 2 2 2 2 2
left_child=1 4 8 -4 5 -1 -6 9 -3 11 -11 -2 13 -9 -14
right_child=7 2 3 -5 6 -7 -8 12 -10 10 -12 -13 14 -15 -16
leaf_value=-0.0013556568632712423 0.0021269437552658057 -0.0079681911851065788 -0.0074363957602031055 0.0029050562584735031 -0.0057429099140948459 0.004540233192937052 0.0021693856023836094 -0.0049759207643163125 0.0061902982342228107 0.012674564212853344 0.0021256379187799975 -0.012868832742794763 -0.030479577319518478 0.020287694019223288 -0.0026942978856190746
leaf_weight=42641.389912451501 11155.031862091739 608.45545184495859 5434.5235467159655 4349.9596836395795 16799.648173182853 13583.886809627293 4834.6914155744016 2119.4096743345726 11539.369649336091 2641.2392877058592 4593.39088557777 513.50025304406881 180.69895921181887 278.94398840749636 216.931116736494
leaf_count=139354 35801 4389 31869 22274 82611 30206 12877 10027 30277 5962 15238 1877 1061 910 714
internal_value=4.7123e-05 -0.000434706 0.00176253 -0.00283835 -0.00105425 6.90731e-05 -0.00397306 0.00226315 0.00546971 0.0031953 0.00599926 0.00144878 -0.00401173 -0.00191734 -0.0160427
internal_weight=121491 99791.9 21932.3 9784.48 77859.6 56225.3 21634.3 21699.1 12147.8 18903.2 7234.63 11668.5 2795.98 2398.35 397.63
internal_count=425447 353857 88809 54143 265048 169560 95488 71590 34666 58878 21200 37678 12712 10937 1775
is_linear=0
shrinkage=0.03


Tree=250
num_leaves=7
num_cat=0
split_feature=15 15 11 30 28 24
split_gain=144 143.476 143.114 180.365 177.465 55.9797
threshold=-0.74166666666666659 -0.70714285714285696 101.50000000000001 3.5000000000000004 4108606.6893981504 3.0376888314327286
decision_type=2 2 2 2 2 2
left_child=-1 5 4 -4 -3 -2
right_child=1 2 3 -5 -6 -7
leaf_value=-0.029610101173650358 -0.0095098061249754545 0.00094387831404071779 0.0016412170509802623 -0.0028813262050680997 -0.008870237320613204 0.063832977702185809
leaf_weight=132.17893064382952 6.6168696992099276 82404.418250302435 11449.68890513631 25745.35136164655 1676.9195481908973 28.665787760168314
leaf_count=2136 65 263319 42518 108909 8449 51
internal_value=4.56287e-05 8.1845e-05 6.05834e-05 -0.00148825 0.000746241 0.050748
internal_weight=121444 121312 121276 37195 84081.3 35.2827
internal_count=425447 423311 423195 151427 271768 116
is_linear=0
shrinkage=0.03


Tree=251
num_leaves=16
num_cat=0
split_feature=14 0 14 0 14 0 15 15 19 13 11 14 30 1 4
split_gain=144.104 424.322 367.828 365.974 536.545 329.92 248.089 224.509 215.222 210.819 160.237 94.3691 85.8021 42.7901 35.5106
threshold=2703284.9785714294 12000974.500000002 1127719.0416666667 57385765.500000007 10058548.79166667 294004798.00000006 0.32051282051282054 0.90454545454545465 187858432.50000003 72.245010283910531 76.500000000000014 384715.32142857148 8.5000000000000018 439.50000000000006 1.2124435847840107
decision_type=2 2 2 2 2 2 2 2 2 2 2 2 2 2 2
left_child=1 2 10 6 9 -6 8 -4 -2 -5 -1 14 -13 -8 -3
right_child=3 11 7 4 5 -7 13 -9 -10 -11 -12 12 -14 -15 -16
leaf_value=0.012921397299278803 -0.0037782877253940031 0.0077502446866751385 -0.011159768740615502 0.0017921459524179175 -0.0032960874201331319 0.00099956966775816805 0.0070039219242463997 0.0080132969658983644 -0.011935330360185433 0.0097150294389197148 0.00097754150892497851 0.011630183706388726 0.0051129400463343763 0.00023729588906215283 -0.031923126380259945
leaf_weight=1113.8743918146938 9989.7654935574392 19.615467994939536 3555.9509853881318 5469.2682107863948 25809.582608043682 42667.118238741765 1187.749562241137 636.63131045177579 4119.0336812624009 6794.3220781963319 9793.688531904947 3720.8882196489722 3669.069786043372 2833.8688278906047 58.751657463610172
leaf_count=1748 46678 23 14140 12731 110135 159399 1434 803 20881 14578 23119 7168 8454 3976 180
internal_value=4.42821e-05 0.00220671 -0.000685686 -0.000449275 0.000415515 -0.000619438 -0.00429926 -0.00822308 -0.00617199 0.00619056 0.00221606 0.00804848 0.00841537 0.00226179 -0.0220217
internal_weight=121439 22568.5 15100.1 98870.7 80740.3 68476.7 18130.4 4192.58 14108.8 12263.6 10907.6 7468.33 7389.96 4021.62 78.3671
internal_count=425447 55635 39810 369812 296843 269534 72969 14943 67559 27309 24867 15825 15622 5410 203
is_linear=0
shrinkage=0.03


Tree=252
num_leaves=9
num_cat=0
split_feature=5 17 17 17 6 24 15 1
split_gain=142.502 143.573 339.007 315.698 309.589 286.133 408.52 254.97
threshold=1.0000000180025095e-35 0.19823817908763888 0.13006633520126346 0.11827412620186807 0.61437177280550792 0.15517114838856724 0.11437908496732027 1156.5000000000002
decision_type=2 2 2 2 2 2 2 2
left_child=-1 2 3 -2 -4 7 -7 -3
right_child=1 5 4 -5 -6 6 -8 -9
leaf_value=-0.02753788649252753 -0.00076961207362301028 0.010510861134223448 -0.010063687731834322 0.0041046052324117451 -0.00050359415102514194 0.0058731322982127918 -0.0016109213099415078 -0.006940524420656978
leaf_weight=153.35564287437592 60509.520340423565 873.65392423141748 5974.3104214621708 14888.552477182355 6226.711559583433 17175.689076810144 10601.980019604787 4941.1541654784232
leaf_count=14563 210263 2081 28447 43851 17806 72493 16485 19458
internal_value=4.30215e-05 8.15735e-05 -0.000557616 0.000193107 -0.00519382 0.00174879 0.00301627 -0.00429307
internal_weight=121345 121192 87599.1 75398.1 12201 33592.5 27777.7 5814.81
internal_count=425447 410884 300367 254114 46253 110517 88978 21539
is_linear=0
shrinkage=0.03


Tree=253
num_leaves=15
num_cat=0
split_feature=15 15 15 15 27 0 17 0 28 10 28 18 28 10
split_gain=141.721 150.657 152.499 217.192 141.394 94.8538 100.895 58.2952 94.8224 149.812 77.8948 78.9846 41.1275 26.3149
threshold=-0.65833333333333321 -0.54195804195804176 -0.48979591836734687 -0.29772727272727267 519368941.19886392 1141448355.0000002 0.22576047480106357 2439573472.0000005 435269.81161355943 1.3245614035087723 4801.927545409847 633.50000000000011 140722.10806322229 1.2903762903762908
decision_type=2 2 2 2 2 2 2 2 2 2 2 2 2 2
left_child=7 5 4 -4 -3 13 -7 10 9 -9 11 -1 -12 -2
right_child=1 2 3 -5 -6 6 -8 8 -10 -11 12 -13 -14 -15
leaf_value=-0.023249403814492229 0.010192140896999312 -0.0069515404956523594 0.0077906739147724762 2.3512047609498661e-05 0.025481879590988413 -0.025218427520345272 0.017938358326821134 -0.0063824778738422114 -0.023064399179654169 0.079817088396278837 -0.03131896640307915 0.028974195662376096 -0.012159209169893296 0.035903027609798112
leaf_weight=29.460544950794429 68.075399801135063 3636.3114724654006 3320.8257815465331 113244.52624473604 110.28682776435744 66.089254688471556 107.153060849756 38.761638294905424 40.469638056354597 15.371881871484218 225.86586743383668 49.034207357093692 240.01561769249383 169.05395663529634
leaf_count=259 99 34326 4591 375274 1503 306 230 491 827 67 3328 155 3868 123
internal_value=4.15368e-05 0.000117219 5.39497e-05 0.000246022 -0.00589103 0.0179398 0.000617724 -0.0138859 0.00676704 0.0296681 -0.0176139 0.00846741 -0.0221977 0.0296864
internal_weight=121361 120722 120312 116565 3746.6 410.372 173.242 638.979 94.6032 54.1335 544.376 78.4948 465.881 237.129
internal_count=425447 416452 415694 379865 35829 758 536 8995 1385 558 7610 414 7196 222
is_linear=0
shrinkage=0.03


Tree=254
num_leaves=16
num_cat=0
split_feature=5 0 4 26 17 26 24 29 13 13 17 1 4 22 10
split_gain=139.444 143.271 134.294 176.178 165.973 145.309 108.897 109.804 97.457 76.0352 64.9037 52.618 33.8985 25.1878 20.1146
threshold=0.23222109875294913 152100878.50000003 5.616843971631206 0.083040880838132519 0.039001181721687324 0.02508797126848715 24.695708472068077 73090.680847923592 173.5028232010371 1336.6044085135838 0.2525003999471665 99.500000000000014 6.992063492063493 1319.0000000000002 1.8693221523410208
decision_type=2 2 2 2 2 2 2 2 2 2 2 2 2 2 2
left_child=1 12 3 5 -5 -2 7 -4 10 -10 -3 -8 13 -1 -14
right_child=2 8 6 4 -6 -7 11 -9 9 -11 -12 -13 14 -15 -16
leaf_value=-0.028695832208768174 -0.0077845641327260401 -0.0098262784261910555 0.00073732005927806235 -0.0034533939662381207 -7.8909306923982323e-05 0.0038575886441319586 0.019265037492531455 0.0070695525462724515 -0.019402739899440326 0.004015074454502646 0.05220556086208656 -0.020618892658430029 0.02654136525303593 0.00042558086971798974 -0.012311327621818077
leaf_weight=352.73095219803508 1027.7049180604517 15.236426556017248 4906.4634909285232 15652.264542738441 80747.982194753829 12850.306021531112 21.417772982269526 4968.9692938085645 194.03109749895521 295.95295759290457 32.187746585579589 216.84750481694937 8.4105965346097964 26.174345423001796 10.538386981701477
leaf_count=11578 3657 222 14708 56707 276331 35379 33 16580 3697 4773 72 878 12 335 485
internal_value=4.0541e-05 -0.0114061 0.000131123 -0.000172233 -0.000627579 0.00298582 0.00343719 0.0039324 -0.00110593 -0.00549973 0.0342231 -0.0159866 -0.0247009 -0.0266684 0.00815747
internal_weight=121327 935.263 120392 110278 96400.2 13878 10113.7 9875.43 537.408 489.984 47.4242 238.265 397.854 378.905 18.949
internal_count=425447 21174 404273 372074 333038 39036 32199 31288 8764 8470 294 911 12410 11913 497
is_linear=0
shrinkage=0.03


Tree=255
num_leaves=16
num_cat=0
split_feature=14 17 17 2 21 28 17 1 1 30 18 13 2 9 17
split_gain=141.035 184.778 268.261 212.352 275.315 180.622 175.64 106.607 92.8908 89.538 78.6942 63.8512 24.4915 32.6648 26.1018
threshold=185965.20454545456 0.039001181721687324 0.059137627482414253 2.7327380952380955 74.500000000000014 96920.906446029883 0.11827412620186807 563.50000000000011 115.50000000000001 28.500000000000004 506.50000000000006 1.9447339348084143 6.2866071428571439 223.50000000000003 0.13826865702867511
decision_type=2 2 2 2 2 2 2 2 2 2 2 2 2 2 2
left_child=8 3 5 7 -5 -3 -4 -2 9 11 -11 -1 13 -10 -14
right_child=1 2 6 4 -6 -7 -8 -9 12 10 -12 -13 14 -15 -16
leaf_value=-0.0029292959410750071 -0.0047039791086169987 0.0089478828497826512 -0.002053787184302637 0.020269789082649651 -0.0024904355889228242 0.001101483364710969 0.00079037312214875143 -0.020257539453972691 0.0026272376916724352 0.001290735689710367 0.020553499796021987 0.013526690871498666 0.0036951721939844566 0.031447720677940612 0.0258374014863842
leaf_weight=1242.2244591666386 752.19948446773924 5128.6728126606904 28955.412113843835 477.08321829535998 16942.241674768389 5455.6573624535231 60017.64325113839 867.89804793789517 49.670979343354702 340.28137413784862 436.72841328941286 240.25744708254933 171.63510219566524 179.54228188656271 57.854699159041047
leaf_count=2768 4170 11409 115529 1666 58490 15048 206623 7582 104 610 568 429 272 146 33
internal_value=3.93327e-05 -0.000115678 0.000402019 -0.00282248 -0.00184845 0.0049136 -0.000135084 -0.0131639 0.00677706 0.00419574 0.0123397 -0.000133553 0.0188934 0.0258701 0.0106427
internal_weight=121315 118597 99557.4 19039.4 17419.3 10584.3 88973.1 1620.1 2718.19 2259.49 777.01 1482.48 458.703 229.213 229.49
internal_count=425447 420517 348609 71908 60156 26457 322152 11752 4930 4375 1178 3197 555 250 305
is_linear=0
shrinkage=0.03


Tree=256
num_leaves=15
num_cat=0
split_feature=14 4 0 14 14 10 5 30 5 6 8 26 13 18
split_gain=137.715 147.614 227.65 264.594 181.641 173.856 211.402 144.256 65.5147 98.1311 81.2789 74.9574 50.6012 43.5689
threshold=64525.439516129038 1.4080290010741141 2905506051.5000005 148297304.20833334 636931959.50000012 3.077651515151516 1.2251760563380285 1.0000000180025095e-35 1.5187529301453355 1.3694553163731247 92.427337415753598 0.36762639403985342 6.0031452362226041 33.500000000000007
decision_type=2 2 2 2 2 2 2 2 2 2 2 2 2 2
left_child=8 2 3 -2 -4 6 -3 -7 9 12 11 -10 -1 -12
right_child=1 5 4 -5 -6 7 -8 -9 10 -11 13 -13 -14 -15
leaf_value=-0.022414551844031187 -0.0028954560387554214 -0.0034538051124172659 0.015908673641760209 -0.025033900145680386 -0.035145812898581034 0.013727284122470202 0.00065547178789497954 0.00098026168866557841 -0.026442290046974699 0.026369211570217755 0.00032917864779557761 0.0096043488190484423 0.020199693471672199 0.023954952373717919
leaf_weight=135.5956183578819 14238.074646051973 12892.98660216108 802.14845923660323 488.94468251639046 53.585250447504222 1554.6748650334775 88603.162199207116 1643.6309227715246 56.675507970154285 54.32153857126832 84.994010373950005 173.19914130680263 17.222669295966625 493.70260442793369
leaf_count=497 63980 59859 2223 5889 596 5845 276892 8470 170 34 145 266 17 564
internal_value=3.8556e-05 -5.47607e-05 -0.00277768 -0.00365722 0.0121269 0.000350573 0.000132744 0.007221 0.0109579 -0.00376651 0.0147663 -0.000235771 -0.0160569 0.0206315
internal_weight=121293 120277 15582.8 14727 855.734 104694 101496 3198.31 1015.71 207.14 808.571 229.875 152.818 578.697
internal_count=425447 423754 72688 69869 2819 351066 336751 14315 1693 548 1145 436 514 709
is_linear=0
shrinkage=0.03


Tree=257
num_leaves=6
num_cat=0
split_feature=15 5 14 0 0
split_gain=137.419 135.123 135.024 462.892 440.86
threshold=-0.74166666666666659 1.0000000180025095e-35 4677751.4692307701 78935608.000000015 24150176.000000004
decision_type=2 2 2 2 2
left_child=-1 -2 4 -4 -3
right_child=1 2 3 -5 -6
leaf_value=-0.029397722790794382 -0.02738910484652133 -0.00041980900405065211 -0.0050530124158101033 0.0005341841916627286 0.007394384776045676
leaf_weight=127.57179133337922 146.03788294177502 23110.168779539876 16337.618612398393 72532.102161057759 9020.4459165912122
leaf_count=2136 14539 63109 65755 260529 19379
internal_value=3.73898e-05 7.22694e-05 0.000109052 -0.000493296 0.00177546
internal_weight=121274 121146 121000 88869.7 32130.6
internal_count=425447 423311 408772 326284 82488
is_linear=0
shrinkage=0.03


Tree=258
num_leaves=16
num_cat=0
split_feature=14 0 14 0 15 0 15 11 6 1 3 18 14 14 31
split_gain=137.076 379.712 458.429 436.087 366.021 213.288 488.62 344.9 248.224 320.74 197.88 178.641 181.824 111.681 100.731
threshold=37989986.51282052 140995146.50000003 6663230.2250000006 36826609.500000007 0.32051282051282054 912230437.50000012 0.90454545454545465 109.50000000000001 0.64747307373653695 51167.500000000007 7.4459064327485391 2391.0000000000005 15000068.571428573 299591419.75000006 0.088416582102454247
decision_type=2 2 2 2 2 2 2 2 2 2 2 2 2 2 2
left_child=1 2 3 -1 -4 6 7 -2 9 -7 -10 12 -3 -8 -13
right_child=5 11 4 -5 -6 8 13 -9 10 -11 -12 14 -14 -15 -16
leaf_value=-0.00058031483882857047 -0.0055803968731432041 0.0075343528074080443 -0.0067208336607910415 0.0068712190176946509 0.002246673849816748 0.012849012024801982 0.0033738018451234444 -0.020446679364686356 -0.014710720961266348 -0.0011531810239681312 -0.00065846683994954852 -0.01755627326510846 0.0022567691556170093 -0.031287556285937927 0.016583318248423025
leaf_weight=29390.09091878531 8474.3897187730763 8326.1874492536299 15214.844782491913 9288.6942067028722 5589.1261648871005 2868.7454846736509 5679.8886795714498 1677.4505840725033 976.60326045774855 2996.278937289957 10059.84195147641 510.87277921289206 20042.383351550438 69.867906451225281 78.192059773951769
leaf_count=87572 62729 15394 81276 21034 7383 12272 7655 17665 5538 17143 32450 1601 55415 197 123
internal_value=3.60292e-05 0.000650614 -0.000720583 0.00121036 -0.00431033 -0.00161958 -0.00411213 -0.00806634 0.000725304 0.00570588 -0.00192293 0.00346718 0.00380996 0.0028671 -0.0126757
internal_weight=121243 88440.4 59482.8 38678.8 20804 32803.1 15901.6 10151.8 16901.5 5865.02 11036.4 28957.6 28368.6 5749.76 589.065
internal_count=425447 269798 197265 108606 88659 155649 88246 80394 67403 29415 37988 72533 70809 7852 1724
is_linear=0
shrinkage=0.03


Tree=259
num_leaves=16
num_cat=0
split_feature=14 27 5 14 17 22 11 27 10 5 20 14 11 10 15
split_gain=136.736 276.092 472.156 247.826 344.797 218.175 207.815 170.902 192.443 191.912 190.388 183.844 154.671 109.925 74.8758
threshold=2005537.9671052634 6186424.840312032 1.0994505494505498 6663230.2250000006 0.039001181721687324 25358.500000000004 85.500000000000014 2400087.6729361792 2.198067632850242 6.0310245310245323 23433.000000000004 1376570.0538461541 102.50000000000001 1.2270400481782597 0.44671201814058964
decision_type=2 2 2 2 2 2 2 2 2 2 2 2 2 2 2
left_child=7 2 14 4 -3 -4 -5 11 10 -10 -9 12 -1 -13 -2
right_child=1 3 5 6 -6 -7 -8 8 9 -11 -12 13 -14 -15 -16
leaf_value=0.0041411123099851198 -0.02653956824235635 -0.0050388580419323389 -0.0038168676624998391 0.0021815619657767024 0.0073041190618593592 0.012028614570901094 -0.0013204612357658326 0.01222948030279662 -0.011018300448081119 0.027241719168114908 -0.033254906379243131 0.0035748039285829585 -0.0034575791554099108 -0.012600871386401714 -0.003308211620794795
leaf_weight=9245.8199463975616 921.81076456408482 2656.8324373468058 11377.797357074916 20741.963171678246 8558.9459917226341 824.45393104106188 57446.97074077907 3194.0603643178474 716.5734005413251 125.74466891586781 70.616141695529222 518.41837510094047 3242.4858066474553 1305.2485303222202 152.89029956609011
leaf_count=18886 6292 10755 35137 64673 22910 1352 240436 6757 2998 204 214 979 9094 4521 239
internal_value=3.46959e-05 -0.000392095 -0.00442639 0.000207319 0.00437478 -0.00273035 -0.000390821 0.00241397 0.00779754 -0.004895 0.0110889 0.000860451 0.00216399 -0.00799461 -0.0233532
internal_weight=121101 102682 13277 89404.7 11215.8 12202.3 78188.9 18419 4106.99 842.318 3264.68 14312 12488.3 1823.67 1074.7
internal_count=425447 381794 43020 338774 33665 36489 305109 43653 10173 3202 6971 33480 27980 5500 6531
is_linear=0
shrinkage=0.03


Tree=260
num_leaves=16
num_cat=0
split_feature=17 17 18 6 17 14 24 17 6 14 27 27 12 17 7
split_gain=130.665 327.621 294.38 291.437 281.488 341.773 241.966 218.897 191.059 273.974 164.312 160.525 162.439 134.356 132.688
threshold=0.19823817908763888 0.13006633520126346 12.500000000000002 0.61437177280550792 0.11827412620186807 65526697.95000001 0.28430486090611468 0.086981520056724562 1.3135791630084872 17629732.625000004 697957627.7470566 99137895.291843191 48.500000000000007 0.15085175633430484 5.2688077095002681
decision_type=2 2 2 2 2 2 2 2 2 2 2 2 2 2 2
left_child=1 4 11 6 7 -6 -3 -1 9 -4 -10 14 -13 -5 -2
right_child=2 3 8 13 5 -7 -8 -9 10 -11 -12 12 -14 -15 -16
leaf_value=-0.00014704993663713543 -0.011496422072622609 -0.0018224755980177198 0.0057321062103968048 0.0035982354705170871 0.0056303228433750765 -0.0077849180170396744 -0.014415131162865101 -0.0061740296522135793 0.0091380277418478713 -0.0010184692417415171 -0.020092387030138111 -0.024606606249788682 -0.0053215778416747066 -0.0052147635565369024 0.0014554300352329825
leaf_weight=54405.542309394572 880.50596263562329 2162.3201605041977 9132.8014668055112 3262.9375900379382 12907.855332196457 1954.6093777376227 3800.1172462818213 6010.6981456679059 4994.4018306895159 13222.95771261584 164.90515117906034 588.34878332400694 1177.7894098876277 2948.8042583316565 3449.643380227848
leaf_count=191997 3695 8926 26457 9183 33504 11396 20938 25443 10794 53205 545 3106 5688 8636 11934
internal_value=3.34949e-05 -0.000577275 0.00162309 -0.00514016 0.000161119 0.00385796 -0.00986937 -0.000748543 0.00294533 0.00173994 0.00814241 -0.00433239 -0.0119159 -0.000583089 -0.00120193
internal_weight=121064 87452.9 33611.4 12174.2 75278.7 14862.5 5962.44 60416.2 27515.1 22355.8 5159.31 6096.29 1766.14 6211.74 4330.15
internal_count=425447 310023 115424 47683 262340 44900 29864 217440 91001 79662 11339 24423 8794 17819 15629
is_linear=0
shrinkage=0.03


Tree=261
num_leaves=12
num_cat=0
split_feature=15 15 15 15 0 14 6 10 18 26 2
split_gain=134.413 139.858 147.682 200.246 134.849 90.4544 58.6088 110.624 114.006 101.682 57.8749
threshold=-0.65833333333333321 -0.54195804195804176 -0.48979591836734687 -0.29772727272727267 46278499.000000007 71945657.583333343 0.45633104500381388 1.2739370334307047 150.50000000000003 0.055319525819484731 33.205555555555563
decision_type=2 2 2 2 2 2 2 2 2 2 2
left_child=6 5 4 -4 -3 10 -1 9 -9 -8 -2
right_child=1 2 3 -5 -6 -7 7 8 -10 -11 -12
leaf_value=-0.029542992224114859 0.023985939176690139 -0.017546867327942216 0.0075006568802000956 2.0125777130365631e-05 -0.0030239401424436139 -0.024579964587977461 0.012725805712277889 -0.025717657353269297 0.017870223501821811 -0.031353961822998017 -0.022538138086932929
leaf_weight=145.78715789807029 365.78952866792679 700.50032007601112 3300.4323684088886 112953.38852347969 3032.6790524937678 29.504459615796804 50.844321258366108 59.599421395221725 181.88673152634874 191.4687675787136 13.555208116769789
leaf_count=3130 491 7125 4591 375274 28704 204 377 1089 1846 2553 63
internal_value=3.21452e-05 0.000105529 4.45052e-05 0.000233695 -0.00581637 0.0173083 -0.0136303 -0.00803089 0.00612075 -0.0217855 0.0214533
internal_weight=121025 120396 119987 116254 3733.18 408.849 629.586 483.799 241.486 242.313 379.345
internal_count=425447 416452 415694 379865 35829 758 8995 5865 2935 2930 554
is_linear=0
shrinkage=0.03


Tree=262
num_leaves=16
num_cat=0
split_feature=5 6 17 10 10 5 5 2 17 14 28 0 28 7 24
split_gain=130.109 196.092 231.696 235.021 195.161 187.228 184.626 159.555 205.393 129.59 217.538 128.509 128.006 97.9756 11.1944
threshold=3.2994252873563221 0.59122919334186952 0.27852889895439154 2.0204081632653073 3.077651515151516 0.14670014347202298 2.2366028708133974 2.6693989071038255 0.04355908744037152 2805202.7083333335 27924.084807856201 24150176.000000004 4108606.6893981504 6.7140479642220523 115.18883415435143
decision_type=2 2 2 2 2 2 2 2 2 2 2 2 2 2 2
left_child=4 9 3 -3 7 14 -7 8 -1 11 -11 -2 -9 -4 -6
right_child=1 2 13 -5 5 6 -8 12 -10 10 -12 -13 -14 -15 -16
leaf_value=-0.017422153130358411 0.0022019950912538209 0.0026732189194319557 -0.012502704015059719 0.021098262664656559 -0.029713058951393419 0.011049491523504287 -0.0090047399869830538 -0.00035335320906738324 -0.0028593385478878782 -0.014098336242449333 -0.00070857881964932093 0.018417653919829181 -0.0090880184699979518 0.029917246592621561 0.0029169161960483246
leaf_weight=1089.2522875367431 4260.4637635983527 13784.267623590305 46.199879240244627 638.80315922480077 116.36460336681921 2698.8738359799609 474.0253851916641 76814.313289288315 4217.2160665537231 1175.8722311425954 13270.186192078516 477.46793627180159 1525.7739399673883 398.28447349183261 5.687064371071755
leaf_count=7486 10476 35780 168 1522 8649 8889 1905 262148 21998 4723 52307 748 7802 806 40
internal_value=3.07723e-05 0.00160255 0.0041869 0.00351242 -0.000584658 0.00655915 0.00801574 -0.000867546 -0.00589495 -0.000400452 -0.00181404 0.00389542 -0.000525562 0.0251786 -0.0278209
internal_weight=120993 34051.5 14867.6 14423.1 86941.5 3294.95 3172.9 83646.6 5306.47 19184 14446.1 4737.93 78340.1 444.484 122.052
internal_count=425447 106530 38276 37302 318917 19483 10794 299434 29484 68254 57030 11224 269950 974 8689
is_linear=0
shrinkage=0.03


Tree=263
num_leaves=7
num_cat=0
split_feature=15 15 14 17 24 2
split_gain=131.108 132.319 129.88 144.134 50.4018 49.6523
threshold=-0.74166666666666659 -0.70714285714285696 64525.439516129038 1.0000000180025095e-35 3.0376888314327286 4.2189640410958917
decision_type=2 2 2 2 2 2
left_child=-1 4 5 -4 -2 -3
right_child=1 2 3 -5 -6 -7
leaf_value=-0.029189504232702359 -0.0092705242748284296 -0.00056897042188389004 -0.0024265789212570437 0.00040683421518067093 0.060189611952327929 0.014503231299591021
leaf_weight=123.04601385246497 6.4527865052223197 257.95049987174571 19235.022836282034 100568.70020994917 29.957181118428707 752.47558261454105
leaf_count=2136 65 649 71449 350059 51 1038
internal_value=2.97743e-05 6.33914e-05 4.26616e-05 -4.80794e-05 0.0481828 0.0106742
internal_weight=120974 120851 120814 119804 36.41 1010.43
internal_count=425447 423311 423195 421508 116 1687
is_linear=0
shrinkage=0.03


Tree=264
num_leaves=13
num_cat=0
split_feature=15 15 15 15 27 0 29 6 10 26 3 10
split_gain=127.542 130.82 139.747 189.043 133.775 89.2572 96.1565 57.504 105.708 98.3739 83.6561 25.5216
threshold=-0.65833333333333321 -0.54195804195804176 -0.48979591836734687 -0.29772727272727267 519368941.19886392 1141448355.0000002 4870806.4910968672 0.45633104500381388 1.2739370334307047 0.055319525819484731 12.527808676307009 1.2903762903762908
decision_type=2 2 2 2 2 2 2 2 2 2 2 2
left_child=7 5 4 -4 -3 11 -7 -1 9 -9 -10 -2
right_child=1 2 3 -5 -6 6 -8 8 10 -11 -12 -13
leaf_value=-0.029381234594886695 0.0092297365872575626 -0.0067181513530332375 0.0072977294820378751 1.7564213282425104e-05 0.024633963928758072 -0.033292460809592389 0.012906270752193591 0.012263202304537854 -0.00348307223757152 -0.03116853376506076 0.035930119792962116 0.034342081148284465
leaf_weight=141.48139105737209 67.564792171120644 3607.0293416858185 3289.3023233152926 112929.97848327481 111.92609639151487 40.989270389080048 131.98215033113956 51.145898653194308 193.82308980566449 185.86546081490815 48.287762777879834 167.30557484924793
leaf_count=3130 99 34326 4591 375274 1503 205 331 377 2510 2553 425 123
internal_value=2.89819e-05 0.000100006 4.10247e-05 0.000224785 -0.00567137 0.0167575 1.58047e-05 -0.013374 -0.007838 -0.0215051 0.00589859 0.0282259
internal_weight=120967 120346 119938 116219 3718.96 407.842 172.971 620.604 479.122 237.011 242.111 234.87
internal_count=425447 416452 415694 379865 35829 758 536 8995 5865 2930 2935 222
is_linear=0
shrinkage=0.03


Tree=265
num_leaves=16
num_cat=0
split_feature=4 29 14 0 0 14 14 1 15 11 9 11 6 13 26
split_gain=129.217 197.915 129.551 376.186 346.098 297.732 242.217 186.396 185.266 125.745 199.86 101.284 134.504 100.012 86.2819
threshold=0.456832298136646 1172.6610817070739 2005537.9671052634 18383893.000000004 10981796.000000002 3225469.464285715 896319.82142857148 92.500000000000014 0.44671201814058964 129.50000000000003 57.500000000000007 100.50000000000001 0.59731240981240996 152.09196965344387 1.0485472371018962
decision_type=2 2 2 2 2 2 2 2 2 2 2 2 2 2 2
left_child=1 9 4 8 6 -5 -2 -6 -4 10 -1 14 -13 -11 -3
right_child=2 11 3 5 7 -7 -8 -9 -10 13 -12 12 -14 -15 -16
leaf_value=0.024026630735506965 0.0027877644512954991 -0.011126962830177065 -0.01204388167266629 0.008320985426450031 -0.0058232811870236271 -0.00019230516818111927 -0.0059549553074127086 0.011706095082218494 0.0040163374191148019 -0.017009713185448694 -0.020368502716819031 -0.019282069668500972 0.015703873460688036 0.020917454767187621 0.0077189100751546237
leaf_weight=118.01577362255193 8977.883140941849 490.90068569220603 3402.9307612593984 3836.8655555561418 616.23413251480088 91986.701029003714 4161.5835699179443 4165.9837293693563 786.22551861777902 60.488250089460053 277.05254533793777 1162.4378416085383 95.924801839515567 425.91103342489805 369.65715214144439
leaf_count=917 19627 3146 16622 8658 1488 338307 13020 7573 1043 350 1690 8892 301 1865 1948
internal_value=2.82102e-05 -0.00610387 0.000185228 -0.000235517 0.00253312 0.000149511 1.28224e-05 0.00942987 -0.00901897 0.00575141 -0.00663975 -0.0110555 -0.016438 0.0157733 -0.0030038
internal_weight=120935 3000.39 117934 100013 17921.7 95823.6 13139.5 4782.22 4189.16 881.468 395.068 2118.92 1258.36 486.399 860.558
internal_count=425447 19109 406338 364630 41708 346965 32647 9061 17665 4822 2607 14287 9193 2215 5094
is_linear=0
shrinkage=0.03


Tree=266
num_leaves=9
num_cat=0
split_feature=5 4 13 14 14 28 27 12
split_gain=127.053 125.513 144.724 381.371 258.306 130.583 111.986 77.8692
threshold=1.0000000180025095e-35 4.5519814719505929 700.70859348148917 71945657.583333343 19270129.446428575 1035893.6794955595 865287698.9786936 34.500000000000007
decision_type=2 2 2 2 2 2 2 2
left_child=-1 2 4 -4 -2 6 -3 -7
right_child=1 5 3 -5 -6 7 -8 -9
leaf_value=-0.027229294361504498 0.00015316229832422075 0.0028765628746814293 0.0053306745263366232 -0.002644450422467234 -0.003607312777043444 0.021827152661878783 0.038240597595979434 -0.0048728500373953825
leaf_weight=138.71534096135292 53694.67681480851 18739.81715719169 12066.652494354174 9734.8566241245717 23669.409127939958 87.001851493492723 66.19582311809063 2693.4400363313034
leaf_count=14563 156254 57334 31979 52075 101042 219 103 11878
internal_value=2.73518e-05 6.22897e-05 -0.00038879 0.00176886 -0.000997437 0.00213472 0.00303301 -0.00391402
internal_weight=120891 120752 99165.6 21801.5 77364.1 21586.5 18806 2780.44
internal_count=425447 410884 341350 84054 257296 69534 57437 12097
is_linear=0
shrinkage=0.03


Tree=267
num_leaves=8
num_cat=0
split_feature=15 15 5 6 10 30 10
split_gain=124.891 124.679 124.528 187.59 183.25 11.3408 11.9691
threshold=-0.74166666666666659 -0.70714285714285696 3.2994252873563221 0.59122919334186952 3.077651515151516 27.500000000000004 1.1173533083645446
decision_type=2 2 2 2 2 2 2
left_child=-1 5 4 -4 -3 -2 -7
right_child=1 2 3 -5 -6 6 -8
leaf_value=-0.028965483076553097 0.057398230584601855 -0.00083884632889952261 -0.00038244118086397627 0.0041088541552637761 0.0063646216932986789 0.022137794482572276 -0.0093985634505400154
leaf_weight=118.57390082767233 21.291072346270084 83437.792068225972 19154.18639346445 14832.262950636446 3288.5924225630006 9.42616458237171 6.4548800252377978
leaf_count=2136 31 297694 68064 37997 19440 17 68
internal_value=2.66315e-05 5.89437e-05 3.86506e-05 0.0015777 -0.000564298 0.0464259 0.0100093
internal_weight=120869 120750 120713 33986.4 86726.4 37.1721 15.881
internal_count=425447 423311 423195 106061 317134 116 85
is_linear=0
shrinkage=0.03


Tree=268
num_leaves=9
num_cat=0
split_feature=5 17 17 18 6 17 31 27
split_gain=123.66 123.77 309.412 279.289 267.419 258.873 178.747 151.916
threshold=1.0000000180025095e-35 0.19823817908763888 0.13006633520126346 12.500000000000002 0.61437177280550792 0.11827412620186807 0.087746796458230233 99137895.291843191
decision_type=2 2 2 2 2 2 2 2
left_child=-1 2 5 7 -4 -2 -5 -3
right_child=1 3 4 6 -6 -7 -8 -9
leaf_value=-0.027152701153247475 -0.00069006630828665676 -0.0011602193840332025 -0.0095249648832805098 0.0040995855529721344 -0.0006135871017262011 0.0037337470228176873 -0.0019751706529873769 -0.011617376960151578
leaf_weight=135.47349495900562 60265.416274251416 4317.3346051583067 5928.8561864732765 22019.631566655822 6203.95552226156 14819.228588627186 5417.5249085747637 1751.8759529301897
leaf_count=14563 210263 14798 28447 66591 17806 43851 21118 8010
internal_value=2.60013e-05 6.01186e-05 -0.00053502 0.00160971 -0.0049771 0.00018322 0.0028986 -0.00420481
internal_weight=120859 120724 87217.5 33506.4 12132.8 75084.6 27437.2 6069.21
internal_count=425447 410884 300367 110517 46253 254114 87709 22808
is_linear=0
shrinkage=0.03


Tree=269
num_leaves=16
num_cat=0
split_feature=4 29 21 8 14 11 30 29 14 14 13 11 2 26 1
split_gain=122.018 186.625 125.123 124.985 208.345 197.571 192.62 164.646 266.798 227.851 102.513 95.8104 81.7853 80.9397 46.3963
threshold=0.456832298136646 1172.6610817070739 94.500000000000014 90.594372447527917 128528971.3169643 76.500000000000014 3.5000000000000004 305675.0035939471 8578206.7613636386 19995885.222222228 775.97082622467167 100.50000000000001 3.6138357256778315 1.0485472371018962 244.50000000000003
decision_type=2 2 2 2 2 2 2 2 2 2 2 2 2 2 2
left_child=1 2 14 4 6 -6 -2 8 -5 -9 -4 13 -13 -3 -1
right_child=3 11 10 7 5 -7 -8 9 -10 -11 -12 12 -14 -15 -16
leaf_value=0.010156080351749646 0.0059129447430119357 -0.010815637165933822 -0.0016885779726774214 0.00022709544612905562 0.016207749239109365 -0.010308311133595319 0.00059011660919514194 0.0047124171440578039 -0.0041770694824295705 -0.00037962878841462657 0.021536169052404103 -0.021644032494382542 -0.0053469285787933344 0.0074477223871977725 -0.02154342112435071
leaf_weight=43.281538900104351 10126.274260390783 489.23296449740883 289.62271140085068 32452.416431627818 276.3149817539379 1927.2145088497782 15471.65461725177 11284.894889038755 19985.72837491252 26317.347968473216 388.20187051058747 807.91952088207472 444.89728948869742 369.81851548003033 158.61618332332
leaf_count=238 30601 3146 1363 90786 1346 13766 54515 28564 83418 103342 1621 6971 2222 1948 1600
internal_value=2.4983e-05 -0.00594269 0.0055779 0.000177473 0.00193534 -0.00688266 0.00269917 -0.000365197 -0.0014516 0.00114903 0.0117476 -0.0107613 -0.016012 -0.00292612 -0.0143772
internal_weight=120833 2991.59 879.722 117842 27801.5 2203.53 25597.9 90040.4 52438.1 37602.2 677.825 2111.87 1252.82 859.051 201.898
internal_count=425447 19109 4822 406338 100228 15112 85116 306110 174204 131906 2984 14287 9193 5094 1838
is_linear=0
shrinkage=0.03


Tree=270
num_leaves=15
num_cat=0
split_feature=14 17 17 17 7 18 24 3 5 6 8 19 13 18
split_gain=120.592 141.177 254.503 241.298 226.218 281.865 218.552 215.177 61.3855 92.9571 78.9943 74.1844 48.5343 41.1818
threshold=64525.439516129038 1.0000000180025095e-35 0.069544728845357909 0.11827412620186807 6.8311326130025467 28.500000000000004 0.2058683331895246 3.2416573971078981 1.5187529301453355 1.3694553163731247 92.427337415753598 169549565.00000003 6.0031452362226041 33.500000000000007
decision_type=2 2 2 2 2 2 2 2 2 2 2 2 2 2
left_child=8 4 6 -4 5 -2 -3 -6 9 12 11 -10 -1 -12
right_child=1 2 3 -5 7 -7 -8 -9 10 -11 13 -13 -14 -15
leaf_value=-0.022116474676635335 0.0034417467502467721 -0.0034878402187199183 -0.002828708646912158 0.00073231770593213123 -0.011728845964655553 -0.010076903420724049 0.0054466735248605612 0.0014709754499200106 0.0082511148528447223 0.025577276844680166 8.2321347035962182e-05 -0.029217130644630995 0.019857428404256292 0.023077207909538197
leaf_weight=135.27754919417202 1856.9805814459687 3004.0432579504559 23901.645284475642 60282.612814786844 1224.1381062089931 5376.0141921582399 13385.827057863062 10770.431503648404 179.89265674352646 53.468208871781826 84.61895895190537 47.859906347468495 16.841022994369268 487.96571146510541
leaf_count=497 7064 9542 97141 207605 8372 22328 37762 33940 274 34 145 162 17 564
internal_value=2.41678e-05 -6.30682e-05 0.000387058 -0.000278699 -0.00241758 -0.00660208 0.00380558 0.000108367 0.0102913 -0.00398981 0.0140025 -0.000817723 -0.0159248 0.0198188
internal_weight=120808 119802 100574 84184.3 19227.6 7232.99 16389.9 11994.6 1005.92 205.587 800.337 227.753 152.119 572.585
internal_count=425447 423754 352050 304746 71704 29392 47304 42312 1693 548 1145 436 514 709
is_linear=0
shrinkage=0.03


Tree=271
num_leaves=12
num_cat=0
split_feature=15 15 15 15 11 14 18 18 28 1 2
split_gain=121.49 121.467 134.261 175.316 131.877 84.1555 57.6067 118.979 110.481 99.0845 53.7248
threshold=-0.65833333333333321 -0.54195804195804176 -0.48979591836734687 -0.29772727272727267 62.500000000000007 71945657.583333343 150.50000000000003 255.50000000000003 4801.927545409847 7054.5000000000009 33.205555555555563
decision_type=2 2 2 2 2 2 2 2 2 2 2
left_child=6 5 4 -4 -3 10 -1 9 -9 -8 -2
right_child=1 2 3 -5 -6 -7 7 8 -10 -11 -12
leaf_value=-0.029271562659995694 0.022635570847621321 0.022438250001958635 0.0070447544761359435 1.6401508302385135e-05 -0.0066944435157241912 -0.024349741587672551 -0.021674456571941735 0.018024507975375036 -0.022581935522360728 0.035662863522008648 -0.022182265163303176
leaf_weight=139.25556151964702 363.97699517011642 130.67979850131087 3272.5336268059909 112789.24505633838 3575.9035234532785 29.084694240242243 26.590584947145544 61.287805914413184 311.44003013643669 73.814053921028972 13.399613559246061
leaf_count=2780 491 482 4591 375274 35347 204 355 257 4979 624 63
internal_value=2.34986e-05 9.24759e-05 3.56454e-05 0.00021572 -0.00557298 0.0161698 -0.0131434 -0.00758132 -0.0153886 0.0193745 0.0201806
internal_weight=120787 120175 119768 116062 3706.58 406.461 612.388 473.132 372.728 100.405 377.377
internal_count=425447 416452 415694 379865 35829 758 8995 6215 5236 979 554
is_linear=0
shrinkage=0.03


Tree=272
num_leaves=16
num_cat=0
split_feature=14 1 30 15 27 14 1 14 0 0 23 0 0 12 15
split_gain=119.375 185.381 278.701 238.068 169.753 173.766 222.454 167.005 368.758 337.999 152.984 121.452 110.813 88.6177 23.2924
threshold=599978.80000000016 140.50000000000003 1.5000000000000002 0.32051282051282054 788853.02521919645 252619.18750000003 177.50000000000003 2805202.7083333335 10981796.000000002 57385765.500000007 0.086729095483308358 1265340.0000000002 20561620.000000004 50.500000000000007 0.15587044534412958
decision_type=2 2 2 2 2 2 2 2 2 2 2 2 2 2 2
left_child=4 2 10 -4 5 11 -7 8 -3 -9 -2 -1 13 -6 -14
right_child=1 7 3 -5 12 6 -8 9 -10 -11 -12 -13 14 -15 -16
leaf_value=0.0012181825305006503 0.017289032318699646 -0.0032918667793724451 -0.013734595004213755 0.004045865133011509 0.017840998239245578 -0.011091280307750639 0.010135009048401833 -0.0043504817608050273 0.0079693989007552299 0.00048416516323968419 -0.00096772925265282907 0.012989545692599662 -0.031487937029394501 0 -0.0010814057031446325
leaf_weight=2179.8812086039688 474.04954931000248 4262.4643937213114 3224.2174115905073 846.62228833511472 1211.979698110139 1600.2143446858972 598.42013245262206 15532.807482249395 6725.6803705740022 79833.4451786672 2637.0092560704798 1230.2556236581877 41.163011308759451 312.66556125599891 43.45760627835989
leaf_count=4580 879 13420 14268 1190 2066 4362 1124 63285 14941 294871 7614 1805 127 840 75
internal_value=2.26686e-05 -0.000215117 -0.00487496 -0.0100281 0.00375977 0.00127695 -0.00527087 9.99132e-05 0.00359973 -0.000303525 0.00187417 0.00551192 0.0123029 0.0142078 -0.0186876
internal_weight=120754 113536 7181.9 4070.84 7218.04 5608.77 2198.63 106354 10988.1 95366.3 3111.06 3410.14 1609.27 1524.65 84.6206
internal_count=425447 410468 23951 15458 14979 11871 5486 386517 28361 358156 8493 6385 3108 2906 202
is_linear=0
shrinkage=0.03


Tree=273
num_leaves=9
num_cat=0
split_feature=5 4 23 26 14 11 5 7
split_gain=119.344 119.952 190.506 151.931 159.602 150.612 147.98 92.2091
threshold=1.0000000180025095e-35 6.6975214198286421 0.055616105669962231 0.083040880838132519 71945657.583333343 143.50000000000003 0.77113095238095253 20.553626904965824
decision_type=2 2 2 2 2 2 2 2
left_child=-1 3 7 5 -5 -2 -4 -3
right_child=1 2 6 4 -6 -7 -8 -9
leaf_value=-0.027052481229332518 0.002315113723858547 -0.04399875785895211 -0.020427208613766287 -8.8299679697483345e-05 -0.0036685808839063356 0.023922857875312658 0.0068264514087580152 0.027594421166077538
leaf_weight=131.34683277650038 13915.69957600534 85.453903388231993 172.19535992760211 88954.556736856233 12809.462543969508 282.13218525145203 4353.5739902667701 8.2663349732756597
leaf_count=14563 39819 421 1028 279294 76710 498 13096 18
internal_value=2.20078e-05 5.51094e-05 0.00478805 -0.000133769 -0.000539734 0.0027714 0.00571885 -0.0344722
internal_weight=120713 120581 4619.49 115962 101764 14197.8 4525.77 93.7202
internal_count=425447 410884 14563 396321 356004 40317 14124 439
is_linear=0
shrinkage=0.03


Tree=274
num_leaves=8
num_cat=0
split_feature=15 15 4 13 28 10 10
split_gain=119.155 116.851 116.561 129.604 124.219 8.30848 9.23807
threshold=-0.74166666666666659 -0.70714285714285696 4.5519814719505929 700.70859348148917 2221493.4076317656 1.37937595129376 1.1173533083645446
decision_type=2 2 2 2 2 2 2
left_child=-1 5 3 -3 -4 6 -2
right_child=1 2 4 -5 -6 -7 -8
leaf_value=-0.028760261825497006 0.020089131755543093 -0.00097875896709415664 0.0026238896893243987 0.0016428213202689538 -0.0066891345019529404 0.054302276374728752 -0.0079980680680098188
leaf_weight=114.31551396194845 10.07147768512368 77249.792358633422 20203.918639681884 21729.428620122024 1360.9665809031576 22.211450507864356 5.567608267068862
leaf_count=2136 20 264042 64751 87834 6568 35 61
internal_value=2.11867e-05 5.2295e-05 3.24885e-05 -0.000402765 0.00203051 0.044651 0.0100905
internal_weight=120696 120582 120544 98979.2 21564.9 37.8505 15.6391
internal_count=425447 423311 423195 351876 71319 116 81
is_linear=0
shrinkage=0.03


Tree=275
num_leaves=16
num_cat=0
split_feature=14 28 3 15 5 6 26 13 1 8 12 3 14 9 6
split_gain=117.597 332.975 347.573 318.477 213.167 270.764 189.852 159.617 321.171 258.219 211.612 255.759 231.333 191.193 111.534
threshold=31603146.750000004 614973.22043018707 2.3917306052855927 0.18465909090909094 0.93513323983169716 0.16302800189843383 0.45018798114514952 502.82612685119256 14105.000000000002 90.416620780138985 51.500000000000007 32.583717357910913 76133010.620370388 53.500000000000007 0.26713615023474185
decision_type=2 2 2 2 2 2 2 2 2 2 2 2 2 2 2
left_child=1 4 14 -4 5 -1 -6 8 13 -10 12 -12 -9 -2 -3
right_child=7 2 3 -5 6 -7 -8 10 9 -11 11 -13 -14 -15 -16
leaf_value=0.0063175770691175593 0.061011681886915442 -0.020745049063597851 0.014069543783155225 -0.00080110213550888237 0.0021520959189052641 -0.0080286528145105396 -0.00098401973460540432 0.0014145743694394472 0.011130141726327763 -0.0026798839685724276 0.0049059041983255565 -0.014703635806907636 -0.0060197670637951589 -0.0093667786099409182 0.012523197526702955
leaf_weight=1498.5451274118386 20.073151833028533 477.56905609206297 4041.6417623419547 1897.0397293381393 35047.840783722699 5430.110088524234 34407.324104599655 7864.3205789347412 1547.2127827113727 5522.0772463104222 8834.1809243286261 626.96666455548257 7198.7237793856766 6182.3017451839987 99.349737162003294
leaf_count=9999 147 3369 12448 2734 88479 27533 106199 24175 5987 25288 39459 2344 43141 33665 480
internal_value=2.0656e-05 0.000653184 0.00715509 0.00932421 9.68783e-05 -0.00491455 0.00059819 -0.00136561 -0.0040138 0.000355565 6.78481e-05 0.00358205 -0.00213881 -0.00898754 -0.0147932
internal_weight=120695 82899.4 6515.6 5938.68 76383.8 6928.66 69455.2 37795.9 13271.7 7069.29 24524.2 9461.15 15063 6202.37 576.919
internal_count=425447 251241 19031 15182 232210 37532 194678 174206 65087 31275 109119 41803 67316 33812 3849
is_linear=0
shrinkage=0.03


Tree=276
num_leaves=16
num_cat=0
split_feature=14 0 14 0 0 14 27 17 6 27 13 13 6 31 26
split_gain=115.534 328.692 414.188 289.721 205.809 176.904 172.526 161.254 215.835 164.892 159.078 154.005 89.0907 86.8811 31.6768
threshold=1815890.027777778 24150176.000000004 3225469.464285715 10981796.000000002 57385765.500000007 968726.70000000007 882687.61406101368 0.14910929650068286 0.24037037037037037 10533471.555006446 192.12813151014083 6.45850885720664 0.15925559947299081 0.078464833032188999 0.38197371580771516
decision_type=2 2 2 2 2 2 2 2 2 2 2 2 2 2 2
left_child=3 7 12 5 -4 6 -1 9 -9 -2 13 -7 -3 -5 -12
right_child=1 2 4 10 -6 11 -8 8 -10 -11 14 -13 -14 -15 -16
leaf_value=-0.00042452493661044091 -0.0094370212175802562 0.026625936720891853 -0.0038685998075363866 0.0081372112232006837 0.00032388350943405561 -0.012310099562505478 0.0082278265040504114 -0.015443086514102053 0.006080305874697216 0.020299050071318072 -0.045984539084776038 0.00030979436100470444 0.0090429747396847619 0.019766188630161281 -0.0087849267529235119
leaf_weight=6712.4015688970685 5910.7825792534277 278.38776507694274 12122.576676841534 3138.5536642072257 79913.94787424861 1629.1685204985552 2981.9285647072829 540.35166615771595 1695.4466992232483 158.43524773325771 32.473111346364021 1837.9230869517196 2945.2216732412344 717.90413883957081 57.209774831309915
leaf_count=14911 25003 531 48830 5648 296216 5266 6937 2631 5388 816 137 5853 5821 1319 140
internal_value=2.0156e-05 -0.000356963 0.000142148 0.00230321 -0.000228543 0.000159862 0.00224241 -0.00607541 0.000796915 -0.00860771 0.0094166 -0.0056391 0.010687 0.010378 -0.0272001
internal_weight=120673 103565 95260.1 17107.6 92036.5 13161.4 9694.33 8305.02 2235.8 6069.22 3946.14 3467.09 3223.61 3856.46 89.6829
internal_count=425447 385236 351398 40211 345046 32967 21848 33838 8019 25819 7244 11119 6352 6967 277
is_linear=0
shrinkage=0.03


Tree=277
num_leaves=16
num_cat=0
split_feature=15 15 1 5 11 26 5 27 31 31 17 26 29 11 14
split_gain=116.984 172.624 216.986 140.13 139.712 130.792 122.068 144.968 206.191 183.142 118.537 80.0049 47.7226 36.7613 33.1901
threshold=-0.42640692640692635 -0.29772727272727267 1646.5000000000002 0.14670014347202298 121.50000000000001 0.083040880838132519 0.92031746031746042 139669035.29119322 0.068510534733328701 1.0000000180025095e-35 0.25445784628391271 4.0824390873314558 103530.48350613736 60.500000000000007 7433344.1750000007
decision_type=2 2 2 2 2 2 2 2 2 2 2 2 2 2 2
left_child=6 2 12 10 -4 -5 11 8 -8 -9 -3 13 -2 -1 -13
right_child=1 3 4 5 -6 -7 7 9 -10 -11 -12 14 -14 -15 -16
leaf_value=0.010666026914291029 0.027706608698820145 -0.028493664587385201 0.004827678494517631 0.0028811350534010635 -0.02440427263335895 -0.00029474003035783928 -0.01130154844753228 0.02702832411179765 0.0038412390041276056 -0.001416081308392648 0.0066377605444497669 0.0344901569006546 0.0090766987751662899 -0.028633668038031548 -0.012905018677085526
leaf_weight=14.430229496909304 451.10777565464377 263.77946288394742 2356.2549916133285 13212.932509090751 141.82653933763504 99089.267249505967 2293.0854741721414 275.65417002141476 1233.1140550239943 670.68976883636788 116.42593902838416 18.993597416789274 203.02374394983053 291.055923355103 10.556979156215673
leaf_count=79 255 13105 3562 34877 378 324215 18156 1634 11684 7427 3077 104 227 6398 269
internal_value=1.95704e-05 0.000210394 0.00711781 1.59754e-05 0.00302036 7.89858e-05 -0.00455829 -0.00320347 -0.00600379 0.00713054 -0.0178162 -0.0216462 0.0223023 -0.0262713 0.0182406
internal_weight=120642 115835 3152.21 112682 2498.08 112302 4807.58 4472.54 3526.2 946.344 380.205 335.037 654.132 305.486 29.5506
internal_count=425447 379696 4422 375274 3940 359092 45751 38901 29840 9061 16182 6850 482 6477 373
is_linear=0
shrinkage=0.03


Tree=278
num_leaves=6
num_cat=0
split_feature=15 5 17 15 18
split_gain=115.03 113.246 113.853 299.348 266.798
threshold=-0.74166666666666659 1.0000000180025095e-35 0.19823817908763888 0.042572463768115944 12.500000000000002
decision_type=2 2 2 2 2
left_child=-1 -2 3 -3 -4
right_child=1 2 4 -5 -6
leaf_value=-0.028595111432286144 -0.026894065895202015 -0.0015801142397826597 -0.0041202578946519745 0.002353084132226927 0.0028303594610048824
leaf_weight=111.30681434902363 125.22907092794776 62881.330239143223 6055.7191215762869 24065.387481532991 27367.210739835165
leaf_count=2136 14539 265388 22733 33689 86962
internal_value=1.90288e-05 4.92659e-05 8.08937e-05 -0.000490908 0.00156883
internal_weight=120606 120495 120370 86946.7 33422.9
internal_count=425447 423311 408772 299077 109695
is_linear=0
shrinkage=0.03


Tree=279
num_leaves=16
num_cat=0
split_feature=14 0 14 0 15 0 1 15 12 30 1 15 28 28 17
split_gain=115.671 381.552 395.673 377.496 306.665 178.691 400.717 391.207 199.086 275.281 239.559 167.218 296.88 112.894 99.3188
threshold=31603146.750000004 140995146.50000003 5831493.041666667 24150176.000000004 0.32051282051282054 533898685.50000006 46183.000000000007 0.90454545454545465 51.500000000000007 23.500000000000004 17498.500000000004 0.32051282051282054 507361.0444681943 1922562.49176827 0.28733189404010778
decision_type=2 2 2 2 2 2 2 2 2 2 2 2 2 2 2
left_child=1 2 3 -1 -4 6 7 -2 10 -10 -7 12 -3 -8 -13
right_child=5 11 4 -5 -6 8 13 -9 9 -11 -12 14 -14 -15 -16
leaf_value=-0.00087397314286933897 -0.010022467655827592 0.0032404556346035062 -0.0058085679394122638 0.005660351387913513 0.0020503783244108916 0.0045416688070840225 0.012332787895386308 0.0016984271069742255 0.0092334106441926567 -0.0013918710586491661 -0.003949435224930669 0.00085285338833730804 0.01265771553284013 -0.024582547645577522 -0.016768361674239313
leaf_weight=23731.310652651358 7642.1521947861766 12472.90670218505 16892.934560173249 11949.277553123888 6058.5431174747646 3955.8561590801692 1404.9726423199754 3840.3858601152897 4250.0356794558465 4504.9537047923077 12082.385885325726 7424.1962659731507 3971.295994836255 64.510670752730221 284.42834491282701
leaf_count=69841 59768 35008 86889 29431 8058 16668 6403 5294 17437 17506 50461 10224 11220 669 570
internal_value=1.82203e-05 0.000645992 -0.000660893 0.00131496 -0.00373274 -0.00135756 -0.00421128 -0.00610265 0.00013367 0.00376963 -0.00185094 0.0038182 0.00552602 0.01046 0.000167489
internal_weight=120530 82784.9 58632.1 35680.6 22951.5 37745.3 12952 11482.5 24793.2 8754.99 16038.2 24152.8 16444.2 1469.48 7708.62
internal_count=425447 251241 194219 99272 94947 174206 72134 65062 102072 34943 67129 57022 46228 7072 10794
is_linear=0
shrinkage=0.03


Tree=280
num_leaves=16
num_cat=0
split_feature=14 17 17 17 22 2 21 1 1 30 18 15 2 17 17
split_gain=114.175 162.628 234.194 208.888 201.308 188.295 240.823 133.204 89.2041 81.0014 76.3312 58.187 24.6199 33.2481 25.4801
threshold=185965.20454545456 1.0000000180025095e-35 0.069544728845357909 0.11827412620186807 3339.0000000000005 2.7327380952380955 74.500000000000014 1646.5000000000002 115.50000000000001 28.500000000000004 506.50000000000006 0.44671201814058964 6.2866071428571439 0.12309262901544572 0.13826865702867511
decision_type=2 2 2 2 2 2 2 2 2 2 2 2 2 2 2
left_child=8 5 4 -4 -3 7 -7 -2 9 11 -11 -1 13 -10 -14
right_child=1 2 3 -5 -6 6 -8 -9 12 10 -12 -13 14 -15 -16
leaf_value=-0.0025074069040078792 -0.0078025073203322965 0.0023661194007407204 -0.0026815763536689138 0.00065903265329077644 0.012356998484475828 0.019237976558068953 -0.0024040064326444543 -0.029142419336388427 0.028892207178953053 0.00047353602345107191 0.019527186801961815 0.017272438322766672 0.0029238253182016522 -0.0042366137520646521 0.024880947178726302
leaf_weight=1339.0502762806136 1160.0892901592888 14130.680787783582 23465.975383659243 59588.388267002185 2072.7933085523546 460.93658615427557 16524.006139870849 336.08860491483938 201.56427782587707 335.85443842038512 430.7739271055907 133.44530530832708 168.1177088432014 25.382050443440676 56.680086506530643
leaf_count=3003 7849 43183 96348 206623 3878 1610 57534 3492 196 610 568 194 272 54 33
internal_value=1.75538e-05 -0.000122206 0.000358746 -0.000284767 0.00365628 -0.00270511 -0.00179847 -0.0128577 0.00611062 0.00357998 0.0113876 -0.000538585 0.0180716 0.0250301 0.00979522
internal_weight=120430 117739 99257.8 83054.4 16203.5 18481.1 16984.9 1496.18 2690.87 2239.12 766.628 1472.5 451.744 226.946 224.798
internal_count=425447 420517 350032 302971 47061 70485 59144 11341 4930 4375 1178 3197 555 250 305
is_linear=0
shrinkage=0.03


Tree=281
num_leaves=16
num_cat=0
split_feature=5 10 5 5 15 27 8 9 10 28 29 22 1 1 24
split_gain=112.518 178.709 164.162 172.755 163.536 202.877 160.215 161.043 174.218 148.198 172.659 118.986 118.728 102.82 11.14
threshold=3.2994252873563221 3.077651515151516 0.14670014347202298 2.2366028708133974 0.54509283819628662 51045284.66005408 87.967271482623474 92.500000000000014 1.7095265926358858 2328454.9235774498 1397037.1398164532 11569.500000000002 4499.5000000000009 1778.5000000000002 115.18883415435143
decision_type=2 2 2 2 2 2 2 2 2 2 2 2 2 2 2
left_child=1 4 14 -4 5 -1 7 13 -9 11 -11 -8 -6 -2 -3
right_child=6 2 3 -5 12 -7 9 8 -10 10 -12 -13 -14 -15 -16
leaf_value=-0.0027313317087571017 0.0039600274468586331 -0.029515258122329149 0.010542896768856556 -0.0088937514858346608 0.004032494327104728 0.0010427460727684111 0.00074904012493708376 -0.00059916431115433701 0.0149125905460482 -0.023986655345798535 -0.0014328349748295322 0.0084660465654225383 -0.00046521372939036876 -0.027996851047357958 0.0030284353033356729
leaf_weight=43388.860545777483 180.03940267115831 104.51196553371847 2693.3583877691999 471.81213317066431 9046.3271714933217 18168.645344131684 27268.727117966395 950.1853318233043 2026.459039714653 436.94678342808038 959.00654981983826 1912.0022660251707 12634.58283675462 158.49372356571257 5.6384894605725995
leaf_count=167970 578 8649 8889 1905 12147 100292 85291 3193 5720 2624 4401 3734 19025 989 40
internal_value=1.73529e-05 -0.000556405 0.00630012 0.00760788 -0.000827647 -0.00161695 0.00148243 0.00773239 0.00997282 0.000800362 -0.00869361 0.0012598 0.00141156 -0.0114697 -0.0274464
internal_weight=120406 86513.7 3275.32 3165.17 83238.4 61557.5 33891.9 3315.18 2976.64 30576.7 1395.95 29180.7 21680.9 338.533 110.15
internal_count=425447 318917 19483 10794 299434 268262 106530 10480 8913 96050 7025 89025 31172 1567 8689
is_linear=0
shrinkage=0.03


Tree=282
num_leaves=16
num_cat=0
split_feature=14 0 14 0 0 15 14 15 10 13 0 15 26 17 17
split_gain=114.307 334.852 414.743 429.101 331.729 245.859 274.557 222.118 204.621 179.924 131.35 100.926 54.1071 51.5056 24.4203
threshold=2303145.1597222225 35844920.000000007 7587902.4750000006 97088341.500000015 12000974.500000002 0.24404761904761907 1127719.0416666667 0.32051282051282054 1.1299795709908074 20.970454458548843 109559049.00000001 0.5634920634920636 0.17609943355593732 0.29006659984588629 0.26496693491935736
decision_type=2 2 2 2 2 2 2 2 2 2 2 2 2 2 2
left_child=4 7 9 -4 5 6 -1 8 -2 -3 11 -6 -12 -9 -7
right_child=1 2 3 -5 10 14 -8 13 -10 -11 12 -13 -14 -15 -16
leaf_value=0.00075767108445507663 -0.040234047476301799 -0.0050887628141741189 -0.0061895370420822545 0.00030324222634997783 0.010894073955522906 0.010718663802696659 -0.0094096473603226954 0.0036303889807488667 -0.0067449414276429696 0.0065482007319901669 -0.037224487529284686 -0.00033824120756633351 -0.0015200353256638835 -0.019314744080768852 -0.0036355967440451606
leaf_weight=9555.4264597753063 153.45614164695144 1325.6202969844453 10628.765533452563 65705.839140752214 4521.2465521901613 1747.5968965962529 3170.1146307273302 2367.2171866595745 8884.6911420313409 11119.082237318973 59.680221533402801 848.6055205296725 84.742503777146339 76.322566367685795 103.29946327768266
leaf_count=22995 669 3408 49701 249268 9183 2416 12324 3109 44212 26097 188 1382 138 166 191
internal_value=1.66323e-05 -0.00039706 0.000226427 -0.000601452 0.00208138 -0.000289689 -0.0017809 -0.00521464 -0.00738258 0.00530158 0.00833826 0.00911745 -0.0185767 0.00278804 0.00987868
internal_weight=120352 100261 88779.3 76334.6 20090.7 14576.4 12725.5 11481.7 9038.15 12444.7 5514.27 5369.85 144.423 2443.54 1850.9
internal_count=425447 376630 328474 298969 48817 37926 35319 48156 44881 29505 10891 10565 326 3275 2607
is_linear=0
shrinkage=0.03


Tree=283
num_leaves=16
num_cat=0
split_feature=4 12 8 5 27 6 23 0 10 12 2 12 15 1 18
split_gain=112.862 177.84 114.85 175.972 185.901 153.049 192.923 169.217 149.767 98.3201 90.5969 86.5706 83.4404 70.1868 43.9785
threshold=0.456832298136646 70.500000000000014 90.594372447527917 0.68148880105401854 303215596.0586769 0.19378911892152145 0.095133961002133907 2735972870.0000005 2.5320512820512828 39.500000000000007 2.3357843137254908 72.500000000000014 0.44671201814058964 23989.500000000004 1.0000000180025095e-35
decision_type=2 2 2 2 2 2 2 2 2 2 2 2 2 2 2
left_child=1 9 3 8 -5 7 -7 -4 -2 10 -1 14 -11 -13 -3
right_child=2 11 5 4 -6 6 -8 -9 -10 12 -12 13 -14 -15 -16
leaf_value=-0.020260713322999915 -0.015634222461081891 0.04552863128754394 0.0020156906391971797 0.0031084428871017825 -0.0064045799240443528 0.002027165506325466 -0.0016530199993805153 0.021400783499396489 0.0057935022360442144 -0.013236716024375692 0.033536495035752061 0.011959803688166164 -0.0012563879385483771 -0.024245054583567308 -0.00948707625901009
leaf_weight=28.098448715405539 897.16886513470672 71.548570714658126 12632.709143958578 24386.197410066146 1984.6009567705914 16259.198330400046 60318.380111957318 404.43858990131412 420.83388980495511 1757.740772593068 77.094955041306093 223.93038459855597 755.28296489827335 45.427459280472249 8.9838195142801833
leaf_count=347 6553 148 53367 80697 9376 44525 206752 1466 3602 15972 213 893 1143 303 90
internal_value=1.57388e-05 -0.00574646 0.00016251 0.0018509 0.00238815 -0.000359051 -0.000870995 0.00264326 -0.00878171 -0.00844887 0.0181818 0.0139094 -0.00967674 0.00479147 0.0385513
internal_weight=120272 2968.11 117304 27688.8 26370.8 89614.7 76577.6 13037.1 1318 2618.22 105.193 349.89 2513.02 269.358 80.5324
internal_count=425447 19109 406338 100228 90073 306110 251277 54833 10155 17675 560 1434 17115 1196 238
is_linear=0
shrinkage=0.03


Tree=284
num_leaves=16
num_cat=0
split_feature=14 0 14 0 15 1 14 0 17 1 3 17 15 15 15
split_gain=113.873 484.021 438.716 309.75 412.613 348.361 290.83 286.334 249.415 559.262 246.462 215.469 208.356 156.237 123.225
threshold=14470667.66134752 78935608.000000015 5046954.8253968256 306033072.00000006 0.32051282051282054 22597.500000000004 60890640.514285721 24150176.000000004 1.0000000180025095e-35 3160.5000000000005 9.1088485746020016 0.084781855344772353 0.44671201814058964 0.30384615384615393 1.4500000000000002
decision_type=2 2 2 2 2 2 2 2 2 2 2 2 2 2 2
left_child=1 2 7 4 5 -2 13 -1 9 -3 -10 -8 -4 -5 -6
right_child=3 8 12 6 14 -7 11 -9 10 -11 -12 -13 -14 -15 -16
leaf_value=-0.00046107648947991855 -0.0084502479369684483 0.010038607133890104 -0.0074658556898551829 0.0050054326346822128 0.0037224289441400204 0.007261368374046809 0.0025209265424008987 0.0060094852742491557 0.010876793633639852 -0.014149072998366813 0.0019726131959725032 -0.004275961970114853 0.0015331035007023254 -0.00035086814698212309 -0.0097997584936588278
leaf_weight=23259.485400018166 12416.784823860624 1769.9884430367965 9751.8976136935526 13397.780061385594 5817.6688968613744 1401.0666432343423 6211.2429989103694 8350.7201047978597 7509.5593070104951 1645.4711743313819 4480.6168419141322 12856.405958246207 3022.4810853861272 7704.518034696579 661.51556327939034
leaf_count=67563 77635 4282 49533 42397 7486 9197 34152 20089 16672 5330 8531 66195 4075 11162 1148
internal_value=1.53498e-05 0.000943843 -0.000646157 -0.000902262 -0.00392167 -0.00684885 0.000623529 0.00124939 0.00552285 -0.0016165 0.00755851 -0.00206008 -0.00533501 0.00304955 0.00231777
internal_weight=120257 59790.2 44384.6 60467 20297 13817.9 40169.9 31610.2 15405.6 3415.46 11990.2 19067.6 12774.4 21102.3 6479.18
internal_count=425447 176075 141260 249372 95466 86832 153906 87652 34815 9612 25203 100347 53608 53559 8634
is_linear=0
shrinkage=0.03


Tree=285
num_leaves=14
num_cat=0
split_feature=15 31 5 10 1 2 15 10 4 6 10 13 13
split_gain=113.279 119.443 134.135 141.62 100.712 147.733 133.622 60.0262 59.3026 91.1001 122.919 79.4152 67.5025
threshold=-0.65833333333333321 0.14837129237288138 0.10102040816326532 3.077651515151516 10878.500000000002 2.9327683615819216 0.32051282051282054 1.8350168350168354 2.9119263089851328 0.54964788732394376 1.438923395445135 2255.8811284549015 2716.4604866318759
decision_type=2 2 2 2 2 2 2 2 2 2 2 2 2
left_child=8 2 7 -4 6 -6 -3 -2 9 -1 -11 -10 -13
right_child=1 4 3 -5 5 -7 -8 -9 11 10 -12 12 -14
leaf_value=-0.027829378059756275 0.0032303890504817084 -0.019088450337816028 3.9755934267969772e-05 0.0054918726729570998 -0.02463153074289191 0.011150118099691282 0.00079471398728029414 -0.03088575911186479 -0.03110512972457051 -0.0087814795130988551 0.032859859700650765 0.041739625705079733 -0.018414459177524864
leaf_weight=93.745477476797532 56.931963354814798 832.0422073652735 113021.89371136855 4442.4573166314512 119.18125643406529 443.73280734475702 468.43344259634614 164.88577476638602 203.01447862980422 186.52789055742323 78.390096997725777 16.782113410532475 21.858036484802142
leaf_count=2203 1107 6181 376245 15494 1313 1830 665 13617 3237 2228 785 75 467
internal_value=1.48519e-05 8.11732e-05 0.000201189 0.000246883 -0.00742375 0.00307976 -0.0119763 -0.0223528 -0.0128239 -0.00462247 0.00453373 -0.0238979 0.0115185
internal_weight=120150 119550 117686 117464 1863.39 562.914 1300.48 221.818 600.318 358.663 264.918 241.655 38.6401
internal_count=425447 416452 406463 391739 9989 3143 6846 14724 8995 5216 3013 3779 542
is_linear=0
shrinkage=0.03


Tree=286
num_leaves=16
num_cat=0
split_feature=14 1 31 14 0 0 14 5 5 8 3 19 7 13 18
split_gain=111.033 121.591 266.842 264.032 236.635 199.754 190.63 155.69 57.1964 75.8982 75.5699 71.237 51.166 49.2817 38.8954
threshold=64525.439516129038 140.50000000000003 0.021690017985170815 2005537.9671052634 24150176.000000004 10981796.000000002 1376570.0538461541 1.5629401408450707 1.5187529301453355 92.427337415753598 7.5871290545203598 169549565.00000003 8.5242763772175554 6.0031452362226041 33.500000000000007
decision_type=2 2 2 2 2 2 2 2 2 2 2 2 2 2 2
left_child=8 2 7 5 -5 -3 -4 -2 10 11 13 -10 -12 -1 -11
right_child=1 3 6 4 -6 -7 -8 -9 9 14 12 -13 -14 -15 -16
leaf_value=-0.026452610268199724 -0.0071032490956030531 0.0013500916112212087 -0.0032040204304220605 -0.0060856648412477817 0.0001613419261376229 0.010410458595282404 -0.014067675047633283 0.0049972170527661725 0.0079060481167763184 4.7484399492545172e-05 -0.012832644952295217 -0.028851178427728344 0.028838545956406173 0.019377164728008892 0.022430207946926763
leaf_weight=100.67909931088798 1249.1253745406866 5233.5298399692401 4067.349215721013 5782.679705252347 92849.653710334736 3768.5730079727946 2266.9973002972547 3916.6089506391436 178.41773189231753 84.483925398439169 28.962082909420133 47.818378727883101 60.568188743665814 13.656763533130286 482.94365862943232
leaf_count=425 4312 13945 10931 24384 344489 7034 10225 8434 274 145 79 162 30 14 564
internal_value=1.40763e-05 -6.97415e-05 -0.00299995 0.000243429 -0.000205477 0.00515739 -0.00712078 0.00205332 0.00990676 0.0135044 -0.00392752 -0.00104965 0.0151643 -0.0191341 0.0192362
internal_weight=120132 119135 11500.1 107634 98632.3 9002.1 6334.35 5165.73 997.53 793.664 203.866 226.236 89.5303 114.336 567.428
internal_count=425447 423754 33902 389852 368873 20979 21156 12746 1693 1145 548 436 109 439 709
is_linear=0
shrinkage=0.03


Tree=287
num_leaves=16
num_cat=0
split_feature=14 0 14 0 15 0 15 11 1 26 6 15 28 15 30
split_gain=111.593 339.818 348.656 312.8 259.148 171.044 382.203 285.731 231.288 244.467 206.468 160.518 272.16 113.083 80.1707
threshold=31603146.750000004 140995146.50000003 5046954.8253968256 24934866.500000004 0.32051282051282054 888774530.00000012 0.6430084745762713 101.50000000000001 46183.000000000007 0.12896510068453665 0.64747307373653695 0.32051282051282054 507361.0444681943 1.2916666666666667 9.5000000000000018
decision_type=2 2 2 2 2 2 2 2 2 2 2 2 2 2 2
left_child=1 2 3 -1 -4 6 7 -2 10 -10 -7 12 -3 -8 -13
right_child=5 11 4 -5 -6 8 13 -9 9 -11 -12 14 -14 -15 -16
leaf_value=-0.00038505632126222336 -0.0034792909594482018 0.0031069918620667933 -0.0050335867475781206 0.0061391394325537099 0.001827281590583586 0.011051316744286364 0.0038216134134233522 -0.013430528271228644 0.003683648199226936 -0.0054405846551872188 0.00066385414676962626 0.0046802237232877438 0.012121961419556534 -0.0076624652351158958 -0.0019723406116890188
leaf_weight=23608.75062656583 8825.7949412823655 12457.463630589657 18848.625931107847 9168.003273135866 6703.5534889064729 2932.3718816109467 6039.4059993326664 3682.2011608666508 4266.6626217942685 6884.8285228090826 4163.9093619999476 2325.4406463727355 3975.1873914469033 868.8453192487359 5357.9217931143939
leaf_count=68659 58108 35008 95395 21183 8982 12355 7999 35326 13225 31821 13884 2913 11220 1488 7881
internal_value=1.36627e-05 0.000631962 -0.00060616 0.00144089 -0.00323246 -0.00133868 -0.00329778 -0.00642379 0.000745208 -0.00194662 0.00497471 0.00362634 0.00529867 0.00235946 4.24186e-05
internal_weight=120109 82444.9 58328.9 32776.8 25552.2 37664 19416.2 12508 18247.8 11151.5 7096.28 24116 16432.7 6908.25 7683.36
internal_count=425447 251241 194219 89842 104377 174206 102921 93434 71285 45046 26239 57022 46228 9487 10794
is_linear=0
shrinkage=0.03


Tree=288
num_leaves=16
num_cat=0
split_feature=15 15 1 29 5 31 16 22 12 19 17 9 6 1 29
split_gain=112.592 158.144 213.288 135.519 123.933 120.941 120.492 215.675 264.645 149.299 116.397 110.328 188.859 70.8202 47.8154
threshold=-0.42640692640692635 -0.29772727272727267 1646.5000000000002 113184203.00741194 0.14670014347202298 0.14837129237288138 7.5000000000000009 3799.0000000000005 56.500000000000007 131272392.50000001 0.25445784628391271 366.50000000000006 0.56030303030303041 490235.00000000006 103530.48350613736
decision_type=2 2 2 2 2 2 2 2 2 2 2 2 2 2 2
left_child=6 2 14 -4 10 -6 7 9 -9 -1 -3 12 -8 -13 -2
right_child=1 4 3 -5 5 -7 11 8 -10 -11 -12 13 -14 -15 -16
leaf_value=0.0053448404624983764 0.027475388167678371 -0.028179927487317336 0.0037920156305085925 -0.044944943450925458 0.00019777646412638919 -0.0077338796121457602 -0.021674767029708671 0.018264032705303718 -0.021750602203934374 -0.0097037820884311697 0.0071406186720449532 -0.022939743962189056 0.075222557771036966 0.024324039811034596 0.0087462704659671577
leaf_weight=760.39905573287979 443.50862025097013 248.38021975429729 2447.6680108904839 37.419343866407871 109985.73515963182 1742.7441646158695 30.275878402928356 721.99331407435238 172.30674537690356 2528.5807606312446 113.97073846915737 534.60815742611885 16.613835647469386 17.641414199024439 200.57456543669105
leaf_count=7246 255 13105 3771 169 351359 7733 725 3702 1558 27562 3077 4760 70 128 227
internal_value=1.3225e-05 0.000200945 0.00683667 0.0027809 1.45422e-05 7.27682e-05 -0.00448964 -0.00264907 0.0102897 -0.00620705 -0.0171488 -0.0169134 0.0220833 -0.0207737 0.0220202
internal_weight=120002 115220 3129.17 2485.09 112091 111728 4782.42 4183.28 894.3 3288.98 362.351 599.139 46.8897 552.25 644.083
internal_count=425447 379696 4422 3940 375274 359092 45751 40068 5260 34808 16182 5683 795 4888 482
is_linear=0
shrinkage=0.03


Tree=289
num_leaves=16
num_cat=0
split_feature=17 17 18 15 6 11 1 1 17 27 7 17 12 15 6
split_gain=111.434 290.928 255.645 431.223 284.974 247.548 249.408 225.274 224.369 293.342 193.407 191.98 181.998 181.22 158.874
threshold=0.19823817908763888 0.13006633520126346 24.500000000000004 0.11437908496732027 1.3135791630084872 87.500000000000014 115.50000000000001 1156.5000000000002 0.11827412620186807 24448819.329522584 9.8626744757130034 0.086981520056724562 48.500000000000007 2.0714285714285716 0.6827332559039877
decision_type=2 2 2 2 2 2 2 2 2 2 2 2 2 2 2
left_child=1 8 7 4 -4 12 -7 14 11 -10 -9 -1 -3 -5 -2
right_child=2 5 3 13 -6 6 -8 10 9 -11 -12 -13 -14 -15 -16
leaf_value=-0.00010570559254213265 0.014580164543674288 0.0036792254457107061 0.0039258341063327677 -0.0013286341077819294 0.014166911275418885 0.0040839189564299263 -0.01062290958175165 -0.0093316666652392306 -0.00092685704022215916 0.0075417433182680838 0.0028565866058257081 -0.005778249347786586 -0.011293250434237751 -0.023421987788106544 -0.020344374501510255
leaf_weight=53913.40272272384 819.68424898874946 3618.9025450281333 13598.421384998364 9705.030203871429 2977.9199855276383 1230.7484334831825 6288.9883384573041 4187.9160547737265 7090.1763006011024 7622.4041755840881 1611.9242079545511 5950.1712584984489 899.33196513424627 331.45295397564769 122.3064488042146
leaf_count=191997 2206 9488 64696 14968 7701 3564 31199 18052 20001 24899 6648 25443 3432 785 368
internal_value=1.28286e-05 -0.000554316 0.00148606 0.00280855 0.00577858 -0.00487888 -0.00820854 -0.00372458 0.000144187 0.00346179 -0.00594045 -0.000671338 0.000664904 -0.00209511 0.00976647
internal_weight=119969 86614.1 33354.7 26612.8 16576.3 12038 7519.74 6741.83 74576.2 14712.6 5799.84 59863.6 4518.23 10036.5 941.991
internal_count=425447 310023 115424 88150 72397 47683 34763 27274 262340 44900 24700 217440 12920 15753 2574
is_linear=0
shrinkage=0.03


Tree=290
num_leaves=9
num_cat=0
split_feature=15 4 28 15 5 27 12 30
split_gain=110.101 108.527 123.647 112.807 114.997 104.717 72.8687 7.83748
threshold=-0.74166666666666659 4.5519814719505929 1035893.6794955595 -0.70714285714285696 3.7279220779220785 865287698.9786936 34.500000000000007 27.500000000000004
decision_type=2 2 2 2 2 2 2 2
left_child=-1 3 5 7 -5 -3 -4 -2
right_child=1 2 6 4 -6 -7 -8 -9
leaf_value=-0.02840400689985324 0.052567566995101594 0.0027007914618093504 0.020923167685305284 -0.00089432229125173683 0.001739363646547373 0.037001705833982573 -0.0048568629941890297 0.0097126740972493311
leaf_weight=107.58739195985254 22.584006894379854 18615.346686101519 87.4190666845534 80069.449123588274 18318.019514231477 65.699955746531487 2680.4620985820657 15.623907094821332
leaf_count=2136 28 58598 229 293926 57950 102 12398 80
internal_value=1.22653e-05 4.15697e-05 0.00197467 -0.000379623 -0.000403481 0.00285262 -0.00392347 0.0432857
internal_weight=119982 119875 21448.9 98425.7 98387.5 18681 2767.88 38.2079
internal_count=425447 423311 71327 351984 351876 58700 12627 108
is_linear=0
shrinkage=0.03


Tree=291
num_leaves=16
num_cat=0
split_feature=15 15 0 14 29 24 14 6 0 5 30 5 6 17 2
split_gain=107.999 171.851 253.949 198.654 121.354 259.473 141.035 219.682 159.113 138.631 119.269 117.902 115.109 112.56 75.0218
threshold=-0.36931818181818177 -0.29772727272727267 460012029.50000006 68058064.037500009 2413111.4542031982 5.2161084324013904 15000068.571428573 0.71516754850088193 300006034.00000006 1.7248188405797105 6.5000000000000009 0.14670014347202298 3.2010638297872345 0.25445784628391271 15.530487804878051
decision_type=2 2 2 2 2 2 2 2 2 2 2 2 2 2 2
left_child=4 2 14 -4 6 10 7 -1 -8 -7 -6 13 -13 -3 -2
right_child=1 11 3 -5 5 9 8 -9 -10 -11 -12 12 -14 -15 -16
leaf_value=-0.011733235356053634 0.018186151913441476 -0.02785299894179168 -0.011388024024977988 0.012009872012907178 0.029828356291847501 -0.030371840889374044 -0.03100489712796816 0.007821883193510867 -0.0083345562732708104 -0.0019771879682368124 0.0055500386830489483 -0.00010810060403309214 0.005175507029684564 0.006942457509928634 -0.003582728868844403
leaf_weight=1055.7114304024144 1338.8614287003875 243.58895914442837 800.083685323596 529.59824499487877 282.09541892027482 194.63425182603532 376.57712064846419 984.26561160758138 1052.1974463929655 610.48945731855929 504.21941914909985 107912.47056634352 3827.9912899658084 114.39153936970979 151.72225171327591
leaf_count=11758 1224 13105 1488 956 1500 2643 6569 4439 10310 4535 4512 351878 7214 3077 239
internal_value=1.22378e-05 0.000201601 0.0074958 -0.00201656 -0.00427025 0.00255837 -0.00740931 -0.00229529 -0.0145905 -0.00930797 0.0146928 1.68421e-05 7.33065e-05 -0.0168217 0.0159368
internal_weight=119979 114919 2820.27 1329.68 5060.19 1591.44 3468.75 2039.98 1428.77 805.124 786.315 112098 111740 357.98 1490.58
internal_count=425447 379181 3907 2444 46266 13190 33076 16197 16879 7178 6012 375274 359092 16182 1463
is_linear=0
shrinkage=0.03


Tree=292
num_leaves=16
num_cat=0
split_feature=14 28 3 13 14 2 15 13 5 1 3 10 14 17 7
split_gain=106.936 401.16 344.267 220.676 313.817 196.589 153.134 144.53 232.64 217.207 211.213 198.773 129.41 103.029 18.9663
threshold=19995885.222222228 669184.15091986256 2.601724137931035 86.626011356288672 7745007.2782805441 20.197402597402601 0.18465909090909094 796.53145505408008 0.58174245053800777 13744.500000000002 1.9012195121951221 1.8019480519480524 13660531.750000002 0.042838478460907943 1.0000000180025095e-35
decision_type=2 2 2 2 2 2 2 2 2 2 2 2 2 2 2
left_child=1 3 12 4 -1 -5 -4 8 13 -10 14 -12 -3 -2 -9
right_child=7 2 6 5 -6 -7 -8 10 9 -11 11 -13 -14 -15 -16
leaf_value=0.00039456365369078803 0.0083053173168784276 -0.00041201394311382562 0.019468420608860084 0.0040108813893315063 -0.0057389560710418962 -0.0064788731060069537 0.0039286531016414685 -0.0021449018992643399 -0.0045220056301155083 0.00070749556178404695 -0.00086265353006155586 0.0053394635907515709 -0.03346559489260538 -0.023506946866727541 -0.032887505505209982
leaf_weight=37786.756324136397 97.730518939904869 277.92490172735415 1971.9951955575962 17015.100135150133 9351.4894389045658 1760.0995493698865 820.62487191334367 24.857968486612663 14644.439572991803 13927.535540663637 14485.618429271504 6828.8676959644654 160.25103977497201 622.79291394772008 165.20465025538579
leaf_count=107522 1106 1506 4897 50454 35806 3742 1042 336 65414 53107 55126 33918 1215 7805 2451
internal_value=1.16449e-05 0.000779612 0.0110762 0.000272059 -0.000823033 0.00302153 0.0149581 -0.00103303 -0.00240389 -0.00197278 0.00083327 0.00112537 -0.0132742 -0.0190698 -0.029464
internal_weight=119941 69144.2 3230.8 65913.4 47138.2 18775.2 2792.62 50797 29292.5 28572 21504.5 21314.5 438.176 720.523 190.063
internal_count=425447 206184 8660 197524 143328 54196 5939 219263 127432 118521 91831 89044 2721 8911 2787
is_linear=0
shrinkage=0.03


Tree=293
num_leaves=16
num_cat=0
split_feature=17 17 19 15 7 7 18 11 3 5 17 15 31 15 31
split_gain=107.52 217.561 205.505 335.195 327.515 193.301 232.538 204.974 192.467 190.324 188.218 377.681 181.377 148.009 144.892
threshold=1.0000000180025095e-35 0.069544728845357909 176585468.00000003 0.22474747474747478 3.9543174841150859 6.8311326130025467 28.500000000000004 108.50000000000001 3.2416573971078981 4.8591269841269851 0.11787210404872896 0.6430084745762713 0.084647791544343279 0.12132352941176472 0.058645294275448893
decision_type=2 2 2 2 2 2 2 2 2 2 2 2 2 2 2
left_child=5 2 4 -4 -2 6 7 -1 14 -10 11 -3 -12 -8 -7
right_child=1 10 3 -5 -6 8 13 -9 9 -11 12 -13 -14 -15 -16
leaf_value=-0.0056313216088591427 0.017192496757015563 -0.004872295714483622 0.012251795734130292 -0.002607523811281117 -0.00096674101279527408 -0.021049584637980328 -0.0121325795780373 0.014104784935607507 0.0003024199021506496 0.013946492435695913 0.0014895314642084923 0.0035615753583682023 -0.0026402136569878341 -0.0013437202349857729 -0.00042921352668948479
leaf_weight=1041.4366618730128 978.37276746169664 16860.765315475059 4481.531251010485 1951.7030618079007 8897.5633748978726 611.61629211250693 3875.7069316301495 843.14636963361409 9943.6245265246835 999.6520817829296 48645.060457042069 6649.9724510032684 11897.103131302167 1636.3360502291471 607.8692451865063
leaf_count=3881 2636 86859 14163 2995 27620 4351 20109 3247 31804 2495 159077 9214 50437 2493 4066
internal_value=1.09709e-05 0.000407853 0.0035772 0.00774357 0.00085254 -0.00202271 -0.00584196 0.00322431 0.000301793 0.00156891 -0.000207282 -0.00248476 0.000677049 -0.00894751 -0.0109255
internal_weight=119921 100362 16309.2 6433.23 9875.94 19559.4 7396.63 1884.58 12162.8 10943.3 84052.9 23510.7 60542.2 5512.04 1219.49
internal_count=425447 353001 47414 17158 30256 72446 29730 7128 42716 34299 305587 96073 209514 22602 8417
is_linear=0
shrinkage=0.03


Tree=294
num_leaves=9
num_cat=0
split_feature=15 4 29 21 17 18 17 11
split_gain=106.483 105.464 168.503 116.267 110.704 294.305 251.655 92.9067
threshold=-0.74166666666666659 0.456832298136646 1172.6610817070739 94.500000000000014 0.19823817908763888 24.500000000000004 0.13006633520126346 100.50000000000001
decision_type=2 2 2 2 2 2 2 2
left_child=-1 2 3 -2 6 -6 -3 -4
right_child=1 4 7 -5 5 -7 -8 -9
leaf_value=-0.028255444775727404 -0.014034819139273314 0.00026812488574275248 -0.002419769024931781 0.011404968386909098 -0.0040864662540768242 0.0030940745563885889 -0.0044590335034930947 -0.015413969479088702
leaf_weight=104.82520738994936 196.90695769758895 72733.3719442453 844.12837625696557 670.42567176418379 6387.6485569064971 25947.885707875481 11760.015699722688 1227.7257157214917
leaf_count=2136 1829 250223 5080 2977 24947 83465 45619 9171
internal_value=1.05982e-05 3.91233e-05 -0.00555857 0.00545507 0.000180902 0.00167345 -0.000390133 -0.0101896
internal_weight=119873 119768 2939.19 867.333 116829 32335.5 84493.4 2071.85
internal_count=425447 423311 19057 4806 404254 108412 295842 14251
is_linear=0
shrinkage=0.03


Tree=295
num_leaves=16
num_cat=0
split_feature=14 13 27 5 14 15 10 17 24 15 27 5 12 19 17
split_gain=108.009 158.717 158.091 203.1 149.13 129.487 128.115 127.27 114.591 105.113 97.1091 87.6076 82.2105 68.9701 19.5032
threshold=599978.80000000016 2.3097261152362329 980387.38556132873 1.8211620469083158 526917.56250000012 -0.65833333333333321 1.9803921568627458 1.0000000180025095e-35 12.54665770282578 0.44671201814058964 3416415.9389426662 1.8592649647887327 52.500000000000007 488425560.00000006 0.13826865702867511
decision_type=2 2 2 2 2 2 2 2 2 2 2 2 2 2 2
left_child=1 4 3 9 6 13 -1 -7 -5 -2 11 -3 -6 -4 -12
right_child=2 10 5 8 12 7 -8 -9 -10 -11 14 -13 -14 -15 -16
leaf_value=0.0030211618150996948 -0.025642016246778726 0.015561204502831306 -0.01794217735408558 0.00042030081502551314 -0.039357855250420966 -0.0024327310405771714 -0.012719294570649003 0.00045837280649926393 -0.020040086735888113 0.0071973937662361993 -0.045806944367161838 0.0049206176005731801 0.0096799595399373623 0.014264623320531107 0.0036215725403135773
leaf_weight=3605.2359436554834 604.02322911983356 1241.8647198816761 495.42746181925759 1744.4158694818616 113.91917935851961 16045.103575374989 518.78987293550745 93376.668359198957 271.28395258076489 93.953905994072556 20.231783062918115 1635.5945029743016 32.517210356891155 55.486987566808239 5.0862293094396582
leaf_count=7102 2263 2492 8090 3905 444 63697 1642 330896 791 130 94 3141 59 696 5
internal_value=1.00281e-05 0.00357571 -0.000217131 -0.00735026 -0.00010177 -3.98628e-05 0.000994893 3.38852e-05 -0.00244629 -0.021121 0.00896887 0.00958018 -0.0283952 -0.0143532 -0.0374799
internal_weight=119860 7173.24 112686 2713.68 4270.46 109973 4124.03 109422 2015.7 697.977 2902.78 2877.46 146.436 550.914 25.318
internal_count=425447 14979 410468 7089 9247 403379 8744 394593 4696 2393 5732 5633 503 8786 99
is_linear=0
shrinkage=0.03


Tree=296
num_leaves=16
num_cat=0
split_feature=14 0 14 0 15 17 17 1 17 17 0 1 0 0 1
split_gain=106.673 279.449 447.329 439.859 325.384 240.888 296.453 252.443 202.082 571.708 275.729 192.557 227.736 172.702 171.381
threshold=37989986.51282052 207563041.00000003 12248963.035714287 57385765.500000007 0.32051282051282054 0.042604628950357444 0.14336954057216647 5944.5000000000009 0.084781855344772353 0.11746063828468324 582283805.50000012 12394.500000000002 211465368.00000003 500549812.00000006 7054.5000000000009
decision_type=2 2 2 2 2 2 2 2 2 2 2 2 2 2 2
left_child=1 2 3 -1 -4 7 -7 -3 11 14 -11 13 -13 -2 -10
right_child=8 5 4 -5 -6 6 -8 -9 9 10 -12 12 -14 -15 -16
leaf_value=-0.00076142103787567815 -0.013512152991883982 0.0056408968325255731 -0.0079534782097158124 0.0054571959452596576 0.0018864329028338022 0.008940346821156896 0.00082507625927432716 -0.0088601028287551321 -0.0020637591412791473 -0.0066469498448855115 0.00087735707348885958 0.023171077943660346 0.0028582582276753172 0.0023563979017001391 -0.023116117714270936
leaf_weight=38180.729272537807 1187.1316852638265 1876.5486247406807 10223.402334438695 13968.038998408127 4279.2473624870181 8943.9813091079704 7417.6924377176911 2503.3831378598697 456.90431629272643 6463.1576757469447 13529.469872963033 518.31549399124924 7505.7409639779362 1255.5377610712312 1535.7080047924537
leaf_count=121398 8266 4544 59653 34725 5708 18209 18807 6754 2752 36853 53580 2830 35272 6457 9639
internal_value=9.32929e-06 0.000554994 -0.000391126 0.00090475 -0.00504903 0.0035948 0.00526718 -0.00264239 -0.0014588 -0.0030921 -0.00155674 0.00196859 0.00421489 -0.00537887 -0.0183553
internal_weight=119845 87393 66651.4 52148.8 14502.6 20741.6 16361.7 4379.93 32452 21985.2 19992.6 10466.7 8024.06 2442.67 1992.61
internal_count=425447 269798 221484 156123 65361 48314 37016 11298 155649 102824 90433 52825 38102 14723 12391
is_linear=0
shrinkage=0.03


Tree=297
num_leaves=16
num_cat=0
split_feature=4 12 6 21 18 26 17 13 14 11 4 13 23 15 28
split_gain=105.904 244.772 162.015 165.986 161.975 123.769 144.77 291.687 223.423 140.706 152.609 91.8304 80.3718 68.948 61.6323
threshold=6.6975214198286421 53.500000000000007 0.50301204819277123 22534.500000000004 31.500000000000004 0.083040880838132519 0.039001181721687324 2468.0767018137449 17629732.625000004 143.50000000000003 1.1164728682170544 796.53145505408008 2.1850658071447762 0.90454545454545465 1444335.5483588858
decision_type=2 2 2 2 2 2 2 2 2 2 2 2 2 2 2
left_child=5 2 4 -4 -2 9 7 -7 -8 10 -1 -11 13 -3 -14
right_child=1 12 3 -5 -6 6 8 -9 -10 11 -12 -13 14 -15 -16
leaf_value=-0.012131126777915054 -0.0093573825170267955 -0.029361274251095401 0.016663373697273241 -0.03833588275364392 0.0071215780621783874 -0.0042449226759737309 0.0014333895524064487 0.011052847186942988 -0.0016513888088373616 0.030991569936483412 0.0027201469269378963 -0.009801695676784853 0.018371770166420474 -0.0022576991197955131 -0.021235132564239281
leaf_weight=638.26466854044702 735.50473451369908 267.43904960888904 1431.6283805187559 36.984035151079297 1867.8619750154903 15185.564262796135 44305.770965773729 1195.9417790158768 40370.69889783056 226.35016498924233 13181.210958833224 53.579869929002598 90.482561666052788 127.86483654007316 38.329089848557487
leaf_count=3342 3134 1862 3259 168 6249 58604 129597 4756 176431 306 36800 284 217 199 239
internal_value=8.96037e-06 0.00446731 0.00696579 0.0148845 0.00242754 -0.000169277 -0.000536983 -0.00311718 -3.69997e-05 0.00246191 0.00201965 0.0229804 -0.0145421 -0.0210705 0.00539213
internal_weight=119753 4596.09 4071.98 1468.61 2603.37 115157 101058 16381.5 84676.5 14099.4 13819.5 279.93 524.116 395.304 128.812
internal_count=425447 15327 12810 3427 9383 410120 369388 63360 306028 40732 40142 590 2517 2061 456
is_linear=0
shrinkage=0.03


Tree=298
num_leaves=16
num_cat=0
split_feature=15 15 0 16 20 2 28 10 7 5 31 17 26 3 9
split_gain=102.483 158.748 242.929 116.543 209.469 167.822 151.968 190.644 118.748 111.969 110.872 109.417 105.517 94.1774 78.2166
threshold=-0.36931818181818177 -0.29772727272727267 635216831.50000012 7.5000000000000009 5848.5000000000009 38.329255319148949 205393.70010366803 1.4815627743634772 7.3600337570104353 0.14670014347202298 0.14837129237288138 0.25445784628391271 0.18273228119239285 16.154845154845159 3175.0000000000005
decision_type=2 2 2 2 2 2 2 2 2 2 2 2 2 2 2
left_child=3 2 13 4 8 -6 14 -8 -1 11 -11 -3 -4 -2 -5
right_child=1 9 12 6 5 -7 7 -9 -10 10 -12 -13 -14 -15 -16
leaf_value=-0.01357762295330211 0.016980226347277409 -0.027613450544935161 0.0058592111190800085 -0.028347010252093893 0.011166329638173432 -0.020959977383497856 -0.015866909774704431 0.049722157528974562 -0.0015781241167733377 0.00018985325712489744 -0.0074134708847040359 0.0068024215976592748 -0.012464771787276872 -0.0037602250602875192 0.0029815825295621688
leaf_weight=1298.100078929856 1483.0566097907722 237.76025827124249 528.56021092832088 427.61806484690169 1202.8935971525498 151.78618795238435 86.054614108987153 51.553162465337664 1732.7898565495852 109807.09491234832 1738.5482449233532 114.55967790819705 574.40869390591979 218.64324701204896 80.364038731902838
leaf_count=15594 1416 13105 908 4233 6671 1115 720 433 17090 351359 7733 3077 1239 344 410
internal_value=8.50495e-06 0.00019281 0.00722311 -0.0041755 -0.00238911 0.00735469 -0.0159355 0.0109807 -0.0067688 1.53864e-05 7.00982e-05 -0.0165204 -0.003696 0.0142883 -0.02339
internal_weight=119734 114703 2804.67 5031.16 4385.57 1354.68 645.59 137.608 3030.89 111898 111546 352.32 1102.97 1701.7 507.982
internal_count=425447 379181 3907 46266 40470 7786 5796 1153 32684 375274 359092 16182 2147 1760 4643
is_linear=0
shrinkage=0.03


Tree=299
num_leaves=15
num_cat=0
split_feature=14 17 17 28 7 18 17 2 5 6 8 26 18 15
split_gain=105.201 114.372 202.928 206.324 199.972 245.35 186.96 175.497 53.7801 83.0468 73.3676 70.1617 36.9673 36.5991
threshold=64525.439516129038 1.0000000180025095e-35 0.069544728845357909 156318.866527943 6.8311326130025467 28.500000000000004 0.11827412620186807 2.8706690561529276 1.5187529301453355 1.3694553163731247 92.427337415753598 0.36762639403985342 33.500000000000007 0.44671201814058964
decision_type=2 2 2 2 2 2 2 2 2 2 2 2 2 2
left_child=8 4 3 -3 5 -2 -4 -6 9 13 11 -10 -12 -1
right_child=1 2 6 -5 7 -7 -8 -9 10 -11 12 -13 -14 -15
leaf_value=-0.021405278109945639 0.0032256125403397509 0.0059709005796012944 -0.0025216358451162265 -0.0010378164652302521 -0.010807701131286278 -0.0094323111992014094 0.00062880432020067734 0.0013892331817913547 -0.026502606026928322 0.024460476473244973 9.2897664688571519e-05 0.0085465057871816977 0.02194400368699306 0.012364032538962783
leaf_weight=125.95946880662814 1846.969795473502 10283.247128914576 23642.407135150046 5955.9982904464705 1163.1499246796011 5307.564970138541 59788.400377997255 10721.647962251096 56.153078177943826 52.149312337860465 84.46571104042232 169.66248302347958 479.86639304086566 24.573554178699851
leaf_count=479 7064 27337 97141 19967 8156 22328 207605 34156 170 34 145 266 564 35
internal_value=8.0388e-06 -7.36428e-05 0.000333172 0.00339991 -0.00220346 -0.00616052 -0.000263893 0.000180895 0.00965995 -0.00379215 0.0131542 -0.00115243 0.0188123 -0.0150906
internal_weight=119702 118709 99670.1 16239.2 19039.3 7154.53 83430.8 11884.8 992.83 202.682 790.148 225.816 564.332 150.533
internal_count=425447 423754 352050 47304 71704 29392 304746 42312 1693 548 1145 436 709 514
is_linear=0
shrinkage=0.03


Tree=300
num_leaves=16
num_cat=0
split_feature=14 0 14 0 0 15 14 15 17 13 1 8 15 18 17
split_gain=103.542 285.445 303.059 243.902 242.642 203.463 178.974 168.412 198.863 154.494 128.912 110.175 48.8692 32.6457 30.6795
threshold=1815890.027777778 18383893.000000004 3225469.464285715 10981796.000000002 39775498.000000007 0.32051282051282054 384715.32142857148 0.44671201814058964 0.22736653685569766 192.12813151014083 92.500000000000014 95.167406510626861 0.75961538461538469 36.500000000000007 0.26609782874584204
decision_type=2 2 2 2 2 2 2 2 2 2 2 2 2 2 2
left_child=3 7 11 5 -4 6 -1 8 -2 10 -5 -3 -11 -9 -7
right_child=1 2 4 9 -6 14 -8 13 -10 12 -12 -13 -14 -15 -16
leaf_value=0.0036088036865208287 -0.013479861330443479 0.0055178972864840794 -0.0054138164500778787 -0.0040355563862367475 0.00010994535197484238 0.011168513308471706 -0.0041046112766220822 0.01668295459208631 0.0022173140750973066 -0.039942023477685294 0.011875234486008532 0.018204577017967027 0.0038555649257598617 0.0015586538829746857 -0.0066976742798453108
leaf_weight=4334.0799604598433 3174.6123934595962 3606.4230474290671 7795.0101211091969 521.22122217901051 85508.715305510501 1514.055173188448 7150.8677453475539 140.41629840061069 931.52308388170786 61.306818422395736 3299.770418544882 739.64164979953784 27.580124787986279 801.4368183016777 80.001385901123285
leaf_count=8863 16350 8214 33902 1194 320106 2124 21819 119 3816 240 5773 1594 37 1135 161
internal_value=7.84453e-06 -0.00035088 8.92385e-06 0.0021765 -0.000352009 0.000205656 -0.00119028 -0.00729637 -0.00991639 0.00873557 0.00968973 0.00773907 -0.0274691 0.004071 0.0101991
internal_weight=119687 102698 97649.8 16988.9 93303.7 13079 11484.9 5047.99 4106.14 3909.88 3820.99 4346.06 88.8869 941.853 1594.06
internal_count=425447 385236 363816 40211 354008 32967 30682 21420 20166 7244 6967 9808 277 1254 2285
is_linear=0
shrinkage=0.03


Tree=301
num_leaves=16
num_cat=0
split_feature=5 31 30 8 1 4 13 17 17 24 2 28 17 5 19
split_gain=101.795 178.77 260.464 187.608 207.341 139.108 129.284 127.597 222.983 217.107 176.948 188.031 167.229 130.351 111.886
threshold=4.5933134661948225 0.049542000100659324 11.500000000000002 91.37950205711364 90294.500000000015 2.6593326885880084 5.0891035151847301 1.0000000180025095e-35 0.068889804184436812 0.19999457393784836 2.7327380952380955 2113814.0133020352 0.11787210404872896 0.88589511754068717 131867499.50000001
decision_type=2 2 2 2 2 2 2 2 2 2 2 2 2 2 2
left_child=7 3 6 4 -2 -4 -3 10 9 -9 13 -12 -10 -1 -5
right_child=1 2 5 14 -6 -7 -8 8 12 -11 11 -13 -14 -15 -16
leaf_value=0.0035653274466049103 0.013797619991139003 0.020546708271334431 -0.006380277995385774 -0.0035295338850567753 -0.022176454110890816 0.0042858792974007917 -0.023809796082820314 -0.0044570405243632982 -0.0027067386967844945 0.0053923002303844373 -0.0022960143132410623 0.019085248399470074 0.00041377858667048661 -0.018842553693599686 0.0060749549930690155
leaf_weight=299.95440737047466 2592.0978187164292 53.634742591530085 1609.7964563090354 1938.729786420241 138.83729274012148 3391.8486126074567 567.42093948181719 2429.4531235577306 21629.27042839874 11422.115543712513 15769.565003530704 363.92766374023631 54014.333985660516 949.14178547309712 2455.5114448652603
leaf_count=4233 6619 114 6190 6431 665 10919 3208 7869 89841 32033 54106 1478 189357 5927 6457
internal_value=7.64579e-06 0.0025402 -0.00145315 0.00569211 0.0118467 0.000838148 -0.0195378 -0.000294459 0.000162195 0.00365969 -0.0026454 -0.00179457 -0.000478455 -0.0134594 0.00183308
internal_weight=119626 12747.9 5622.7 7125.18 2730.94 5001.65 621.056 106878 89495.2 13851.6 17382.6 16133.5 75643.6 1249.1 4394.24
internal_count=425447 40603 20431 20172 7284 17109 3322 384844 319100 39902 65744 55584 279198 10160 12888
is_linear=0
shrinkage=0.03


Tree=302
num_leaves=16
num_cat=0
split_feature=14 0 14 0 0 11 14 11 17 5 0 4 5 11 7
split_gain=99.715 240.437 397.913 229.457 222.971 185.553 194.557 158.157 172.425 167.748 142.458 97.0983 91.3823 83.9995 57.8998
threshold=1376570.0538461541 19835346.500000004 3225469.464285715 6642906.5000000009 39775498.000000007 76.500000000000014 252619.18750000003 99.500000000000014 0.23032531142234805 2.9632996632996638 58700209.500000007 3.1301524562394132 0.60903532608695665 57.500000000000007 8.0514151056984247
decision_type=2 2 2 2 2 2 2 2 2 2 2 2 2 2 2
left_child=3 7 12 5 -4 13 -7 8 -2 -9 11 -5 -3 -1 -12
right_child=1 2 4 10 -6 6 -8 9 -10 -11 14 -13 -14 -15 -16
leaf_value=-0.019667031637036498 -0.011534388609546949 -0.016267702035394498 -0.0053405339333345023 0.0127430179587169 0.00010126557103701147 0.0045059017107709799 -0.0048931259819357011 -0.0054300158353187949 0.002726723937272905 0.0085646994635606415 -0.048312484312203703 0.003514843756800637 0.0092375984401670119 0.014923790090156933 -0.0050520197627224126
leaf_weight=54.649268082343042 3860.8971069850959 115.91060244909022 7344.0197570361779 2508.5195238401648 85494.327658173803 3043.1795042580925 5612.7737210870255 2037.9402684888337 939.7719078825321 1219.1965516302735 36.152939215302467 1773.0693902412895 4633.6377713037655 857.72511410573497 74.065112188458443
leaf_count=157 15196 718 31942 4646 320106 5916 15872 9473 3059 3961 147 3558 9241 1323 132
internal_value=7.34645e-06 -0.000307389 0.000103897 0.00238908 -0.000329681 -0.000216311 -0.00158316 -0.00528313 -0.00873663 -0.000167162 0.00805362 0.00895409 0.0085596 0.0125349 -0.0235692
internal_weight=119606 105646 97587.9 13960.1 92838.3 9568.33 8655.95 8057.81 4800.67 3257.14 4391.81 4281.59 4749.55 912.374 110.218
internal_count=425447 393696 362007 31751 352048 23268 21788 31689 18255 13434 8483 8204 9959 1480 279
is_linear=0
shrinkage=0.03


Tree=303
num_leaves=16
num_cat=0
split_feature=4 28 14 0 14 14 0 14 0 17 22 28 20 0 28
split_gain=100.175 120.994 106.497 265.149 383.612 275.216 220.351 159.616 109.057 98.8692 171.762 109.564 72.9915 144.705 81.8503
threshold=4.5519814719505929 1035893.6794955595 1376570.0538461541 55990210.000000007 10468733.346153848 5046954.8253968256 6642906.5000000009 746650.25000000012 58700209.500000007 0.28288784623146063 512.50000000000011 905393.27847009164 931.00000000000011 783441269.50000012 1389044.3125078946
decision_type=2 2 2 2 2 2 2 2 2 2 2 2 2 2 2
left_child=2 9 6 5 -5 -4 7 -1 -8 11 -11 -2 13 -3 -14
right_child=1 12 3 4 -6 -7 8 -9 -10 10 -12 -13 14 -15 -16
leaf_value=0.0018147650742302934 0.001871406084492313 -0.0089162812782946667 -0.0012106988047573593 0.0052004560445818443 -0.00087254322442238642 -0.0086437088453188687 0.0093227022043500547 -0.0084471983798228636 -0.020036659222582704 0.017514015762166071 -0.018190009938125924 0.017886777826027756 0.0010232134074484259 0.0058253259603862203 -0.026358556335393711
leaf_weight=5901.9599186428823 17328.183505347231 1248.9372934640851 12846.350273763819 11227.202331713634 55923.27140259376 6886.2018515101518 3535.2446303840261 1757.4163942481391 103.32497339323163 791.14295028324705 129.36041979235597 379.01256181974895 156.45904222410172 1123.6464289476862 235.60216138930991
leaf_count=13465 54869 6022 43554 25874 224875 33499 6786 5556 248 2284 555 1170 547 4915 1228
internal_value=6.90473e-06 0.00186665 -0.000398226 -0.000754875 0.000143318 -0.00381076 0.00233918 -0.000547805 0.00840193 0.00273708 0.0122532 0.00223075 -0.00397055 -0.00192941 -0.0157226
internal_weight=119573 21392.3 98181 86883 67150.5 19732.6 11297.9 7659.38 3638.57 18627.7 920.503 17707.2 2764.64 2372.58 392.061
internal_count=425447 71590 353857 327802 250749 77053 26055 19021 7034 58878 2839 56039 12712 10937 1775
is_linear=0
shrinkage=0.03


Tree=304
num_leaves=16
num_cat=0
split_feature=17 17 1 18 6 1 6 8 13 10 5 5 17 3 6
split_gain=96.3192 267.077 241.495 277.422 233.402 231.586 213.713 187.911 170.372 159.904 148.993 142.354 125.299 121.219 29.5943
threshold=0.19823817908763888 0.13006633520126346 605.50000000000011 20.500000000000004 0.61437177280550792 123.50000000000001 1.3135791630084872 96.084830993921926 7.8919297465941414 1.9419306184012071 1.1181455633100701 0.60903532608695665 0.15085175633430484 16.835416666666671 0.033908045977011504
decision_type=2 2 2 2 2 2 2 2 2 2 2 2 2 2 2
left_child=1 7 11 9 5 -3 -5 10 -9 -4 -1 14 -6 -13 -2
right_child=2 4 3 6 12 -7 -8 8 -10 -11 -12 13 -14 -15 -16
leaf_value=-0.0040436745208525318 0.010908840270032591 0.0017129717179480612 -0.0091946154796908441 0.00061517999919960455 0.0034793821498327417 -0.012281420962614385 0.0076006099254032865 -0.0084436524366143101 0.0082387209497875973 0.0010635439058913623 0.00026432344453630844 0.012804591915487953 -0.0050766174352233351 -0.017769954307586822 -0.029093449365809477
leaf_weight=8172.5154466946842 10.662337906658648 1387.45712955005 3577.1161998109892 19972.825680333248 3226.0077522788197 4457.2034224076197 4900.7188978367485 623.72567734937184 4028.7890491559519 2195.9541672900668 61414.518330487423 2460.0782494042069 2919.3885402660817 108.96433097496629 84.891645920346491
leaf_count=45114 75 4285 13969 73406 9183 25579 10830 1927 16062 10475 199237 5559 8636 278 832
internal_value=6.56222e-06 -0.000522475 0.00137655 0.000620055 -0.00467409 -0.00895831 0.00199644 0.000148437 0.00597587 -0.0052948 -0.000241952 0.0100139 -0.000582765 0.0114006 -0.023484
internal_weight=119541 86229.6 33311.2 30646.6 11990.1 5844.66 24873.5 74239.5 4652.51 5773.07 69587 2664.6 6145.4 2569.04 95.554
internal_count=425447 310023 115424 108680 47683 29864 84236 262340 17989 24444 244351 6744 17819 5837 907
is_linear=0
shrinkage=0.03


Tree=305
num_leaves=8
num_cat=0
split_feature=15 15 11 22 28 31 25
split_gain=101.603 101.092 97.4855 168.549 163.186 7.68572 12.3964
threshold=-0.74166666666666659 -0.70714285714285696 101.50000000000001 62.500000000000007 4108606.6893981504 0.038196812945278165 1.8019480519480524
decision_type=2 2 2 2 2 2 2
left_child=-1 5 4 -4 -3 -2 -7
right_child=1 2 3 -5 -6 6 -8
leaf_value=-0.028049511897723776 0.049469697812386762 0.000776230226158122 -0.0089149172586327399 -0.00073052430405896429 -0.0086904254788307839 -0.0099824349175440565 0.021926826101653328
leaf_weight=101.05747278477065 24.118962559849024 81141.003927045153 2412.0415019891807 34163.727032919822 1657.2521598108578 7.0043402742594454 8.3780002593994141
leaf_count=2136 36 263319 14382 137045 8449 77 3
internal_value=6.19672e-06 3.37109e-05 1.48079e-05 -0.00127451 0.000584848 0.0408825 0.00865465
internal_weight=119515 119414 119374 36575.8 82798.3 39.5013 15.3823
internal_count=425447 423311 423195 151427 271768 116 80
is_linear=0
shrinkage=0.03


Tree=306
num_leaves=16
num_cat=0
split_feature=15 15 0 29 24 5 6 0 6 12 26 11 8 1 31
split_gain=101.028 147.292 231.678 115.447 241.967 133.156 121.102 131.098 121.3 114.509 106.804 156.026 124.318 73.0825 66.7301
threshold=-0.36931818181818177 -0.29772727272727267 460012029.50000006 2413111.4542031982 5.2161084324013904 1.7248188405797105 0.90443574690150041 1047514323.5000001 0.26713615023474185 57.500000000000007 0.083040880838132519 143.50000000000003 90.594372447527917 439.50000000000006 0.038658014716696484
decision_type=2 2 2 2 2 2 2 2 2 2 2 2 2 2 2
left_child=3 2 13 6 9 -6 8 -8 -1 -5 11 -3 -12 -2 -4
right_child=1 10 14 4 5 -7 7 -9 -10 -11 12 -13 -14 -15 -16
leaf_value=0.0012041567865326954 0.02704134348675408 0.0020661174822314615 0.0055150946974164275 0.010822164598599871 -0.030015407242386851 -0.0018886216712313535 0.0026516644521553316 -0.024946070844931747 -0.016131108939729299 0.056413716069609703 0.001541060936527235 0.02446438265372149 -0.00092969534060171374 0.011093948848335408 -0.0078786060622566458
leaf_weight=469.88834404881345 350.48909985274076 12852.587376357289 577.30235004797578 746.8112401018152 189.12960238539381 606.7673580404371 1289.5170903400285 160.73734475113451 1512.6742034698837 40.130639440147206 24311.214728119085 271.65306098246947 74269.258905701106 1106.2654523029923 753.24302031099796
leaf_count=7365 205 34919 860 5761 2643 4535 7252 1466 16993 251 86271 523 253561 1258 1584
internal_value=6.03172e-06 0.000189086 0.0069823 -0.00415468 0.00251794 -0.009041 -0.00723763 -0.000610689 -0.0120293 0.0141963 1.83959e-05 0.00255941 -0.000319929 0.0151877 -0.0020483
internal_weight=119508 114492 2787.3 5015.66 1582.84 795.897 3432.82 1450.25 1982.56 786.942 111705 13124.2 98580.5 1456.75 1330.55
internal_count=425447 379181 3907 46266 13190 7178 33076 8718 24358 6012 375274 35442 339832 1463 2444
is_linear=0
shrinkage=0.03


Tree=307
num_leaves=16
num_cat=0
split_feature=4 12 19 5 6 6 2 14 17 14 5 3 23 19 1
split_gain=96.7192 229.523 149.612 169.327 114.562 111.942 200.421 160.673 142.654 209.229 192.858 101.648 76.3273 67.7717 54.0177
threshold=6.6975214198286421 53.500000000000007 138452690.50000003 0.98629879879879889 0.54421072226358913 2.8554093567251466 20.726613152207474 59793204.600000009 1.0000000180025095e-35 19995885.222222228 4.7430501930501938 22.302287802896984 2.1850658071447762 194458818.50000003 209.50000000000003
decision_type=2 2 2 2 2 2 2 2 2 2 2 2 2 2 2
left_child=5 2 4 -4 -2 8 11 -8 10 -10 -1 -7 14 -14 -3
right_child=1 12 3 -5 -6 6 7 -9 9 -11 -12 -13 13 -15 -16
leaf_value=-0.0039554212736116418 -0.0053847138320524185 0.0013169564324208287 -0.023307049221417617 0.013917837567192592 0.0096609886240515367 0.001554604411666616 0.0037982382357922926 -0.0078921276257494528 0.0013739506944769359 -0.0015251577165242471 0.0066176902529051793 0.018634616969199238 -0.0081808670681298261 0.03435296337654356 -0.025936027910373687
leaf_weight=15561.513234953163 1153.4511494914768 77.385831780731678 102.22964728996158 2077.8254423975013 731.12934782635421 463.84140408597887 4245.8168076556176 1392.1395266894251 49859.610342600325 40660.922638730903 1709.0330754802562 999.68866492528468 94.632860653102398 33.780973784858361 314.00218001345638
leaf_count=61698 4595 247 805 5578 1832 1107 7955 4537 146267 181456 5397 1703 392 64 1814
internal_value=6.07536e-06 0.00427214 0.00668734 0.0120112 0.00046672 -0.000164423 0.00347939 0.000893032 -0.000405214 7.13318e-05 -0.00290257 0.0133124 -0.0142155 0.00522181 -0.020624
internal_weight=119477 4584.44 4064.64 2180.06 1884.58 114893 7101.49 5637.96 107791 90520.5 17270.5 1463.53 519.802 128.414 391.388
internal_count=425447 15327 12810 6383 6427 410120 15302 12492 394818 327723 67095 2810 2517 456 2061
is_linear=0
shrinkage=0.03


Tree=308
num_leaves=8
num_cat=0
split_feature=15 15 31 1 12 30 20
split_gain=97.9523 95.4465 94.5304 211.334 205.226 6.79978 13.2528
threshold=-0.74166666666666659 -0.70714285714285696 0.0057197382769901862 221.50000000000003 55.500000000000007 27.500000000000004 52438.000000000007
decision_type=2 2 2 2 2 2 2
left_child=-1 5 4 -4 -3 -2 -7
right_child=1 2 3 -5 -6 6 -8
leaf_value=-0.027879966974444888 0.047865779902951613 0.0003877974466587175 -0.0047336485039057808 -1.4181995230933581e-05 0.0068636045049827316 -0.010354315285661804 0.022426103032541458
leaf_weight=98.257110140810255 24.156072862446308 38524.836872167885 9794.8026235493016 66038.404385171074 4960.3448314053239 7.2018517553806278 8.7817059047520161
leaf_count=2136 31 126677 32037 249461 15020 76 9
internal_value=5.95622e-06 3.26639e-05 1.41748e-05 -0.000624971 0.00112929 0.039494 0.00882552
internal_weight=119457 119359 119318 75833.2 43485.2 40.1396 15.9836
internal_count=425447 423311 423195 281498 141697 116 85
is_linear=0
shrinkage=0.03


Tree=309
num_leaves=16
num_cat=0
split_feature=14 1 31 14 13 17 5 4 5 7 3 26 7 13 18
split_gain=94.8617 107.948 240.985 227.992 214.608 171.151 143.354 96.5305 49.6788 69.5677 68.4846 67.5209 48.0419 47.0348 36.2219
threshold=64525.439516129038 140.50000000000003 0.021690017985170815 2005537.9671052634 19.469296287487417 0.13747694343328479 1.5629401408450707 2.1018678657903842 1.5187529301453355 7.5769309839182801 7.5871290545203598 0.36762639403985342 8.5242763772175554 6.0031452362226041 33.500000000000007
decision_type=2 2 2 2 2 2 2 2 2 2 2 2 2 2 2
left_child=8 2 6 7 -5 -4 -2 -3 10 14 13 -11 -12 -1 -10
right_child=1 3 5 4 -6 -7 -8 -9 9 11 12 -13 -14 -15 -16
leaf_value=-0.025495529133783765 -0.0068461256875789389 -0.00038969004148317181 -0.0093816195442512785 -0.0055024550263462965 0.00017671034505758462 0.002563563019012114 0.0048033167965596986 0.0066692035725832658 0 -0.026168385214547656 -0.012528063885795852 0.0082212113103091854 0.027939630195057043 0.01934071438643889 0.021240357403224993
leaf_weight=99.697505843592808 1240.294439249672 2357.0959052506369 4917.8216547543416 6391.3710486418568 91716.286298887804 1370.2098589650122 3895.5107609648257 6581.6221649328945 84.430404420942068 56.287636017426848 28.892155479639769 168.44917191751301 59.506147777661681 13.456690434366463 475.30414727889001
leaf_count=425 4312 6669 17184 22755 346118 3972 8434 14310 146 170 79 265 30 14 564
internal_value=5.88933e-06 -7.1556e-05 -0.00284183 0.000224161 -0.000193746 -0.00677401 0.00197241 0.00480692 0.00920252 0.0125759 -0.00375018 -0.00136528 0.0145243 -0.0182897 0.0181151
internal_weight=119456 118470 11423.8 107046 98107.7 6288.03 5135.81 8938.72 986.024 784.471 201.552 224.737 88.3983 113.154 559.735
internal_count=425447 423754 33902 389852 368873 21156 12746 20979 1693 1145 548 435 109 439 710
is_linear=0
shrinkage=0.03


Tree=310
num_leaves=14
num_cat=0
split_feature=15 15 15 15 0 0 4 4 6 20 27 28 7
split_gain=95.5244 104.466 108.414 139.786 132.592 86.3437 86.866 58.9338 87.168 105.933 60.8213 63.2586 25.4866
threshold=-0.65833333333333321 -0.54195804195804176 -0.36931818181818177 -0.29772727272727267 46278499.000000007 1141448355.0000002 3.3968052738336718 2.9119263089851328 0.54964788732394376 1926.5000000000002 213045636.62456539 367768.26206310384 6.302428780369957
decision_type=2 2 2 2 2 2 2 2 2 2 2 2 2
left_child=7 5 4 -4 -3 12 -7 8 -1 -10 -9 -12 -2
right_child=1 2 3 -5 -6 6 -8 10 9 -11 11 -13 -14
leaf_value=-0.027400397966469415 0.002488717700863328 -0.016878569357657257 0.0068168897678334292 1.7297092800439463e-05 -0.0023434991656461389 -0.020789555581585923 0.018554834865943334 -0.030797339632249024 0.030965449500766393 -0.0077676624225617589 0.034676349284221211 -0.020022504286692156 0.030712371062962197
leaf_weight=86.9148462524754 39.464226774871349 668.04168133216444 2774.2953483276069 111671.68479203526 3352.0131888921605 85.795650195330381 86.101151090115309 181.48545994597953 79.659266303060576 178.83863196894526 19.648363842628896 27.318606630782597 191.3406977429986
leaf_count=2203 65 7130 3907 375274 29383 380 156 2999 683 2330 126 654 157
internal_value=5.74181e-06 6.56944e-05 1.26334e-05 0.00018326 -0.0048201 0.0150423 -0.00101437 -0.0120471 -0.00379291 0.00510239 -0.0234012 0.00523108 0.026455
internal_weight=119443 118869 118466 114446 4020.05 402.702 171.897 573.865 345.413 258.498 228.452 46.967 230.805
internal_count=425447 416452 415694 379181 36513 758 536 8995 5216 3013 3779 780 222
is_linear=0
shrinkage=0.03


Tree=311
num_leaves=9
num_cat=0
split_feature=5 25 5 11 5 9 27 16
split_gain=94.1746 107.134 193.619 169.736 139.161 247.58 197.244 125.778
threshold=1.0000000180025095e-35 3.077651515151516 2.0718588640275395 103.50000000000001 1.7248188405797105 101.50000000000001 51045284.66005408 5.5000000000000009
decision_type=2 2 2 2 2 2 2 2
left_child=-1 4 7 -4 6 -6 -2 -3
right_child=1 2 3 -5 5 -7 -8 -9
leaf_value=-0.026340677181517086 -0.0035245553914632871 0.0030682735367010628 0.0043899784307966719 -0.012851715682329096 -0.011412506207733989 0.00073555427374082246 0.0013727587199121086 0.016343734967608714
leaf_weight=106.97951873322017 21135.684454458999 1259.162226586137 1329.604746747762 816.21942866779864 1523.538048511371 80549.673726239707 11365.453664482571 1328.9387156642042
leaf_count=14563 80734 4692 4553 3907 7132 254566 51045 4255
internal_value=5.51449e-06 3.26979e-05 0.0044483 -0.00219815 -0.00015004 0.000507638 -0.00181123 0.00995138
internal_weight=119415 119308 4733.93 2145.82 114574 82073.2 32501.1 2588.1
internal_count=425447 410884 17407 8460 393477 261698 131779 8947
is_linear=0
shrinkage=0.03


Tree=312
num_leaves=16
num_cat=0
split_feature=14 0 14 0 0 15 17 14 15 17 17 15 15 13 5
split_gain=96.4664 295.94 324.88 270.139 232.67 322.572 292.903 291.39 230.645 204.465 155.059 151.411 145.646 151.411 59.6627
threshold=8754962.7647058833 36826609.500000007 2303145.1597222225 12000974.500000002 294004798.00000006 0.90454545454545465 0.19823817908763888 40624825.083333336 0.32051282051282054 0.042838478460907943 0.084781855344772353 1.4500000000000002 0.33908045977011497 72.245010283910531 4.7958754208754222
decision_type=2 2 2 2 2 2 2 2 2 2 2 2 2 2 2
left_child=1 2 3 -1 5 6 -2 9 -4 -6 -9 -7 13 -3 -14
right_child=4 12 8 -5 7 11 -8 10 -10 -11 -12 -13 14 -15 -16
leaf_value=-0.00030054625806540315 -0.0071187098058368217 0.0032473468738669505 -0.0070118601770776763 0.0080423264249348519 -0.0028931214071105495 0.0035070910327403382 0.00021424849634831447 0.0021996852845504659 0.0034126994723631984 0.0057631666031583793 -0.0026708128502741743 -0.008662193088530161 0.00025822148716610508 0.010097968320473357 -0.014575897592556519
leaf_weight=14447.687577969627 14400.898342221684 7344.5540545402328 8709.126925688237 4588.7781298910268 3046.2380420053378 8003.1212440915406 7415.4760324147646 8636.3748467365513 2431.4275761432946 12403.995628592907 18349.062781188521 1023.9505883231759 3524.0866318885237 4832.8413779015536 246.89496352151036
leaf_count=37926 82068 20268 43278 9444 7600 10317 38952 41879 3215 26936 83460 1732 5112 12777 483
internal_value=5.22049e-06 0.00108005 -0.000666238 0.00171369 -0.000671001 -0.0026534 -0.0046264 0.000769588 -0.00473248 0.00405336 -0.0011106 0.00211132 0.00438371 0.00597769 -0.00075898
internal_weight=119405 46125.4 30177 19036.5 73279.1 30843.4 21816.4 42435.7 11140.6 15450.2 26985.4 9027.07 15948.4 12177.4 3770.98
internal_count=425447 132503 93863 47370 292944 133069 121020 159875 46493 34536 125339 12049 38640 33045 5595
is_linear=0
shrinkage=0.03


Tree=313
num_leaves=16
num_cat=0
split_feature=14 27 14 27 17 14 0 13 7 4 9 27 0 8 21
split_gain=93.3405 156.836 148.694 146.998 267.519 209.208 210.778 180.349 149.954 139.738 123.36 103.343 100.092 79.8437 4.15382
threshold=599978.80000000016 705214.82785830705 252619.18750000003 1933168.6001275512 0.15532644093036654 1815890.027777778 18383893.000000004 101.40316598914363 7.4862394332954736 1.5820483314154201 487.50000000000006 3416415.9389426662 1265340.0000000002 86.316282923425788 145.50000000000003
decision_type=2 2 2 2 2 2 2 2 2 2 2 2 2 2 2
left_child=1 2 12 4 9 7 -7 -5 -6 -2 -4 13 -1 -3 -13
right_child=3 11 10 5 8 6 -8 -9 -10 -11 -12 14 -14 -15 -16
leaf_value=0.00067108570509397439 -0.018814660457971807 -0.02801645073617089 -0.01287586864244231 0.0076723925040965901 -0.0021034340924654454 -0.0069177792326090516 8.9203867053300962e-05 -0.026505978565964212 0.017242230725977654 -0.0051880229110842545 0.0021462558533832544 -0.0033000429487356712 0.011597551085855324 0.012607744194316905 -0.042313706231015678
leaf_weight=2152.7690284785349 766.61271011014469 30.453436207957566 1039.0564510342665 4173.6018744898029 720.57406825060025 4010.036283438676 96246.824092084717 128.94501395220868 696.34929774980992 5423.2238017313648 910.19243742153049 7.5089186243712929 1153.7908517401665 1820.7378426508512 17.951757729519159
leaf_count=4580 2968 125 3160 10303 1822 18159 360878 478 1249 14611 1767 17 1727 3521 82
internal_value=5.01681e-06 0.00332932 0.000655246 -0.000206519 -0.00422886 8.63864e-05 -0.000191753 0.00655261 0.0074641 -0.00692192 -0.00588326 0.010738 0.00452795 0.0117036 -0.0370382
internal_weight=119299 7132.46 5255.81 112166 7606.76 104559 100257 4302.55 1416.92 6189.84 1949.25 1876.65 3306.56 1851.19 25.4607
internal_count=425447 14979 11234 410468 20650 389818 379037 10781 3071 17579 4927 3745 6307 3646 99
is_linear=0
shrinkage=0.03


Tree=314
num_leaves=9
num_cat=0
split_feature=15 4 12 25 14 5 12 12
split_gain=93.5662 91.9426 157.725 109.022 144.218 123.556 94.1213 80.8235
threshold=-0.74166666666666659 0.456832298136646 70.500000000000014 3.077651515151516 50724230.625000007 2.8839743589743594 39.500000000000007 72.500000000000014
decision_type=2 2 2 2 2 2 2 2
left_child=-1 2 6 5 -5 -3 -2 -4
right_child=1 3 7 4 -6 -7 -8 -9
leaf_value=-0.027666987884308894 0.018337871875976103 -0.00078025025089025 0.037158132496558707 0.0077269273546679397 -0.0077802387033491004 0.0012716541653149489 -0.009016069589898118 0.0044791157982331685
leaf_weight=94.872013898391742 104.26882254472002 70073.175114548067 80.33975732862018 3195.5487458410789 634.35487863235176 42367.158504247665 2467.2201353054261 266.78444255737122
leaf_count=2136 559 254095 238 13309 4759 132091 17068 1192
internal_value=4.50051e-06 3.02568e-05 -0.00521471 0.00016283 0.00513031 -6.76596e-06 -0.00779541 0.0133512
internal_weight=119284 119189 2918.61 116270 3829.9 112440 2571.49 347.124
internal_count=425447 423311 19057 404254 18068 386186 17627 1430
is_linear=0
shrinkage=0.03


Tree=315
num_leaves=9
num_cat=0
split_feature=5 10 5 11 5 6 5 16
split_gain=91.1432 96.2405 182.899 159.133 127.036 190.628 178.533 118.146
threshold=1.0000000180025095e-35 3.077651515151516 2.0718588640275395 103.50000000000001 1.7248188405797105 1.8520622895622898 1.7819347319347323 5.5000000000000009
decision_type=2 2 2 2 2 2 2 2
left_child=-1 4 7 -4 5 -2 -6 -3
right_child=1 2 3 -5 6 -7 -8 -9
leaf_value=-0.026235157198335121 -0.0011208431190498224 0.0028876378452694809 0.004129066503291607 -0.012582636104073185 0.0088085207653655941 -0.010419542977832938 0.0002502900852646975 0.015754591979023458
leaf_weight=104.0170661539305 30344.825918621616 1257.8237199196592 1328.5362343443558 813.83221324067563 2241.2993103414774 2109.9151513250545 79745.819234112743 1329.9505261569284
leaf_count=14563 125176 4692 4553 3907 6462 6603 255236 4255
internal_value=4.4394e-06 3.08927e-05 0.00421763 -0.00224873 -0.000142423 -0.00173082 0.000486183 0.00956464
internal_weight=119276 119172 4730.14 2142.37 114442 32454.7 81987.1 2587.77
internal_count=425447 410884 17407 8460 393477 131779 261698 8947
is_linear=0
shrinkage=0.03


Tree=316
num_leaves=16
num_cat=0
split_feature=14 13 2 14 6 1 24 30 26 16 29 11 1 29 3
split_gain=92.3284 327.417 298.198 215.704 205.486 163.295 208.239 198.782 173.503 127.74 135.259 126.039 115.717 114.786 86.2249
threshold=14470667.66134752 86.626011356288672 19.805710921401239 4926939.7250000006 0.31296641791044782 863.50000000000011 0.30120750404420216 8.5000000000000018 0.30362627101794654 2.5000000000000004 313001.82878617378 114.50000000000001 15677.500000000002 9081141.087433558 3.8897569444444451
decision_type=2 2 2 2 2 2 2 2 2 2 2 2 2 2 2
left_child=1 3 13 11 -5 6 7 -2 -8 14 -11 -1 -4 -3 -7
right_child=5 2 12 4 -6 9 8 -9 -10 10 -12 -13 -14 -15 -16
leaf_value=0.0016653278730558269 0.013543126809261136 0.0056546939483774986 -0.015176416958346024 -0.0096387986521232535 -0.0013657685121696217 -0.026405118364804987 -0.0038484415905801848 -0.01840242031405399 -0.020402606314871955 -0.0028477890215950503 0.00035846208708255865 -0.0046742783268033071 0.003585102464107575 0.022907296281659155 0.015851491990746813
leaf_weight=27311.407201514987 638.43971436482389 12765.17861276184 859.82072734832764 3598.6007424831041 10785.628381415503 32.976514938403852 1153.6140321725979 224.71977126051206 1138.5099425492226 16914.866074006131 39352.438973620068 3131.1235489692772 436.24068178236485 345.07131539355032 582.94586786953732
leaf_count=72859 2884 37447 2126 17386 34427 471 4914 1347 7462 76689 153541 10596 663 571 2064
internal_value=4.22343e-06 0.000844703 0.00477677 -0.000419483 -0.00344546 -0.000824485 -0.00745162 0.00501981 -0.0121632 -0.000454486 -0.000605358 0.00101031 -0.00886984 0.00613674 0.0129675
internal_weight=119272 59233.1 14406.3 44826.8 14384.2 60038.5 3155.28 863.159 2292.12 56883.2 56267.3 30442.5 1296.06 13110.2 615.922
internal_count=425447 176075 40807 135268 51813 249372 16607 4231 12376 232765 230230 83455 2789 38018 2535
is_linear=0
shrinkage=0.03


Tree=317
num_leaves=16
num_cat=0
split_feature=14 0 14 0 4 17 17 1 13 31 0 4 18 17 31
split_gain=89.5338 285.031 302.871 313.068 231.116 154.084 558.692 244.992 319.387 253.544 218.788 165.451 150.578 141.902 111.194
threshold=31603146.750000004 140995146.50000003 6663230.2250000006 36826609.500000007 7.4051442164733876 0.084781855344772353 0.11715466901659967 10320.500000000002 885.96746012269853 0.025987012987012992 557344405.50000012 4.6224318658280934 2391.0000000000005 0.10600645840168001 0.088416582102454247
decision_type=2 2 2 2 2 2 2 2 2 2 2 2 2 2 2
left_child=1 2 3 -1 -4 7 11 8 -2 -9 -8 -7 13 -3 -14
right_child=5 12 4 -5 -6 6 10 9 -10 -11 -12 -13 14 -15 -16
leaf_value=-0.00054285337743896153 -0.013389450479794441 0.0010348833718439219 -0.0041652532347433149 0.0058250992620715487 0.014252389418287522 -0.021498236978949186 -0.0051877303213313138 -0.0034058378377200735 0.0073964599402994531 0.0072740585751735814 0.00090423341975228875 0.0014224776414874054 -0.01778577917418377 0.0057399682946357835 0.020595315971453851
leaf_weight=28834.154985828965 1866.2021993875969 10340.897829820286 19243.22373584396 9135.8886096926872 618.30076519411523 1672.0775646789698 8148.1535578378243 2896.0942788205575 1015.371240830631 6381.2064091585926 15131.863265045802 335.60726848500781 454.07521220482886 13106.900879005087 65.859516425058246
leaf_count=87572 11715 25765 83430 21034 2183 10532 44108 14944 5190 27353 58613 1751 1387 29783 87
internal_value=3.90441e-06 0.000560337 -0.000579384 0.000990231 -0.00358007 -0.00121052 -0.00254488 0.00156191 -0.00605445 0.00393677 -0.00122867 -0.0176698 0.00331025 0.00366821 -0.0124268
internal_weight=119246 81799.3 57831.6 37970 19861.5 37446.6 25287.7 12158.9 2881.57 9277.3 23280 2007.68 23967.7 23447.8 519.935
internal_count=425447 251241 194219 108606 85613 174206 115004 59202 16905 42297 102721 12283 57022 55548 1474
is_linear=0
shrinkage=0.03


Tree=318
num_leaves=16
num_cat=0
split_feature=15 15 0 16 20 2 28 10 6 5 17 31 9 1 17
split_gain=92.7808 129.372 223.992 109.764 193.103 154.947 146.036 179.343 116.523 100.748 106.526 100.882 75.3321 73.4072 63.9278
threshold=-0.36931818181818177 -0.29772727272727267 460012029.50000006 7.5000000000000009 5848.5000000000009 38.329255319148949 205393.70010366803 1.4815627743634772 2.6768222414289835 0.14670014347202298 0.25445784628391271 0.14837129237288138 3175.0000000000005 439.50000000000006 0.1222406104207039
decision_type=2 2 2 2 2 2 2 2 2 2 2 2 2 2 2
left_child=3 2 13 4 8 -6 12 -8 -1 10 -3 -11 -5 -2 -4
right_child=1 9 14 6 5 -7 7 -9 -10 11 -12 -13 -14 -15 -16
leaf_value=-0.0081321758466327658 0.02672696288824673 -0.02724555330440535 0.0054728805315266589 -0.027972554711924381 0.010719276300806263 -0.020393840354722931 -0.01558297499490985 0.04788982603484708 0.014707344139016516 0.00018499582336616025 0.0070509611283868096 -0.0070859818675401221 0.0029420560885332746 0.010622476753546778 -0.0077528720176472214
leaf_weight=2789.3884672712302 342.99497803300619 227.02182071644347 544.7559052221477 415.62091358087491 1202.7005528390873 148.81773399747908 85.017124628648162 52.525770514272153 202.10722480621189 109385.6121161487 113.25614350032993 1729.698910670355 79.661484029144049 1092.1572073474526 780.6348314397037
leaf_count=31887 205 13105 909 4233 6671 1115 720 433 797 351359 3077 7733 410 1258 1535
internal_value=3.75319e-06 0.000178935 0.00657669 -0.00399984 -0.00226496 0.00708516 -0.0155317 0.0107854 -0.00651347 1.9342e-05 -0.0159303 7.05996e-05 -0.0230011 0.0147287 -0.00229409
internal_weight=119192 114216 2760.54 4975.84 4343.01 1351.52 632.825 137.543 2991.5 111456 340.278 111115 495.282 1435.15 1325.39
internal_count=425447 379181 3907 46266 40470 7786 5796 1153 32684 375274 16182 359092 4643 1463 2444
is_linear=0
shrinkage=0.03


Tree=319
num_leaves=15
num_cat=0
split_feature=14 0 14 27 31 5 28 30 26 30 19 4 19 11
split_gain=89.2934 150.726 112.901 137.513 123.27 97.3166 92.0075 68.507 84.931 127.057 66.3106 56.1195 53.2549 62.7186
threshold=185965.20454545456 1683768.0000000002 384715.32142857148 614463.42188547214 0.092492774566473993 2.8190909090909098 7328.7040262539194 28.500000000000004 0.29757744374927553 55.500000000000007 193583652.00000003 2.1741658240647124 689027777.50000012 78.500000000000014
decision_type=2 2 2 2 2 2 2 2 2 2 2 2 2 2
left_child=7 5 4 -4 -3 6 -2 12 9 -9 -10 -7 13 -1
right_child=1 2 3 -5 -6 11 -8 8 10 -11 -12 -13 -14 -15
leaf_value=0.012489228453101346 -0.028765807889841583 0.010338064677334875 -0.0083286256132885303 -7.7865871289590878e-06 -0.021783507921758961 -0.022987167279013981 0.0080106029560532994 -0.024942679967932497 0.026377229615921666 0.011352124673732148 0.0021751389161644009 0.0044806586376961504 0.028940861004426988 -0.0020233838300822969
leaf_weight=317.67487758677453 349.47291610017419 1435.7634637800511 1801.5350394695997 112394.0158928865 101.66963711474091 70.658652259036899 65.338464492466301 103.79893682524562 371.33056243881583 306.74869863316417 146.07966128364205 289.82517610862851 47.96273313369602 1358.9332668490242
leaf_count=432 1322 2517 4610 410677 374 237 193 309 397 427 263 587 42 3060
internal_value=3.65159e-06 -0.000120336 -3.09112e-05 -0.000140394 0.0080046 -0.0131774 -0.0228258 0.00543092 0.0119412 0.00154946 0.0198544 -0.00152665 0.00183784 0.000795018
internal_weight=119161 116508 115733 114196 1537.43 775.295 414.811 2652.53 927.958 410.548 517.41 360.484 1724.57 1676.61
internal_count=425447 420517 418178 415287 2891 2339 1515 4930 1396 736 660 824 3534 3492
is_linear=0
shrinkage=0.03


Tree=320
num_leaves=9
num_cat=0
split_feature=15 17 17 15 18 11 7 19
split_gain=90.4396 89.5292 254.315 241.693 260.869 217 176.604 116.274
threshold=-0.74166666666666659 0.19823817908763888 0.13006633520126346 1.2111111111111115 12.500000000000002 87.500000000000014 2.8952948138319661 183320297.50000003
decision_type=2 2 2 2 2 2 2 2
left_child=-1 2 6 4 -3 -4 -2 -5
right_child=1 3 5 7 -6 -7 -8 -9
leaf_value=-0.027510419226860733 0.0090419003392005776 -0.0036995126274301615 0.00066634934114628039 -0.016424450994676515 0.0033315089383372993 -0.007678110560945809 -6.8857942951533704e-05 -0.0020939212439928419
leaf_weight=92.422202299872879 1952.0412179047707 5829.0711295452202 4480.0117557123303 917.4555895794183 25302.651443945826 7448.1651706336997 71986.293011043454 1147.094538114965
leaf_count=2136 7904 24033 12854 1896 86802 34672 253298 1852
internal_value=3.54369e-06 2.8616e-05 -0.00048264 0.00135157 0.00201292 -0.00454467 0.000173054 -0.00854916
internal_weight=119155 119063 85866.5 33196.3 31131.7 11928.2 73938.3 2064.55
internal_count=425447 423311 308728 114583 110835 47526 261202 3748
is_linear=0
shrinkage=0.03


Tree=321
num_leaves=15
num_cat=0
split_feature=28 28 30 18 17 10 17 15 17 18 6 17 11 17
split_gain=88.2574 201.479 168.515 158.908 130.028 116.368 108.349 260.441 242.032 240.914 211.844 181.918 179.222 44.87
threshold=4108606.6893981504 8435910.2062841561 24.500000000000004 1933.5000000000002 0.28184948861598974 2.35326688815061 0.19823817908763888 1.2111111111111115 0.13006633520126346 12.500000000000002 0.61437177280550792 0.11827412620186807 103.50000000000001 0.23032531142234805
decision_type=2 2 2 2 2 2 2 2 2 2 2 2 2 2
left_child=6 2 5 4 -3 -2 8 9 11 -8 -10 -1 -9 -4
right_child=1 3 13 -5 -6 -7 7 12 10 -11 -12 -13 -14 -15
leaf_value=-0.00052685714892582993 -0.0010415383046033554 -0.0050830257358420181 -0.02066888065020157 0.053462507131065165 0.014594865082787751 -0.019267232885870386 -0.0033744799909595472 -0.0042570857849424581 -0.0086704218567913056 0.0036001284979699792 -0.0005402544851632801 0.0032329734908095112 -0.026893862304357967 -0.047396666161960449
leaf_weight=58497.259379845636 974.13443812914193 883.50618570146617 227.1058018009644 40.376585926860571 440.06000911898445 455.27337601763429 5442.9214485810953 1458.4765821397305 5550.1505467196694 24259.516096758307 6009.9140795757994 14423.926965029561 391.05079692229629 99.794423429295421
leaf_count=211927 4793 4966 1396 39 1713 3325 21868 2407 27962 82305 17294 43893 955 604
internal_value=3.23559e-06 -0.00496325 -0.0116445 0.00365133 0.00152731 -0.00700708 0.000137672 0.00163749 -0.000422316 0.00231998 -0.00445243 0.000216944 -0.00923719 -0.0306374
internal_weight=119153 3120.25 1756.31 1363.94 1323.57 1429.41 116033 31552 84481.3 29702.4 11560.1 72921.2 1849.53 326.9
internal_count=425447 16836 10118 6718 6679 8118 408611 107535 301076 104173 45256 255820 3362 2000
is_linear=0
shrinkage=0.03


Tree=322
num_leaves=16
num_cat=0
split_feature=15 15 1 29 18 14 31 29 1 1 28 26 12 14 29
split_gain=88.6611 120.206 182.807 106.365 228.925 131.762 201.217 127.894 121.38 119.116 101.092 100.648 128.722 123.806 45.4234
threshold=-0.36931818181818177 -0.29772727272727267 1646.5000000000002 2413111.4542031982 107.50000000000001 15000068.571428573 0.071899653268577932 5962019.3186788969 11445.500000000002 23274.500000000004 1389044.3125078946 0.083040880838132519 53.500000000000007 71945657.583333343 103530.48350613736
decision_type=2 2 2 2 2 2 2 2 2 2 2 2 2 2 2
left_child=3 2 14 5 8 6 -1 -6 -5 -7 -4 12 -3 -13 -2
right_child=1 11 10 4 7 9 -8 -9 -10 -11 -12 13 -14 -15 -16
leaf_value=-0.0085311861261009019 0.026319487312892298 0.00025338068202107752 0.0051162759022705751 0.0041427660909208351 0.020538389860320101 -0.021596548212856885 0.011580890750849766 -0.00028630022901091648 -0.02452924042487329 -0.003751943326928383 -0.012108324008716805 9.448584808753824e-05 0.0064492832880852112 -0.0031175110114976777 0.0075276604359217165
leaf_weight=1348.7779444328044 410.92947076633573 8381.4440142980311 1794.9771702736616 211.25120296032401 541.3880886946572 782.03288156812778 651.1834931166959 501.4012195665855 320.14501340838615 603.82739404367749 353.92819612845778 86011.811283393647 4711.3048208293039 12333.683577709948 187.33850423619151
leaf_count=10309 252 23433 2638 2106 3701 10380 5888 3504 3879 6499 797 267206 12009 72626 220
internal_value=2.83541e-06 0.000173875 0.00635609 -0.00391732 0.00249557 -0.00690557 -0.00193038 0.0106349 -0.0132753 -0.0139664 0.00220122 2.03667e-05 0.00249004 -0.000308445 0.0208121
internal_weight=119145 114185 2747.17 4960.01 1574.19 3385.82 1999.96 1042.79 531.396 1385.86 2148.91 111438 13092.7 98345.5 598.268
internal_count=425447 379181 3907 46266 13190 33076 16197 7205 5985 16879 3435 375274 35442 339832 472
is_linear=0
shrinkage=0.03


Tree=323
num_leaves=16
num_cat=0
split_feature=8 5 14 11 31 26 26 6 5 11 10 16 5 16 17
split_gain=90.8829 224.068 188.454 208.148 192.656 170.298 167.441 181.769 154.687 131.95 104.519 143.896 104.381 101.749 36.7602
threshold=90.594372447527917 0.68148880105401854 121580771.21764708 76.500000000000014 0.0095307443093506309 0.02508797126848715 0.083040880838132519 0.19378911892152145 1.9172374429223746 142.50000000000003 2.5320512820512828 2.5000000000000004 1.1517069428461835 5.5000000000000009 0.13747694343328479
decision_type=2 2 2 2 2 2 2 2 2 2 2 2 2 2 2
left_child=1 10 4 -4 -3 8 9 -8 12 -7 11 -1 -2 -12 -10
right_child=5 2 3 -5 -6 6 7 -9 14 -11 13 -13 -14 -15 -16
leaf_value=0.030776624620140178 -0.027435205190109169 0.00625929686770604 0.016531595820525807 -0.0097261672252639923 0.00078215852545405378 0.0025388847577863687 0.002272073233614193 -0.0015094265120469319 -0.043076735862775321 0.023788910570815777 -0.015302888044559501 -0.01872920118237199 0.011411325258941485 0.012141996748965692 -0.017289137736533334
leaf_weight=42.457489453954622 74.664375357911922 9337.9741747435182 300.32690788339823 1964.0510433395393 15182.053555104416 11075.804096037638 13854.554950184422 65207.279423858505 141.27066565863788 255.12251829449087 186.86516297940398 880.14290689822519 188.46647771820426 290.24999809754081 129.35143583267927
leaf_count=185 596 26294 1328 13765 51874 30401 61762 224962 731 398 2186 6968 514 2978 505
internal_value=2.74671e-06 0.00149097 0.00210541 -0.00614454 0.00287179 -0.000458392 -0.000356843 -0.000846083 -0.0171215 0.0030508 -0.0101432 -0.0159631 -0.000388804 0.00119327 -0.0324112
internal_weight=119111 28184.1 26784.4 2264.38 24520 90926.5 90392.8 79061.8 533.753 11330.9 1399.72 922.6 263.131 477.115 270.622
internal_count=425447 105578 93261 15093 78168 319869 317523 286724 2346 30799 12317 7153 1110 5164 1236
is_linear=0
shrinkage=0.03


Tree=324
num_leaves=16
num_cat=0
split_feature=5 14 0 5 17 17 17 19 3 5 28 27 28 9 19
split_gain=87.8063 154.104 155.132 162.136 117.667 117.6 209.717 195.746 164.491 181.39 171.811 162.546 101.245 101.794 96.4102
threshold=4.5933134661948225 1467213.6111111112 23490407.500000004 5.1031037414965992 0.1261938959360123 1.0000000180025095e-35 0.068889804184436812 176585468.00000003 2.9270509977827053 0.88589511754068717 2113814.0133020352 12804572.909434585 21420.766652465987 238.50000000000003 195696587.50000003
decision_type=2 2 2 2 2 2 2 2 2 2 2 2 2 2 2
left_child=5 12 4 -4 -3 8 7 -7 9 -1 -10 -8 13 -2 -14
right_child=1 2 3 -5 -6 6 11 -9 10 -11 -12 -13 14 -15 -16
leaf_value=0.0064620560415575741 -0.0047063660211355187 -0.016432404095564918 0.0072211512787508743 -0.00076073171049777797 0.0032131347518949437 0.00062335264815486602 -0.0024117369754666326 0.007915217325783418 -0.0022195629817710924 -0.020037581979134668 0.018165574598558033 0.00053356882730804531 0.028404450363985964 0.012106872583668256 -0.022458390031476847
leaf_weight=303.24378327134764 468.09979622811079 736.56722066923976 3654.5683182692155 6072.5644269953482 421.88476267457008 8245.3490366931655 25458.69564353209 5538.5068034768919 15750.435458383872 884.28820523852482 365.95109707408119 49855.141345119395 346.26113637164235 978.19371676445007 25.2927908282727
leaf_count=4134 1178 2930 11305 21741 1254 25320 78015 14582 54546 5560 1504 201183 488 1611 96
internal_value=2.5432e-06 0.00235867 0.000999141 0.00224155 -0.00930271 -0.000278769 0.000160579 0.0035609 -0.00254088 -0.0132496 -0.00173836 -0.000461931 0.0104086 0.00665221 0.0241273
internal_weight=119105 12703.4 10885.6 9727.13 1158.45 106402 89097.7 13783.9 17303.9 1187.53 16116.4 75313.8 1817.85 1446.29 371.554
internal_count=425447 40603 37230 33046 4184 384844 319100 39902 65744 9694 56050 279198 3373 2789 584
is_linear=0
shrinkage=0.03


Tree=325
num_leaves=16
num_cat=0
split_feature=14 0 15 14 0 14 0 4 0 15 4 15 12 8 15
split_gain=87.6884 295.254 317.024 285.768 267.406 276.138 256.171 232.68 229.761 202.535 191.201 142.331 137.4 64.11 53.2351
threshold=8070902.2500000009 97088341.500000015 0.44671201814058964 16747758.208333334 36826609.500000007 2303145.1597222225 12000974.500000002 7.4051442164733876 345654995.00000006 0.32051282051282054 2.6593326885880084 0.24404761904761907 56.500000000000007 89.75299871860058 1.4500000000000002
decision_type=2 2 2 2 2 2 2 2 2 2 2 2 2 2 2
left_child=4 2 7 10 5 6 -1 -2 -5 -7 -3 12 -6 -13 -4
right_child=1 3 14 8 11 9 -8 -9 -10 -11 -12 13 -14 -15 -16
leaf_value=-0.00033509306529815394 -0.0095467004652632428 0.0086868375497685842 0.0043566492558425943 -0.0037355804660906496 0.0071184984403188179 -0.0065462371694171122 0.0077987913719673218 0.017226074234949602 0.0005322872064396953 0.0033650400832496772 0.00085709847283152885 0.0088016252563118524 -0.0052805167101014098 -0.0026554298302796323 -0.010210260597219139
leaf_weight=14418.823804939631 7323.668808327755 5200.1742322877981 2671.0567833557725 16381.775204186211 9974.2239958327264 8443.7407571059885 4577.3849285828182 290.13251545606181 36866.812607752217 2362.4517735354602 6107.2231025288347 502.79765411093831 861.31025198637508 2880.2343409135938 231.28403962403536
leaf_count=37926 46299 11745 3335 79016 25921 41818 9444 1268 143044 3131 14390 587 2643 4476 404
internal_value=2.52424e-06 -0.00062055 -0.00527827 0.000138777 0.00106563 -0.000548818 0.0016279 -0.0084907 -0.000780829 -0.004375 0.00446732 0.00444866 0.00612421 -0.000912478 0.00313902
internal_weight=119093 75072.1 10516.1 64556 44021 29802.4 18996.2 7613.8 53248.6 10806.2 11307.4 14218.6 10835.5 3383.03 2902.34
internal_count=425447 299501 51306 248195 125946 92319 47370 47567 222060 44949 26135 33627 28564 5063 3739
is_linear=0
shrinkage=0.03


Tree=326
num_leaves=15
num_cat=0
split_feature=14 17 7 18 17 28 28 17 5 6 8 19 13 1
split_gain=86.6197 98.6521 183.806 223.902 169.34 198.126 161.655 149.593 45.561 75.0508 67.8201 64.6695 41.8732 35.9978
threshold=64525.439516129038 1.0000000180025095e-35 6.8311326130025467 28.500000000000004 0.069544728845357909 156318.866527943 6548.2717872006806 0.11827412620186807 1.5187529301453355 1.3694553163731247 92.427337415753598 169549565.00000003 6.0031452362226041 30.500000000000004
decision_type=2 2 2 2 2 2 2 2 2 2 2 2 2 2
left_child=8 2 3 -2 5 -3 -4 -6 9 12 11 -10 -1 -12
right_child=1 4 6 -5 7 -7 -8 -9 10 -11 13 -13 -14 -15
leaf_value=-0.020115573296372983 0.0031205995273148324 0.0056496753701189518 0.0060372209538667549 -0.009000121503794159 -0.0022653714579528978 -0.001239275434338443 -0.0018797989251338328 0.000560953921685135 0.0069733413832043512 0.023513787470933613 0.010193796566873956 -0.028078704468824253 0.019232158742603714 0.026499918233163961
leaf_weight=133.45266486844048 1839.2194818169228 10204.675929406309 3154.4381937161088 5271.8724837236223 23498.072335889505 5924.6965387192322 8654.8200239334255 59478.220264138014 175.79304839856923 51.008807817474008 323.65716001205146 47.933094242587686 16.016243828460574 231.50283307395875
leaf_count=497 7064 27337 6982 22328 97141 19967 35330 207605 274 34 484 162 17 225
internal_value=2.48037e-06 -7.15437e-05 -0.0020559 -0.00586103 0.000307242 0.00311854 0.0002374 -0.000239337 0.00882002 -0.00360865 0.0120646 -0.00170327 -0.0143474 0.0175644
internal_weight=119005 118026 18920.4 7111.09 99105.7 16129.4 11809.3 82976.3 979.364 200.478 778.886 223.726 149.469 555.16
internal_count=425447 423754 71704 29392 352050 47304 42312 304746 1693 548 1145 436 514 709
is_linear=0
shrinkage=0.03


Tree=327
num_leaves=14
num_cat=0
split_feature=15 15 15 0 15 0 29 4 6 10 13 13 10
split_gain=87.8295 96.6375 98.7927 124.822 112.033 82.3839 84.5862 57.6156 84.2868 105.313 74.3569 55.6615 25.3353
threshold=-0.65833333333333321 -0.54195804195804176 -0.36931818181818177 46278499.000000007 -0.29772727272727267 1141448355.0000002 4870806.4910968672 2.9119263089851328 0.54964788732394376 1.438923395445135 2255.8811284549015 2716.4604866318759 1.2903762903762908
decision_type=2 2 2 2 2 2 2 2 2 2 2 2 2
left_child=7 5 3 -3 -4 12 -7 8 -1 -10 -9 -12 -2
right_child=1 2 4 -5 -6 6 -8 10 9 -11 11 -13 -14
leaf_value=-0.027184124719183352 0.0071987322225633517 -0.016446906112178222 0.006155330374538831 -0.0022260810817883326 2.3391830431529867e-05 -0.032977078565567988 0.010673889730138284 -0.030649654101088362 -0.0077507648705071744 0.030923484734890757 0.037272997420160957 -0.017547873846072815 0.031770279285782091
leaf_weight=83.684750076266937 65.877523511648178 655.37343812629115 2733.0923643819988 3329.7702741141547 111311.01570169965 39.922221925109625 131.23630750179291 183.44798394641839 177.18732606992126 79.66721434390638 18.098167642951012 19.854088174994104 163.21624435484409
leaf_count=2203 99 7130 3907 29383 375274 205 331 3237 2228 785 75 467 123
internal_value=2.58004e-06 5.97087e-05 8.62589e-06 -0.00462516 0.000171398 0.0145067 -0.00118321 -0.0116739 -0.00350121 0.00517866 -0.0230977 0.0111809 0.025704
internal_weight=118991 118430 118029 3985.14 114044 400.252 171.159 561.94 340.539 256.855 221.4 37.9523 229.094
internal_count=425447 416452 415694 36513 379181 758 536 8995 5216 3013 3779 542 222
is_linear=0
shrinkage=0.03


Tree=328
num_leaves=9
num_cat=0
split_feature=5 10 5 11 16 5 9 6
split_gain=86.2624 91.4825 171.912 173.675 141.296 116.934 229.733 182.516
threshold=1.0000000180025095e-35 3.077651515151516 2.2366028708133974 103.50000000000001 5.5000000000000009 1.7248188405797105 101.50000000000001 1.8520622895622898
decision_type=2 2 2 2 2 2 2 2
left_child=-1 5 4 -4 -3 7 -7 -2
right_child=1 2 3 -5 -6 6 -8 -9
leaf_value=-0.026055032040454226 -0.0010699980264298606 0.0017752791587718703 0.0043090068345147097 -0.013757800514521612 0.015488131744037108 -0.011053214159679355 0.00068184579439431166 -0.010180206617907233
leaf_weight=99.228439786704257 30253.812007311964 1295.1588463508524 1250.2715571792796 755.02960106171668 1423.0429255655035 1514.8243305212818 80269.766215130221 2104.6133620906621
leaf_count=14563 125176 4898 4311 3678 4520 7132 254566 6603
internal_value=2.41303e-06 2.77026e-05 0.00411241 -0.00253024 0.00901086 -0.000141587 0.000462134 -0.0016679
internal_weight=118966 118867 4723.5 2005.3 2718.2 114143 81784.6 32358.4
internal_count=425447 410884 17407 7989 9418 393477 261698 131779
is_linear=0
shrinkage=0.03


Tree=329
num_leaves=8
num_cat=0
split_feature=15 15 4 28 13 30 21
split_gain=86.0128 86.4604 87.0143 111.781 97.693 4.73925 12.6553
threshold=-0.74166666666666659 -0.70714285714285696 4.5519814719505929 1035893.6794955595 700.70859348148917 27.500000000000004 35823.000000000007
decision_type=2 2 2 2 2 2 2
left_child=-1 5 4 -4 -3 -2 -7
right_child=1 2 3 -5 -6 6 -8
leaf_value=-0.027279883408610314 0.044669023438181327 -0.00087636860772061047 0.0025843487737656073 -0.0038784667148428118 0.0014113695626996629 -0.010148911078813159 0.021937883403680958
leaf_weight=88.911528620810714 24.995615024119616 75995.314487975091 18538.483537275635 2751.0792533985805 21544.353648809483 7.0297549851238701 8.8322593979537487
leaf_count=2136 31 264042 58698 12621 87834 76 9
internal_value=2.15854e-06 2.62565e-05 8.46224e-06 0.00174566 -0.000370611 0.0373417 0.00872436
internal_weight=118959 118870 118829 21289.6 97539.7 40.8576 15.862
internal_count=425447 423311 423195 71319 351876 116 85
is_linear=0
shrinkage=0.03


Tree=330
num_leaves=16
num_cat=0
split_feature=8 5 28 30 26 26 6 5 4 18 23 30 5 11 17
split_gain=85.079 212.022 185.113 166.443 162.412 156.302 173.865 147.394 134.353 117.281 101.927 110.993 99.1147 97.3862 35.0926
threshold=90.594372447527917 0.68148880105401854 4462246.5825196225 21.500000000000004 0.02508797126848715 0.083040880838132519 0.19378911892152145 1.9172374429223746 7.4051442164733876 864.50000000000011 1.3599863177191844 3.5000000000000004 1.1517069428461835 123.50000000000001 0.13747694343328479
decision_type=2 2 2 2 2 2 2 2 2 2 2 2 2 2 2
left_child=1 10 9 -4 7 8 -7 12 -6 -3 13 -12 -2 -1 -9
right_child=4 2 3 -5 5 6 -8 14 -10 -11 11 -13 -14 -15 -16
leaf_value=-0.018604175799713903 -0.026845497569377839 0.0031205766071008083 -0.0048458484093038146 -0.038279969794773376 0.0031843673822390668 0.0022335805538114214 -0.0014672330747077049 -0.042161352340096332 -0.042094454501172184 -0.0038779424474630906 0.016822881190891429 -0.014355091834578403 0.011086834426242486 0.0075061884765942853 -0.016907485479769339
leaf_weight=866.0589157541981 74.145819840137847 23595.502067651134 644.63101126626134 157.18537133513018 11273.516431762488 13835.910759344755 65126.948871949047 140.45116471499205 44.266309977974743 2355.1062280558981 216.91274918214185 169.3898654920049 188.38581727258861 140.35767637821846 129.16588312014937
leaf_count=8003 596 80954 3089 1036 30567 61762 224962 731 232 8182 1396 1726 514 1192 505
internal_value=2.18309e-06 0.00144313 0.00204015 -0.0120195 -0.000444237 -0.000345081 -0.000818094 -0.0167409 0.00294914 0.00248241 -0.00990306 0.00305133 -0.000390078 -0.0148766 -0.031697
internal_weight=118958 28145.1 26752.4 801.816 90812.8 90280.6 78962.9 532.149 11317.8 25950.6 1392.72 386.303 262.532 1006.42 269.617
internal_count=425447 105578 93261 4125 319869 317523 286724 2346 30799 89136 12317 3122 1110 9195 1236
is_linear=0
shrinkage=0.03


Tree=331
num_leaves=16
num_cat=0
split_feature=4 29 22 6 7 12 26 5 27 10 24 11 1 1 9
split_gain=85.4579 152.923 107.787 141.336 91.1076 144.157 145.286 132.391 161.419 127.35 86.2793 99.3288 76.1971 46.1573 13.008
threshold=0.456832298136646 1172.6610817070739 33.500000000000007 0.08248299319727892 9.3919998079122227 36.500000000000007 0.02508797126848715 0.68148880105401854 303215596.0586769 2.5320512820512828 0.43230113000016651 100.50000000000001 177.50000000000003 84.500000000000014 42.500000000000007
decision_type=2 2 2 2 2 2 2 2 2 2 2 2 2 2 2
left_child=1 2 14 -4 5 12 -7 9 -9 -6 13 -12 -2 -3 -1
right_child=4 10 3 -5 7 6 -8 8 -10 -11 11 -13 -14 -15 -16
leaf_value=-0.0045453564929066768 0.0067717824846881781 0.0065046969567462871 0.026344728086529452 -0.00015107887826882569 -0.014177472533452187 -0.016137881632518138 -0.00015255445915471829 0.002771444505133544 -0.0061033380736868663 0.0057774977783182973 0.0015735361490111695 -0.012723706711040412 -0.021738420148639487 -0.030919609470618292 -0.03236816492401029
leaf_weight=30.459138439502567 96.209706925787032 27.411497531924397 261.5055257306667 518.70663261855952 868.27866325015202 499.78187473479193 87507.549998525239 24277.343171531567 1980.1832975433208 414.31670826493064 707.39290745783364 1103.8901835617726 404.15258478722535 205.15566561429296 50.912251343601383
leaf_count=567 207 123 1149 2597 6553 2132 301691 81155 9420 3602 4174 8122 1578 1868 509
internal_value=1.42913e-06 -0.00506679 0.00544585 0.00902128 0.000129217 -0.000339439 -0.000246408 0.00163582 0.00209792 -0.00771603 -0.00952035 -0.00715646 -0.0161607 -0.0262606 -0.0245933
internal_weight=118953 2905.43 861.584 780.212 116048 88507.7 88007.3 27540.1 26257.5 1282.6 2043.85 1811.28 500.362 232.567 81.3714
internal_count=425447 19109 4822 3746 406338 305608 303823 100730 90575 10155 14287 12296 1785 1991 1076
is_linear=0
shrinkage=0.03


Tree=332
num_leaves=16
num_cat=0
split_feature=14 28 3 15 0 1 15 14 1 12 0 14 17 6 11
split_gain=83.5481 334.712 223.196 242.303 189.52 443.382 351.989 228.596 213.92 211.454 140.634 359.591 156.58 134.61 112.177
threshold=25844775.590909097 669184.15091986256 2.3917306052855927 0.18465909090909094 397586766.50000006 33401.500000000007 0.44671201814058964 60890640.514285721 17498.500000000004 51.500000000000007 118458064.50000001 7745007.2782805441 0.040698636323213584 0.26713615023474185 105.50000000000001
decision_type=2 2 2 2 2 2 2 2 2 2 2 2 2 2 2
left_child=1 10 13 -4 5 6 -2 8 -6 -9 11 -1 -12 -3 -7
right_child=4 2 3 -5 7 14 -8 9 -10 -11 12 -13 -14 -15 -16
leaf_value=0.00069348384544309308 -0.01025137130398463 -0.020103391943036095 0.015055110787918845 -0.00064661594967314287 0.008281485159752645 0.015068273502557631 0.0011607026738695671 -0.0045488810816866282 0.00031106860990414228 0.0022260434314979845 -0.0028643012922748567 -0.0051045730381344091 0.0037770207909020651 0.02029003725125892 -0.0053117160387365142
leaf_weight=39873.197092967865 7069.1846553995856 345.35900116851553 2997.9018098320812 1245.3176117800176 4742.0004254324595 1199.6836281805299 3693.3452907279134 11100.244277677091 8377.1634895268362 6594.6141247024061 4072.3784013648983 12672.661284898641 14591.30757525505 79.879978786688298 293.23151306260843
leaf_count=116582 56161 2551 8438 1781 12358 5537 5116 59918 21171 32020 11159 57424 32970 351 1910
internal_value=9.87173e-07 0.000600225 0.00836888 0.0104538 -0.00105387 -0.00420705 -0.00633618 0.000200685 0.00320048 -0.00202253 8.88398e-05 -0.00070534 0.00232516 -0.0120147 0.0110324
internal_weight=118947 75878 4668.46 4243.22 43069.5 12255.4 10762.5 30814 13119.2 17694.9 71209.5 52545.9 18663.7 425.239 1492.92
internal_count=425447 231256 13121 10219 194191 68724 61277 125467 33529 91938 218135 174006 44129 2902 7447
is_linear=0
shrinkage=0.03


Tree=333
num_leaves=14
num_cat=0
split_feature=15 15 15 0 15 0 17 4 5 6 13 13 7
split_gain=83.6282 90.6542 93.6479 119.346 105.141 78.0839 83.3465 55.8361 82.2297 80.4572 72.5439 52.5806 24.9673
threshold=-0.65833333333333321 -0.54195804195804176 -0.36931818181818177 46278499.000000007 -0.29772727272727267 1141448355.0000002 0.22576047480106357 2.9119263089851328 1.6827332559039878 0.54964788732394376 2255.8811284549015 2716.4604866318759 6.302428780369957
decision_type=2 2 2 2 2 2 2 2 2 2 2 2 2
left_child=7 5 3 -3 -4 12 -7 8 -1 -10 -9 -12 -2
right_child=1 2 4 -5 -6 6 -8 10 9 -11 11 -13 -14
leaf_value=-0.027085554112171294 0.0015412879364131021 -0.016144331436770406 0.0059727486374322181 -0.0021730852933809892 2.2113676358494625e-05 -0.025154491926328394 0.014368282498412654 -0.0305003242987219 -0.024536271540768324 0.013520609566947015 0.03596346829874604 -0.017330513718841072 0.029243400213616006
leaf_weight=81.928259688895196 38.924794271588326 648.02329939318588 2723.4115105494857 3325.2318046460277 111225.96565314813 64.364313375204802 106.38732317090034 178.4201638782979 49.630603419151157 206.84174732444808 18.508850070647895 19.382183415000327 188.83112392574549
leaf_count=2013 65 7130 3907 29383 375274 306 230 3237 1157 2046 75 467 157
internal_value=9.49129e-07 5.64046e-05 6.97923e-06 -0.00451142 0.000165366 0.0140786 -0.00119645 -0.0114652 -0.00342873 0.0050968 -0.0228702 0.0109515 0.0250203
internal_weight=118876 118321 117923 3973.26 113949 398.508 170.752 554.712 338.401 256.472 216.311 37.891 227.756
internal_count=425447 416452 415694 36513 379181 758 536 8995 5216 3203 3779 542 222
is_linear=0
shrinkage=0.03


Tree=334
num_leaves=9
num_cat=0
split_feature=5 25 5 14 5 7 15 16
split_gain=83.1842 83.2533 161.992 157.287 110.826 195.938 126.261 103.308
threshold=1.0000000180025095e-35 3.077651515151516 2.0718588640275395 46502802.000000007 2.8839743589743594 12.105404077926897 0.54509283819628662 5.5000000000000009
decision_type=2 2 2 2 2 2 2 2
left_child=-1 4 7 -4 6 -6 -2 -3
right_child=1 2 3 -5 5 -7 -8 -9
leaf_value=-0.02593322056856261 -0.0016077794544433817 0.0026965134728504842 0.0013953421836379164 -0.020476712112721316 0.00045880356223683703 0.0078166863177972987 0.0012690832610873165 0.014732670551257522
leaf_weight=96.20685272134142 52810.124055382097 1255.7684356444515 1796.8144864849746 338.49192034266889 39154.500082706101 3539.5061403461732 18528.08827358298 1331.3415889772587
leaf_count=14563 231733 4692 6034 2426 123653 11271 26820 4255
internal_value=7.13307e-07 2.52484e-05 0.00392231 -0.00217655 -0.000136372 0.00107204 -0.000860065 0.00895114
internal_weight=118851 118755 4722.42 2135.31 114032 42694 71338.2 2587.11
internal_count=425447 410884 17407 8460 393477 134924 258553 8947
is_linear=0
shrinkage=0.03


Tree=335
num_leaves=16
num_cat=0
split_feature=14 13 14 13 14 0 0 4 8 9 9 26 1 13 16
split_gain=83.1598 143.894 135.6 133.415 146.866 238.489 222.426 123.233 129.3 116.996 112.713 107.823 82.9409 81.2916 77.6872
threshold=599978.80000000016 2.3097261152362329 526917.56250000012 6.0031452362226041 3225469.464285715 23490407.500000004 39775498.000000007 1.6978938130759107 92.455655553917779 208.50000000000003 424.50000000000006 0.36266862186839893 392.50000000000006 14.682640152224346 8.5000000000000018
decision_type=2 2 2 2 2 2 2 2 2 2 2 2 2 2 2
left_child=1 2 9 7 5 -5 -6 10 -9 -1 -2 14 -4 -13 -3
right_child=3 11 12 4 6 -7 -8 8 -10 -11 -12 13 -14 -15 -16
leaf_value=-0.0099324244490142499 -0.02551883789842925 -0.0029699063035677729 -0.037328100019402698 0.00017190325992094818 -0.0048732412672490956 0.0088263827962847437 7.9660752680966714e-05 0.004068033356960603 -0.0071058188300667097 0.0030980569393423314 -0.00041129530128214506 0.014802725524100837 0.014013837299503736 -0.0075429151805127166 0.017031233408462056
leaf_weight=745.55180783127435 443.89487037644722 894.26681315572932 119.36118233576417 8779.3367861122824 9011.0281638981542 4245.1103116314625 84973.111580052704 1443.9316794779152 2563.1276627506595 3338.216520152986 252.37068662978709 1624.848181274836 26.408870127052069 149.99174326728098 201.20956672821194
leaf_count=2289 1981 2007 469 28018 40361 8230 320085 3566 7548 6455 679 3030 34 420 275
internal_value=6.1392e-07 0.00314564 -0.00037008 -0.000199395 1.80086e-05 0.0030019 -0.000395597 -0.00513639 -0.00307174 0.000684189 -0.0166611 0.0083116 -0.0274003 0.0128501 0.00085718
internal_weight=118812 7099.85 4229.54 111712 107009 13024.4 93984.1 4703.32 4007.06 4083.77 696.266 2870.32 145.77 1774.84 1095.48
internal_count=425447 14979 9247 410468 396694 36248 360446 13774 11114 8744 2660 5732 503 3450 2282
is_linear=0
shrinkage=0.03


Tree=336
num_leaves=16
num_cat=0
split_feature=14 13 2 14 1 2 13 14 14 17 11 1 13 18 17
split_gain=82.7956 286.585 286.079 189.027 172.903 146.744 153.875 205.713 187.826 133.45 112.078 106.716 89.772 59.7368 44.9502
threshold=14470667.66134752 86.626011356288672 19.805710921401239 4802571.166666667 8179.5000000000009 1.6885775862068968 300.00445875706265 87832349.166666672 60890640.514285721 0.040274344384670265 114.50000000000001 15677.500000000002 204.83367333858925 33.500000000000007 0.24368105828762057
decision_type=2 2 2 2 2 2 2 2 2 2 2 2 2 2 2
left_child=1 3 9 10 -5 12 7 -7 -8 -3 -1 -4 14 -14 -2
right_child=5 2 11 4 -6 6 8 -9 -10 -11 -12 -13 13 -15 -16
leaf_value=0.0016063800511586747 -0.019371351253230119 0.00039214152429110731 -0.014944563311212041 -0.0041984709729717615 0.0070195526402114707 -0.0034647337436412321 0.0024219434651650577 0.0088069276075534025 -0.001797996840504644 0.0075178338652650703 -0.0044242531039822659 0.0031376718362985216 -0.012115393955842683 -0.041297675442215062 0.031754412273227034
leaf_weight=26828.011708489095 10.701284478709566 3117.2482262513367 859.1448150742799 13396.61719539552 1346.7605635488871 20038.636287178029 20480.484179404797 1294.3080502492376 17662.342786389112 9934.5815259251976 3076.6440939357271 431.91439137980342 156.49413898494095 123.84292433649534 30.050262764561921
leaf_count=71678 166 11409 2126 49843 3315 81606 61984 7640 94231 26609 10432 663 1794 1853 98
internal_value=4.65528e-07 0.000798033 0.00448507 -0.000386841 -0.00316561 -0.000785854 -0.000673456 -0.00271312 0.000467141 0.00582066 0.000983028 -0.00890575 -0.0205569 -0.0265514 0.016191
internal_weight=118788 58990.9 14342.9 44648 14743.4 59796.9 59475.8 21332.9 38142.8 13051.8 29904.7 1291.06 321.089 280.337 40.7515
internal_count=425447 176075 40807 135268 53158 249372 245461 89246 156215 38018 82110 2789 3911 3647 264
is_linear=0
shrinkage=0.03


Tree=337
num_leaves=9
num_cat=0
split_feature=15 4 0 14 14 10 5 30
split_gain=82.2025 82.257 191.749 247.328 169.711 118.885 131.75 126.515
threshold=-0.74166666666666659 1.4080290010741141 2905506051.5000005 148297304.20833334 636931959.50000012 3.077651515151516 1.2251760563380285 1.0000000180025095e-35
decision_type=2 2 2 2 2 2 2 2
left_child=-1 2 3 -2 -4 6 -3 -7
right_child=1 5 4 -5 -6 7 -8 -9
leaf_value=-0.0270732976611683 -0.0021088676777904557 -0.0027134735970602074 0.01539766145482269 -0.02396235472826715 -0.034763185755742984 0.012167677253938261 0.00056063138385441952 0.00016013853363654689
leaf_weight=85.846033775538672 14021.300319319533 12644.783732833748 791.33548877178691 467.7554849817534 51.271678384509869 1537.0662864727201 87541.824380838312 1619.1104714199901
leaf_count=2136 64037 59812 2176 5884 593 5853 276461 8495
internal_value=2.93106e-07 2.35493e-05 -0.00202564 -0.00284049 0.0117558 0.000328101 0.000146755 0.0060472
internal_weight=118760 118674 15331.7 14489.1 842.607 103343 100187 3156.18
internal_count=425447 423311 72690 69921 2769 350621 336273 14348
is_linear=0
shrinkage=0.03


Tree=338
num_leaves=14
num_cat=0
split_feature=14 1 14 0 26 15 0 10 24 19 23 6 9
split_gain=81.2252 99.8601 196.623 205.228 161.608 167.411 150.074 100.029 44.178 50.2701 146.601 4.63662 3.4705
threshold=64525.439516129038 140.50000000000003 2805202.7083333335 45109052.000000007 0.10045470604704491 0.25833333333333336 10981796.000000002 1.1299795709908074 22.509259259259263 383524153.00000006 0.30997910954166147 3.3055830039525698 1631.5000000000002
decision_type=2 2 2 2 2 2 2 2 2 2 2 2 2
left_child=8 4 6 -4 7 -6 -3 -2 9 10 -1 -10 -11
right_child=1 2 3 -5 5 -7 -8 -9 11 12 -12 -13 -14
leaf_value=-0.016788406142158315 -0.01190333123317747 0.00015818972296222723 -0.0040750300544681829 0.00025695357220561745 -0.0057787150893666758 0.0056454561672364227 0.0067404590670452728 0.0089471097694377843 -0.030253656384923333 0.029286230086372898 0.013150966308800839 0 0.0082203108245592609
leaf_weight=174.30921587534249 227.93164299055934 5751.4074210661929 11156.027942550892 82690.3794527133 8397.1486200439977 1323.2251349631697 6818.6423320570611 1406.3737976455595 13.511684147641065 100.36777581274509 652.44305807864293 5.4817575737833968 27.978014865890145
leaf_count=451 525 16405 47776 310380 28329 1935 15291 3113 61 81 1055 10 35
internal_value=1.99182e-09 -7.16365e-05 0.000213595 -0.000258262 -0.00274423 -0.00421417 0.00373491 0.00593916 0.00856142 0.00964985 0.00661634 -0.0253954 0.0262441
internal_weight=118745 117771 106416 93846.4 11354.7 9720.37 12570 1634.31 974.092 955.098 826.752 18.9934 128.346
internal_count=425447 423754 389852 358156 33902 30264 31696 3638 1693 1622 1506 71 116
is_linear=0
shrinkage=0.03


Tree=339
num_leaves=16
num_cat=0
split_feature=17 17 1 29 11 1 4 12 8 8 13 17 3 17 2
split_gain=80.9443 224.732 220.927 298.333 195.994 228.785 184.566 166.957 166.335 164.88 156.55 118.863 108.584 87.6605 51.9738
threshold=0.19823817908763888 0.13006633520126346 605.50000000000011 56537.101593879328 87.500000000000014 115.50000000000001 0.456832298136646 48.500000000000007 84.37572843822845 96.084830993921926 7.8919297465941414 0.11900636926293374 16.835416666666671 0.32453259825706487 43.216666666666676
decision_type=2 2 2 2 2 2 2 2 2 2 2 2 2 2 2
left_child=1 9 12 8 7 -6 -5 -3 -4 11 -11 -1 13 -2 -14
right_child=2 4 3 6 5 -7 -8 -9 -10 10 -12 -13 14 -15 -16
leaf_value=-0.00083243285049446297 0.011657290568704223 0.0035453673499727611 0.022317064393620443 -0.013814142616897973 0.0045234334665981892 -0.0096406863757749085 0.0026402688260063504 -0.01088354632138974 -0.0055196673125627524 -0.0082679556749546378 0.0077781192432146533 0.0023649289386405794 -0.031983080052921047 -0.025103007433106939 0.0067704291279878587
leaf_weight=56249.619442079624 2492.6225045446772 3577.498580893036 183.67705017118715 615.3909231122816 1217.3929439188214 6188.3955681716325 22607.926422306977 887.94405472627841 7076.3851677048369 619.10822533420287 4006.2862794192624 12838.012332721963 67.63733659312129 45.632883892394602 41.063301647081971
leaf_count=204803 6228 9488 584 4184 3564 31199 75628 3432 28284 1927 16062 39548 226 234 56
internal_value=4.25354e-08 -0.000487103 0.00125902 0.000533933 -0.00431515 -0.00730385 0.00219432 0.000642681 -0.00476672 0.000129736 0.00560411 -0.000237474 0.00954809 0.0108411 -0.0180551
internal_weight=118715 85584.3 33130.3 30483.4 11871.2 7405.79 23223.3 4465.44 7260.06 73713 4625.39 69087.6 2646.96 2538.26 108.701
internal_count=425447 310023 115424 108680 47683 34763 79812 12920 28868 262340 17989 244351 6744 6462 282
is_linear=0
shrinkage=0.03


Tree=340
num_leaves=16
num_cat=0
split_feature=28 28 30 4 11 3 30 8 5 4 31 6 24 12 14
split_gain=80.3669 189.288 155.147 118.29 116.632 173.132 159.914 108.507 189.015 142.93 138.763 146.381 115.576 82.9918 44.1275
threshold=4108606.6893981504 8435910.2062841561 24.500000000000004 1.0671171171171172 101.50000000000001 3.3739406779661021 3.5000000000000004 90.594372447527917 0.60903532608695665 10.01041666666667 0.14837129237288138 0.19378911892152145 0.31646034895358882 55.500000000000007 320469932.72727281
decision_type=2 2 2 2 2 2 2 2 2 2 2 2 2 2 2
left_child=7 2 3 -2 6 -6 -3 8 13 -10 11 -9 -12 -1 -4
right_child=1 4 14 -5 5 -7 -8 10 9 -11 12 -13 -14 -15 -16
leaf_value=-0.016230775468283474 -0.029711557432307634 0.0091950248905644984 -0.035110739796652891 -0.0034860329256469276 -0.015644125437473462 0.01836723743108622 -0.021370809925173647 0.0026890754408730269 0.0020650860581287274 0.025357364856427839 0.0043652453674397802 -0.00076695991376035861 -0.018622982268434705 0.0030760407057349535 -0.0060303041411957801
leaf_weight=718.29342265968444 163.25474411132745 290.53891187882982 254.98251823778264 1258.8427767034154 158.09767486550845 613.63860062300228 296.63839973392896 12923.648962075415 25843.901224662317 224.70342262648046 269.98040095309261 74696.787815403193 649.51664338749833 266.54548590950435 68.585741211194545
leaf_count=7716 1698 1234 1513 6420 1577 2227 1680 55830 89542 487 1285 247534 4031 2186 487
internal_value=0 -0.00475139 -0.0112515 -0.00679626 0.00360857 0.0111961 -0.00634452 0.000128313 0.00179077 0.00228148 -0.00037953 -0.000256494 -0.0118794 -0.0110076 -0.0295755
internal_weight=118698 3104.58 1745.67 1422.1 1358.91 771.736 587.177 115593 27053.4 26068.6 88539.9 87620.4 919.497 984.839 323.568
internal_count=425447 16836 10118 8118 6718 3804 2914 408611 99931 90029 308680 303364 5316 9902 2000
is_linear=0
shrinkage=0.03


Tree=341
num_leaves=6
num_cat=0
split_feature=5 15 15 15 31
split_gain=80.0832 79.8224 81.2826 82.3194 6.31877
threshold=1.0000000180025095e-35 -0.74166666666666659 -0.70714285714285696 -0.65833333333333321 0.038196812945278165
decision_type=2 2 2 2 2
left_child=-1 -2 4 -4 -3
right_child=1 2 3 -5 -6
leaf_value=-0.025803680321449016 -0.026926724950257983 0.043417937014310307 -0.012971601079836977 7.6952139319288342e-05 0.0071908791468029386
leaf_weight=93.151702367409598 83.82611277140677 26.077341251075268 421.73018483351916 118056.93858023593 15.154526429250835
leaf_count=14563 2112 36 6583 402073 80
internal_value=-5.44183e-09 2.32684e-05 4.59875e-05 2.86159e-05 0.0361064
internal_weight=118697 118604 118520 118479 41.2319
internal_count=425447 410884 408772 408656 116
is_linear=0
shrinkage=0.03


Tree=342
num_leaves=16
num_cat=0
split_feature=14 28 3 0 15 1 0 14 4 14 12 28 0 14 15
split_gain=79.0746 327.567 301.113 189.814 354.733 320.761 167.391 370.109 203.666 157.574 160.517 142.429 124.763 122.907 66.9312
threshold=19995885.222222228 669184.15091986256 2.601724137931035 306033072.00000006 0.44671201814058964 22597.500000000004 103303625.50000001 7745007.2782805441 2.4715633423180599 60890640.514285721 51.500000000000007 3800003.962156462 374173665.00000006 13660531.750000002 1.4500000000000002
decision_type=2 2 2 2 2 2 2 2 2 2 2 2 2 2 2
left_child=1 6 13 4 5 -2 7 -1 -8 12 -11 -4 -5 -3 -6
right_child=3 2 11 9 14 -7 8 -9 -10 10 -12 -13 -14 -15 -16
leaf_value=0.00064684180846766163 -0.0097936796465484931 -0.00041517320260562939 0.015209575477060061 -0.0046384532571615835 0.0040347167569695494 0.0072179367621850975 0.0070168564457982197 -0.0058264925734406508 0.00010851634571098775 -0.0038341764362532648 0.0018963358020739885 -0.01502173947995567 0.0030755095219013344 -0.032958491392187504 -0.0080966638010867877
leaf_weight=39171.426963083562 7517.1438137335645 275.16603134572506 2633.680519068148 2119.6625397116295 4063.2173697575927 1136.66637750261 6377.1134475149447 9955.6348690902232 9646.1736851878231 11948.77585438051 6938.137474756164 135.49742917367257 16175.604197527282 155.64794077526312 439.55206586420536
leaf_count=115159 55820 1506 5541 8160 5219 8485 14428 45662 22275 65573 34774 398 40485 1215 747
internal_value=-7.78282e-08 0.000664143 0.0100124 -0.000902486 -0.00399729 -0.00754714 0.000202324 -0.000665752 0.00286383 0.000192947 -0.00172764 0.0136466 0.00217708 -0.0129533 0.00282088
internal_weight=118689 68350.3 3199.99 50338.8 13156.6 8653.81 65150.3 49127.1 16023.3 37182.2 18886.9 2769.18 18295.3 430.814 4502.77
internal_count=425447 206184 8660 219263 70271 64305 197524 160821 36703 148992 100347 5939 48645 2721 5966
is_linear=0
shrinkage=0.03


Tree=343
num_leaves=16
num_cat=0
split_feature=11 19 16 21 5 19 5 28 26 30 10 8 29 17 29
split_gain=79.3903 163.723 170.392 163.837 135.694 187.392 167.209 135.615 186.561 141.036 135.242 119.233 109.749 82.2413 51.2303
threshold=101.50000000000001 169009570.50000003 7.5000000000000009 94.500000000000014 1.7248188405797105 187858432.50000003 1.163028001898434 4108606.6893981504 2.3149455214672612 24.500000000000004 3.077651515151516 93.270004901246594 1730255.2341469314 0.077447135001420989 167284604.14575869
decision_type=2 2 2 2 2 2 2 2 2 2 2 2 2 2 2
left_child=7 2 3 -2 6 -6 -3 8 10 12 -1 -10 -9 -4 -11
right_child=1 4 13 -5 5 -7 -8 9 11 14 -12 -13 -14 -15 -16
leaf_value=0.00020670145747027517 -0.0074349421565550093 -0.0027775340992018511 -0.026668100789486095 0.0019366910165685798 -0.0096248997248994418 0.00048747312298847735 -0.013673296420876715 -0.017289436466307848 0.011975950454871674 -0.036006521108918658 0.0088731553313515822 2.4569811301562222e-05 0.0010500922515945619 -0.0050221535803213584 -0.0021259230725284056
leaf_weight=75715.454977620684 1833.2054053721367 2989.7042527426383 267.47790326713584 18248.062013045797 2037.7474420936778 8361.3061198927462 2209.9218320841901 396.12319450086216 2088.6126855895855 180.1028472231701 1641.381364130415 1176.5822587425355 1013.4467647295678 388.49159965920262 55.477203016169369
leaf_count=246137 10611 18693 1436 71185 8839 29506 10195 2557 6875 1114 7713 4096 4680 1624 186
internal_value=-2.76956e-07 -0.00116814 0.000577242 0.00107476 -0.00348873 -0.00150223 -0.00744017 0.0005153 0.00069029 -0.00797092 0.000392661 0.00769833 -0.00421048 -0.0142921 -0.0287525
internal_weight=118603 36335.9 20737.2 20081.3 15598.7 10399.1 5199.63 82267.2 80622 1645.15 77356.8 3265.19 1409.57 655.97 235.58
internal_count=425447 152089 84856 81796 67233 38345 28888 273358 264821 8537 253850 10971 7237 3060 1300
is_linear=0
shrinkage=0.03


Tree=344
num_leaves=16
num_cat=0
split_feature=5 0 14 3 0 14 0 1 14 1 23 26 4 22 17
split_gain=78.7772 125.623 150.582 107.085 92.2955 81.5772 139.769 121.144 104.658 83.3098 76.4955 71.9803 35.0225 27.067 15.6085
threshold=0.23222109875294913 152100878.50000003 16747758.208333334 4.1056618819776727 649345419.00000012 185965.20454545456 1683768.0000000002 198.50000000000003 384715.32142857148 30.500000000000004 0.26514591237728341 1.3490592572790889 6.992063492063493 1319.0000000000002 0.040998259559273727
decision_type=2 2 2 2 2 2 2 2 2 2 2 2 2 2 2
left_child=1 12 3 -3 -4 9 7 -7 -8 11 -11 -2 13 -1 -14
right_child=5 2 4 -5 -6 6 8 -9 -10 10 -12 -13 14 -15 -16
leaf_value=-0.027859539303570192 0.0026385144499809225 0.044586192696596735 -0.024477829602133256 -0.01262272080743812 0.0041540613555281188 -0.016429983784659045 0.0078075164880715905 0.022886714524192973 -7.4157360835823936e-05 -0.00048298879055758267 0.015283153364332698 -0.017930898403454271 0.025319113130150537 0.002757090531993044 -0.010284514045281546
leaf_weight=288.14382575501804 1153.95352694951 82.561933963093907 167.61838433344383 33.257140771485865 216.30930290499236 701.42251471430063 1521.884115094319 64.53146681189537 112864.31227441039 387.92536633275449 915.30120936967432 161.18276170454919 8.921224857913332 23.697297785198316 7.7339142679702482
leaf_count=11578 2140 177 5536 142 2909 2076 2775 96 394662 714 1363 447 132 335 365
internal_value=-6.66156e-07 -0.00913776 0.000391552 0.0283657 -0.00872145 6.44929e-05 -5.46352e-05 -0.0127032 3.14544e-05 0.00528545 0.0106153 -3.36916e-05 -0.0231062 -0.0254214 0.0107994
internal_weight=118599 828.243 499.747 115.819 383.928 117771 115152 765.954 114386 2618.36 1303.23 1315.14 328.496 311.841 16.6551
internal_count=425447 21174 8764 319 8445 404273 399609 2172 397437 4664 2077 2587 12410 11913 497
is_linear=0
shrinkage=0.03


Tree=345
num_leaves=16
num_cat=0
split_feature=17 15 15 19 17 18 15 27 19 1 0 7 17 5 0
split_gain=78.1825 225.092 221.296 232.32 363.6 206.412 365.692 175.559 174.699 151.331 136.617 125.856 122.367 46.2185 14.111
threshold=0.19823817908763888 2.0714285714285716 0.43650793650793657 131272392.50000001 0.069544728845357909 31.500000000000004 0.11437908496732027 51929961.532331549 195696587.50000003 1156.5000000000002 12000974.500000002 4.3983221943748267 0.073729019612073912 3.4885042283298104 2087568.5000000002
decision_type=2 2 2 2 2 2 2 2 2 2 2 2 2 2 2
left_child=2 5 3 7 -5 9 -7 -1 11 -2 14 -3 -12 -10 -4
right_child=1 8 10 4 -6 6 -8 -9 13 -11 12 -13 -14 -15 -16
leaf_value=-0.00052443149626225309 0.0080165729754430471 0.00091150560257767489 0.016361490838646991 0.00066545322350463395 -0.0051626271070093167 0.0055132735859919936 -0.0019306087618590618 0.0055379217293871586 0.0025299827150795967 -0.0046915438736317644 -0.0010195530222218425 -0.057879230354444568 0.0035232907142624227 -0.030267780841673544 0.0087169064095314538
leaf_weight=16832.39359320479 959.92268434655853 41.545999564230442 294.87117264419794 16255.327571735659 23596.854655934032 16141.637481579382 9375.3043889310211 5754.8653769982629 198.97836694121361 6218.6301440033712 10103.676007013768 118.08914582431316 11264.510225584731 32.158982362598181 1398.2774041015655
leaf_count=58405 2724 61 456 67806 119022 70756 14651 32161 302 26393 14952 440 15319 97 1902
internal_value=-5.97924e-07 0.0012371 -0.000480034 -0.00140782 -0.0027853 0.00151288 0.00277758 0.00102148 -0.0209664 -0.00297486 0.00202995 -0.0436427 0.00137465 -0.00347788 0.0101978
internal_weight=118587 33086.3 85500.8 62439.4 39852.2 32695.5 25516.9 22587.3 390.772 7178.55 23061.3 159.635 21368.2 231.137 1693.15
internal_count=425447 115424 310023 277394 186828 114524 85407 90566 900 29117 32629 501 30271 399 2358
is_linear=0
shrinkage=0.03


Tree=346
num_leaves=16
num_cat=0
split_feature=15 19 29 18 6 15 1 11 6 10 11 29 26 13 15
split_gain=78.0353 104.26 123.103 190.905 124.758 97.9191 180.849 114.547 90.2428 191.98 79.5072 45.5511 18.8159 17.882 12.4593
threshold=-0.36931818181818177 718908583.00000012 2413111.4542031982 107.50000000000001 0.90443574690150041 -0.29772727272727267 1646.5000000000002 121.50000000000001 3.2010638297872345 1.2270400481782597 131.50000000000003 103530.48350613736 0.20562768036834503 17198.953996672859 -0.59545454545454535
decision_type=2 2 2 2 2 2 2 2 2 2 2 2 2 2 2
left_child=1 2 4 -4 -1 6 11 -8 10 -10 -7 -2 13 -3 -14
right_child=5 12 3 -5 -6 8 7 -9 9 -11 -12 -13 14 -15 -16
leaf_value=-0.011100663679166045 0.025908218566106589 -0.035246495074135319 -0.011347959410847829 0.011541872688382084 0.00069023827148642386 -0.0003307334033962668 0.0034482171763328025 -0.024870305819068295 0.0015010725144835458 0.019497518798191914 0.003366099274009294 0.0069824278472918073 0.015128131343683845 0.0025397606463407802 -0.015265965907170274
leaf_weight=1899.6791862215032 400.98243593424559 108.69382750522345 467.17036449821899 1010.3717631541658 1386.0669807371451 101662.92550417595 2003.9217192903161 122.21345308423042 3157.6121449526399 628.93827124685049 5504.4726271671243 184.1017553396523 9.3883840261260048 8.6705407318659109 9.1658279944676906
leaf_count=24162 252 1193 5411 6922 8406 348974 3104 331 6227 987 19086 220 24 42 106
internal_value=-7.47651e-07 -0.00370227 -0.00290775 0.00424314 -0.00613714 0.000158999 0.00577603 0.00164359 2.07114e-05 0.00456327 -0.000140127 0.0203264 -0.0282909 -0.0322568 0
internal_weight=118564 4899.21 4763.29 1477.54 3285.75 113665 2711.22 2126.14 110954 3786.55 107167 585.084 135.919 117.364 18.5542
internal_count=425447 46266 44901 12333 32568 379181 3907 3435 375274 7214 368060 472 1365 1235 130
is_linear=0
shrinkage=0.03


Tree=347
num_leaves=16
num_cat=0
split_feature=4 5 14 13 0 0 17 14 5 14 5 7 30 29 3
split_gain=77.7992 98.439 97.958 212.762 202.032 130.795 121.707 117.574 110.884 88.5597 82.043 67.9594 40.7709 35.0741 13.6958
threshold=5.616843971631206 0.5100040016006403 1376570.0538461541 10.002005259568614 6642906.5000000009 58700209.500000007 0.15228537470102313 5046954.8253968256 0.40450861195542048 471770866.97619051 5.8972554539057009 4.7187296456618455 17.500000000000004 17404.794414414417 2.7716791979949877
decision_type=2 2 2 2 2 2 2 2 2 2 2 2 2 2 2
left_child=2 11 4 6 8 -6 -4 -5 -1 10 -3 13 -13 -2 -11
right_child=1 9 3 7 5 -7 -8 -9 -10 14 -12 12 -14 -15 -16
leaf_value=-0.023506776863442193 -0.022058212383699885 0.004155270073828354 -0.010493722937212036 0.0022896507583280178 0.0087228313850813265 -0.023100477731372925 0.0017984376943341034 -0.0007188710942382196 0.00014810337544369527 0 -0.0053916715239110411 -0.034850309151033598 -0.00044856373113762095 0.014500611855577564 -0.033679767728129834
leaf_weight=167.19049199053552 17.616938864230178 8784.5849032681435 2902.6234636082081 13720.765707811341 3905.3698741815751 105.25213051959872 954.12123220996 78439.426649808825 8367.2738644815981 12.040303492918609 876.80578047502786 116.10219443246024 43.460982644930482 71.030053538968787 52.79047947190702
leaf_count=1759 287 27611 10519 41739 7523 265 2897 307514 19369 67 3027 1728 191 438 513
internal_value=-7.25356e-07 0.00253255 -0.000234071 -0.000560151 0.00225696 0.00779727 -0.00744983 -0.000270339 -0.000352217 0.00302076 0.00327874 -0.0155661 -0.0264957 0.00480493 -0.0284401
internal_weight=118536 9974.43 108562 96016.9 12545.1 4010.62 3856.74 92160.2 8534.46 9726.22 9661.39 248.21 159.563 88.647 64.8308
internal_count=425447 33862 391585 362669 28916 7788 13416 349253 21128 31218 30638 2644 1919 725 580
is_linear=0
shrinkage=0.03


Tree=348
num_leaves=9
num_cat=0
split_feature=15 17 17 28 28 13 1 27
split_gain=77.2271 76.8657 160.611 195.52 151.953 226.566 173.651 136.228
threshold=-0.74166666666666659 0.039001181721687324 0.069544728845357909 156318.866527943 27131.979714325924 1179.095619583577 256.50000000000006 10302128.82438479
decision_type=2 2 2 2 2 2 2 2
left_child=-1 4 3 -3 6 -6 -2 -4
right_child=1 2 7 -5 5 -7 -8 -9
leaf_value=-0.02677914202739036 -0.0032680830475730546 0.0056839213442877994 -0.0020226536514030922 -0.0012609278717150682 -0.0065181859270342004 0.0045437880974987634 0.0048114612212848103 0.00063039807696759875
leaf_weight=81.852378456271254 4493.3870134840836 9955.7876674399595 24844.386217127496 5736.7710134699882 8072.4682874038699 2084.0229549050564 5086.9633030434488 58166.835740305949
leaf_count=2136 12976 26498 74132 19158 37554 8991 14108 229894
internal_value=-1.19136e-06 2.04499e-05 0.000362508 0.00314438 -0.00168764 -0.00424206 0.00101967 -0.000163493
internal_weight=118522 118441 98703.8 15692.6 19736.8 10156.5 9580.35 83011.2
internal_count=425447 423311 349682 45656 73629 46545 27084 304026
is_linear=0
shrinkage=0.03


Tree=349
num_leaves=16
num_cat=0
split_feature=5 14 0 5 17 17 17 24 22 27 27 0 28 6 8
split_gain=76.7429 137.837 145.809 151.522 111.194 106.255 172.31 210.43 155.32 210.757 141.865 124.741 94.7006 103.884 92.3342
threshold=4.5933134661948225 1467213.6111111112 23490407.500000004 5.1031037414965992 0.1261938959360123 1.0000000180025095e-35 0.068889804184436812 0.19999457393784836 1857.0000000000002 999783098.26478064 12804572.909434585 3593254150.0000005 21420.766652465987 0.27334993773349942 94.346629514849894
decision_type=2 2 2 2 2 2 2 2 2 2 2 2 2 2 2
left_child=5 12 4 -4 -3 8 7 -7 9 -1 -8 -10 13 -2 -14
right_child=1 2 3 -5 -6 6 10 -9 11 -11 -12 -13 14 -15 -16
leaf_value=-0.0050277755849207966 -0.006946188540181873 -0.016054048321699353 0.0069474298864827411 -0.00078416699935611109 0.0030737238785927333 -0.0047725586328168784 -0.0022394762704267398 0.0049607386111835379 0.0021306934704585869 0.038218629731420803 0.00051952259372139466 -0.018664618268139904 0.029903885571041428 0.011029095538359538 -0.0072845197292122381
leaf_weight=10691.745369875687 382.8271069675684 731.97014158405364 3640.8101784000173 6045.4284403529018 421.22224527597427 2412.3746545428294 25314.097947640868 11302.49316769006 6187.2651139604859 87.413445682264864 49615.344562670856 255.82145219435915 303.37859410978854 1054.7590659968555 66.216751579195261
leaf_count=47984 979 2930 11305 21741 1254 7869 78015 32033 16442 277 201183 1041 399 1810 185
internal_value=-1.25626e-06 0.00220582 0.000918061 0.0021251 -0.00909188 -0.000265468 0.000153267 0.00324317 -0.00242073 -0.00462167 -0.000412437 0.00125894 0.00984217 0.00619935 0.0231389
internal_weight=118513 12646.6 10839.4 9686.24 1153.19 105867 88644.3 13714.9 17222.2 10779.2 74929.4 6443.09 1807.18 1437.59 369.595
internal_count=425447 40603 37230 33046 4184 384844 319100 39902 65744 48261 279198 17483 3373 2789 584
is_linear=0
shrinkage=0.03


Tree=350
num_leaves=16
num_cat=0
split_feature=14 0 14 15 0 15 1 24 15 14 17 1 15 17 15
split_gain=79.2372 338.322 308.304 255.693 207.215 311.933 297.427 201.343 261.879 190.686 184.633 154.011 143.651 131.059 103.159
threshold=14470667.66134752 78935608.000000015 7745007.2782805441 0.44671201814058964 306033072.00000006 0.90454545454545465 22597.500000000004 0.34670667724296278 0.24404761904761907 60890640.514285721 0.086981520056724562 3395.5000000000005 0.30384615384615393 0.2808207124471665 1.4500000000000002
decision_type=2 2 2 2 2 2 2 2 2 2 2 2 2 2 2
left_child=1 2 11 -4 5 6 -2 13 -9 12 -11 -1 -6 -3 -7
right_child=4 7 3 -5 9 14 -8 8 -10 10 -12 -13 -14 -15 -16
leaf_value=-5.2417537519619631e-05 -0.0073314782578659645 7.3725726962073522e-05 -0.010550641076965248 0.0034670394475376318 0.0043287624221561476 0.0036513110704357293 0.0070166346551184767 0.010131742746236757 0.0001892888509449349 0.0024806620520597378 -0.0038060854070867223 0.0078182778154129873 -0.00083110256525637362 -0.032516561846919832 -0.0086526947577561936
leaf_weight=35281.175865256693 12207.694190910988 4307.3237054684432 4429.2857199063874 1577.9396569728851 13303.478176796518 5535.6539489254355 1441.017596469319 7200.9709206450498 3570.9584757685661 6292.4666707381257 12580.938606276934 2373.5255429351237 7622.1005914062262 98.945452597690746 673.96051698923111
leaf_count=106485 77924 10480 26656 2011 42397 7134 9260 18852 5076 34809 65538 6108 11162 407 1148
internal_value=-1.08049e-06 0.000779702 -0.000561241 -0.00686412 -0.000771673 -0.00327365 -0.00580838 0.0046358 0.00684339 0.000476737 -0.00170817 0.000445823 0.00244861 -0.000759159 0.00229344
internal_weight=118497 58840.1 43661.9 6007.23 59657.3 19858.3 13648.7 15178.2 10771.9 39799 18873.4 37654.7 20925.6 4406.27 6209.61
internal_count=425447 176075 141260 28667 249372 95466 87184 34815 23928 153906 100347 112593 53559 10887 8282
is_linear=0
shrinkage=0.03


Tree=351
num_leaves=16
num_cat=0
split_feature=15 16 20 10 28 10 7 15 0 6 10 4 9 9 24
split_gain=77.121 103.377 174.362 143.573 138.253 168.319 105.373 89.8885 209.117 83.7388 182.478 75.9864 73.8097 71.462 63.5045
threshold=-0.36931818181818177 7.5000000000000009 5848.5000000000009 1.37937595129376 205393.70010366803 1.4815627743634772 7.3600337570104353 -0.29772727272727267 460012029.50000006 3.2010638297872345 1.2270400481782597 1.4080290010741141 1542.0000000000002 3175.0000000000005 7.3371862869441573
decision_type=2 2 2 2 2 2 2 2 2 2 2 2 2 2 2
left_child=1 2 6 -4 13 -6 -1 8 12 11 -11 -9 -2 -3 -10
right_child=7 4 3 -5 5 -7 -8 9 14 10 -12 -13 -14 -15 -16
leaf_value=-0.012689659172568975 0.015832850158328114 -0.027504403425080148 0.0031055992586387872 0.032509798436905477 -0.015372798080299906 0.046029596525590619 -0.0011762529406575302 -0.0021664899799124109 0.0003833856455610028 0.0014195723303103117 0.018987165971156062 0.0001835606326222087 -0.0071886920034719658 0.002857385547562338 -0.01559859259228528
leaf_weight=1238.9867108713952 1257.0326283313334 399.73631080449559 1185.384846156463 157.38558907434344 83.849180096760392 53.397145657567307 1688.8651634487032 14272.762188546592 1042.4133450463414 3155.174020100385 627.07471341267228 92790.631024809089 128.56824813038111 78.582234312780201 268.53878068178892
leaf_count=15594 1241 4233 6753 1033 720 433 17090 64279 1813 6227 987 303781 222 410 631
internal_value=-1.20406e-06 -0.00368598 -0.00199614 0.00689523 -0.0150357 0.0105008 -0.00609845 0.000157569 0.00555417 2.52807e-05 0.00440358 -0.000129707 0.0136212 -0.0225203 -0.0030072
internal_weight=118428 4886.19 4270.62 1342.77 615.565 137.246 2927.85 113542 2696.55 110846 3782.25 107063 1385.6 478.319 1310.95
internal_count=425447 46266 40470 7786 5796 1153 32684 379181 3907 375274 7214 368060 1463 4643 2444
is_linear=0
shrinkage=0.03


Tree=352
num_leaves=16
num_cat=0
split_feature=17 18 17 1 29 7 29 16 5 10 19 29 9 1 29
split_gain=77.171 134.546 122.09 116.395 113.541 111.658 91.843 177.713 114.479 85.3593 81.0228 74.4909 62.258 37.4629 13.5088
threshold=0.31788682937622076 425.50000000000006 0.30725073814392095 3081.5000000000005 66100281.638047144 15.334705149922543 23585008.240229946 6.5000000000000009 0.23222109875294913 2.1054964539007099 211071433.00000003 305675.0035939471 42.500000000000007 8846.5000000000018 122285.97799318923
decision_type=2 2 2 2 2 2 2 2 2 2 2 2 2 2 2
left_child=2 4 6 14 5 -2 8 -8 -1 11 -6 -4 -11 -5 -3
right_child=1 3 9 13 10 -7 7 -9 -10 12 -12 -13 -14 -15 -16
leaf_value=-0.011887053332738824 -0.00089512069250655547 -0.027833583981074106 -0.022637837918879838 0.08755694398027318 -0.0020837164146727109 0.036047949308072272 0.00095682410398094397 -0.011145004999429907 0.0002310950252162539 0.015127150597570024 0.049708264382892824 0.0035029407666028753 -0.037416178172803544 0.019455196011530836 0.0080916177171856396
leaf_weight=690.98967459218693 1020.7580223469995 8.6628193110227567 137.66081566433422 21.223005797713995 37.59089663811028 64.21694187191315 2530.6352615990909 1897.9305290203774 111474.86146345572 14.195020468439905 65.779460238642059 261.44247131724842 143.72982794197742 24.801883322186768 5.2009325027465811
leaf_count=19388 4157 51 678 21 139 184 9530 7418 381903 29 138 825 952 33 1
internal_value=-1.02341e-06 0.00737399 -8.07932e-05 0.0464792 0.00482347 0.00172593 -1.27029e-05 -0.00424297 0.000154595 -0.0139066 0.0327432 -0.00593463 -0.0316174 0.0651526 -0.0161158
internal_weight=118400 1248.23 117151 59.8886 1188.35 1084.97 116594 4428.57 112166 557.028 103.37 399.103 157.925 46.0249 13.8638
internal_count=425447 4724 420723 106 4618 4341 418239 16948 401291 2484 277 1503 981 54 52
is_linear=0
shrinkage=0.03


Tree=353
num_leaves=16
num_cat=0
split_feature=17 15 15 17 1 1 18 15 1 19 0 17 8 5 0
split_gain=77.2401 212.072 207.565 224.848 311.493 218.564 193.106 319.888 190.322 161.316 131.835 117.709 113.483 43.9053 13.9889
threshold=0.19823817908763888 2.0714285714285716 0.43650793650793657 0.13086104393005374 1921.5000000000002 917.50000000000011 12.500000000000002 0.11437908496732027 1156.5000000000002 195696587.50000003 12000974.500000002 0.073729019612073912 95.588431853110222 3.4885042283298104 2087568.5000000002
decision_type=2 2 2 2 2 2 2 2 2 2 2 2 2 2 2
left_child=2 6 3 5 -5 -1 8 -8 -2 12 14 -12 -3 -11 -4
right_child=1 9 10 4 -6 -7 7 -9 -10 13 11 -13 -14 -15 -16
leaf_value=-0.0030102460707354117 0.0094660176470665689 -0.055142310314008305 0.016179553235762815 -0.0015992534532383515 -0.013510751000329934 0.00089854129741088833 0.0051024480719794917 -0.0016810269218666576 -0.0056310209660566024 0.0024937873614064294 -0.0010350123450048618 0.0034236241535845736 0.00053291506862764742 -0.029347731799761845 0.0085389622011395692
leaf_weight=21355.629260286456 867.1798452148214 120.48716669902205 291.26388448104262 5517.9094370020321 3073.2797610255657 32356.52944382705 16827.732913067855 9936.2717108149081 5053.4816915906267 198.93402146920562 10097.21726735495 11239.303495859727 41.758917346596718 32.606739774346352 1388.0792895369232
leaf_count=78889 2322 439 456 21247 20830 156428 74726 15459 22017 302 14952 15319 62 97 1902
internal_value=-5.9592e-07 0.00122944 -0.000477967 -0.00137756 -0.0058799 -0.000655417 0.00149821 0.0025834 -0.00339642 -0.0202415 0.00195521 0.00131299 -0.041811 -0.00338136 0.0100134
internal_weight=118398 33078.5 85319.2 62303.3 8591.19 53712.2 32684.7 26764 5920.66 393.787 23015.9 21336.5 162.246 231.541 1679.34
internal_count=425447 115424 310023 277394 42077 235317 114524 90185 24339 900 32629 30271 501 399 2358
is_linear=0
shrinkage=0.03


Tree=354
num_leaves=16
num_cat=0
split_feature=14 0 17 30 14 12 30 23 30 15 19 12 23 21 23
split_gain=76.8211 134.634 105.006 97.9943 191.537 159.017 64.7416 75.7125 116.382 64.7379 58.4182 49.2262 49.0633 139.894 55.1658
threshold=185965.20454545456 1683768.0000000002 0.23301196098327639 3.5000000000000004 320469932.72727281 58.500000000000007 28.500000000000004 0.26514591237728341 55.500000000000007 0.90454545454545465 193583652.00000003 42.500000000000007 0.70447217817559804 507.50000000000006 1.1068577144385716
decision_type=2 2 2 2 2 2 2 2 2 2 2 2 2 2 2
left_child=6 2 9 4 -3 -5 12 8 -8 -2 -9 -4 13 -1 -14
right_child=1 3 11 5 -6 -7 7 10 -10 -11 -12 -13 14 -15 -16
leaf_value=-0.02581530002904656 -0.020683167890222575 0.0013215913122465034 0.030915643998252102 -0.00031391092651708482 -0.015234457798163684 -0.0056777005243723441 -0.024201497818753439 0.025071024985612055 0.010903099453007957 0.0097488366925509041 0.002213276976313659 -0.0031863898018895834 0.014447498620950685 0.0027454670014896952 -0.001129606107765981
leaf_weight=179.13507144292817 573.56432140502147 43328.682998876204 47.484253632836044 65657.630326677347 622.98180255817715 5369.1513316740165 100.88538951426744 367.83355382457376 303.2354501131922 60.217755265533924 144.77840595133603 87.949331175535917 408.17203444079496 736.92133890697733 385.877145096194
leaf_count=626 1992 145146 30 245316 5223 22493 300 407 427 90 262 227 644 1343 921
internal_value=-8.23818e-07 -0.000116514 -0.0125047 -3.17551e-05 0.00108112 -0.000720913 0.00505727 0.0114269 0.00151544 -0.0175869 0.0189186 0.0104611 0.00155565 -0.0031333 0.00695995
internal_weight=118375 115748 769.216 114978 43951.7 71026.8 2626.84 916.733 404.121 633.782 512.612 135.434 1710.11 916.056 794.049
internal_count=425447 420517 2339 418178 150369 267809 4930 1396 727 2082 669 257 3534 1969 1565
is_linear=0
shrinkage=0.03


Tree=355
num_leaves=9
num_cat=0
split_feature=15 17 18 1 17 29 14 25
split_gain=74.8817 74.6037 126.225 122.823 116.687 107.497 88.2025 82.0175
threshold=-0.74166666666666659 0.31788682937622076 425.50000000000006 2593.5000000000005 0.30725073814392095 66100281.638047144 31603146.750000004 2.1054964539007099
decision_type=2 2 2 2 2 2 2 2
left_child=-1 4 5 -4 6 -3 -2 -6
right_child=1 2 3 -5 7 -7 -8 -9
leaf_value=-0.026635081691647834 0.00056503572693989302 0.0017575328672054886 -0.027497559228240848 0.060272812785465806 -0.0057987109411871832 0.031876530283877803 -0.0012157319792971625 -0.031057824965665115
leaf_weight=79.928166065132245 80087.174611046794 1085.1883235139539 8.2943229451775533 52.668645408004522 398.65496349637397 103.93728110322263 36396.495924321876 156.37539738602936
leaf_count=2136 246528 4308 48 57 1491 275 169625 979
internal_value=-7.82997e-07 2.03352e-05 0.00726666 0.0448645 -5.77277e-05 0.00477934 8.27452e-06 -0.0135979
internal_weight=118369 118289 1250.09 60.963 117039 1189.13 116484 555.03
internal_count=425447 423311 4688 105 418623 4583 416153 2470
is_linear=0
shrinkage=0.03


Tree=356
num_leaves=9
num_cat=0
split_feature=5 17 15 17 31 1 7 10
split_gain=73.918 74.3792 200.472 196.237 220.822 181.306 156.231 148.909
threshold=1.0000000180025095e-35 0.19823817908763888 2.0714285714285716 0.13006633520126346 0.0095307443093506309 605.50000000000011 2.8952948138319661 1.2121657361151927
decision_type=2 2 2 2 2 2 2 2
left_child=-1 3 5 6 -5 -3 -2 -4
right_child=1 2 7 4 -6 -7 -8 -9
leaf_value=-0.025522748999749826 0.0085080222740519153 0.0090054392639645885 0.0027791322494775954 0.0010378965699649018 -0.0073527225015815878 0.00082475642029412324 -9.8959938983639512e-05 -0.033893746137180721
leaf_weight=87.046422938699834 1934.705581010785 2640.691776341293 158.62970912083983 4652.6291408911347 7127.9293318791315 30037.502761044772 71483.333399682771 237.78224130347371
leaf_count=14563 6537 6359 228 15632 30621 103258 247577 672
internal_value=-7.67306e-07 2.09968e-05 0.00122838 -0.000447497 -0.00403927 0.00149058 0.000129134 -0.0195794
internal_weight=118360 118273 33074.6 85198.6 11780.6 32678.2 73418 396.412
internal_count=425447 410884 110517 300367 46253 109617 254114 900
is_linear=0
shrinkage=0.03


Tree=357
num_leaves=16
num_cat=0
split_feature=4 19 30 23 1 16 13 1 3 14 6 18 17 1 0
split_gain=73.1511 101.835 192.334 186.952 161.243 100.344 98.4633 266.685 182.759 176.804 165.702 138.499 137.536 97.4131 73.7831
threshold=4.5519814719505929 176585468.00000003 1.0000000180025095e-35 0.49030464067731788 115.50000000000001 7.5000000000000009 796.53145505408008 79654.000000000015 2.0685736677115991 46502802.000000007 1.8520622895622898 18.500000000000004 1.0000000180025095e-35 5292.5000000000009 844830407.50000012
decision_type=2 2 2 2 2 2 2 2 2 2 2 2 2 2 2
left_child=6 5 3 -3 -4 13 9 8 -8 12 -11 -9 -1 -2 -7
right_child=1 2 4 -5 -6 14 7 11 -10 10 -12 -13 -14 -15 -16
leaf_value=-0.0030879508891289193 0.0025713239604252887 0.015193963731742807 -0.01805090018798183 -0.0026570013113807927 0.0023361247115130856 -0.0067707925230243897 -0.02024460566509368 -0.011319377995369195 0.0045123180655461557 -0.006754407186929645 0.0032158079088367231 -0.00099067465946450404 0.0003472359778105581 -0.0028124289440925785 -0.034968004826354829
leaf_weight=12927.89187400497 8005.0611768712406 2057.4658782510087 361.89731921185739 699.54044141632039 4710.5733847382944 441.75895895180292 259.05477988254279 1511.067811270128 12913.604427937011 7351.1770436134539 1869.7541705379263 5035.3398776995018 55284.37586740515 4838.8000332622323 92.975568640278652
leaf_count=46597 25311 4335 1286 2320 16782 1517 3670 7231 51017 45170 5468 19804 174900 19499 540
internal_value=-8.97521e-07 0.00159447 0.00430833 0.0106639 0.000826775 9.62954e-07 -0.000349663 0.00154162 0.0040007 -0.000831888 -0.00472753 -0.00339979 -0.000303912 0.0005398 -0.0125484
internal_weight=118360 21208.1 7829.48 2757.01 5072.47 13378.6 97152.3 19719.1 13172.7 77433.2 9220.93 6546.41 68212.3 12843.9 534.735
internal_count=425447 71590 24723 6655 18068 46867 353857 81722 54687 272135 50638 27035 221497 44810 2057
is_linear=0
shrinkage=0.03


Tree=358
num_leaves=16
num_cat=0
split_feature=15 16 20 10 9 6 19 31 15 0 7 23 6 6 23
split_gain=73.4387 98.7102 165.246 133.787 121.27 152.958 106.993 86.4565 85.7845 201.589 84.4643 92.2199 81.4479 79.6536 77.5369
threshold=-0.36931818181818177 7.5000000000000009 5848.5000000000009 1.37937595129376 366.50000000000006 0.56030303030303041 131272392.50000001 0.14837129237288138 -0.29772727272727267 228689772.00000003 13.220732254855685 1.0634966210089827 0.20135135135135138 1.0503164556962028 0.099591444430017662
decision_type=2 2 2 2 2 2 2 2 2 2 2 2 2 2 2
left_child=1 2 6 -4 5 -3 -1 8 9 -2 13 -12 -10 -9 -6
right_child=7 4 3 -5 14 -7 -8 10 12 -11 11 -13 -14 -15 -16
leaf_value=0.0040510936248920239 0.01642053138205489 -0.021074314191100056 0.003006959515985235 0.031247517990856177 -0.02850457703475974 0.060977199423215493 -0.0092198841534397395 -0.012031642557271892 0.00218776936876855 -0.00065131596997082834 -0.0028396868462488853 0.035975345722432647 -0.0001985668946109291 0.0059377294524428628 -0.0054126210265864599
leaf_weight=712.18789163150359 962.5213278979063 28.062799243431073 1185.6192046711221 159.43254468590021 317.1104272659868 26.994962162338197 2204.7754524273914 1271.3763133068569 14893.677444886533 1702.4619030021131 156.9120090927463 67.357648298260756 94160.606244491297 256.32291524112225 236.02208908367902
leaf_count=7049 912 725 6753 1033 3028 73 25635 7111 63457 2943 918 263 302818 759 1970
internal_value=-1.21343e-06 -0.00360302 -0.00195682 0.00668416 -0.0147662 0.0231697 -0.00596534 0.000153568 0.000257928 0.00556078 -0.00642994 0.0102172 0.000127319 -0.00896881 -0.0191071
internal_weight=118341 4870.21 4262.02 1345.05 608.19 55.0578 2916.96 113471 111719 2664.98 1751.97 224.27 109054 1527.7 553.133
internal_count=425447 46266 40470 7786 5796 798 32684 379181 370130 3855 9051 1181 366275 7870 4998
is_linear=0
shrinkage=0.03


Tree=359
num_leaves=14
num_cat=0
split_feature=14 17 7 6 28 17 24 27 24 19 23 4 6
split_gain=73.5137 82.8835 167.075 161.871 145.98 132.529 190.742 143.339 42.1921 48.9062 137.76 7.48311 4.32723
threshold=64525.439516129038 1.0000000180025095e-35 6.8311326130025467 0.1181455633100698 6548.2717872006806 0.069544728845357909 0.19999457393784836 10302128.82438479 22.509259259259263 383524153.00000006 0.30997910954166147 2.7602816901408453 3.3055830039525698
decision_type=2 2 2 2 2 2 2 2 2 2 2 2 2
left_child=8 2 3 -2 -4 6 -3 -7 9 10 -1 -11 -10
right_child=1 5 4 -5 -6 7 -8 -9 12 11 -12 -13 -14
leaf_value=-0.016398700180317218 0.0063465828669363672 -0.0041691531954522049 0.0058279213106786935 -0.0072521482508677605 -0.0017166146069705305 -0.0021370845198951118 0.0043105795435682357 0.00060317124854158478 -0.02967082766840258 0.029607829253833033 0.012644714434843829 0.006530117531274489 0
leaf_weight=174.41432444751263 888.35057548846817 2900.7335929935216 3135.251855526818 6185.7514874016633 8616.0907474401756 24368.362375850847 13138.881123538624 58121.680405497144 13.534686752595009 97.399296655319631 646.06344480789267 29.812272530980408 5.418840840458869
leaf_count=451 4577 9364 6982 24815 35330 73425 37940 231321 61 74 1055 42 10
internal_value=-8.97803e-07 -6.95291e-05 -0.00189286 -0.0055304 0.000298577 0.000278775 0.00277271 -0.000206205 0.00817445 0.0092484 0.00625129 0.0256697 -0.0250031
internal_weight=118322 117355 18825.4 7074.1 11751.3 98529.7 16039.6 82490 966.643 947.689 820.478 127.212 18.9535
internal_count=425447 423754 71704 29392 42312 352050 47304 304746 1693 1622 1506 116 71
is_linear=0
shrinkage=0.03


Tree=360
num_leaves=16
num_cat=0
split_feature=14 0 14 0 15 1 26 26 28 2 18 15 29 28 5
split_gain=72.448 239.833 248.002 232.982 207.409 191.506 295.228 243.513 179.627 151.345 152.189 125.991 127.233 93.2737 57.4619
threshold=8754962.7647058833 36826609.500000007 2400035.2500000005 12000974.500000002 0.32051282051282054 917.50000000000011 0.28814231854753342 0.17958384279282799 534355.72212339204 1.6885775862068968 2391.0000000000005 0.33908045977011497 39086.258867585384 312217.04929984116 4.7958754208754222
decision_type=2 2 2 2 2 2 2 2 2 2 2 2 2 2 2
left_child=1 2 3 -1 -4 6 7 -2 -8 13 -11 12 -3 -7 -13
right_child=5 11 4 -5 -6 9 8 -9 -10 10 -12 14 -14 -15 -16
leaf_value=-0.00053313117745841933 -0.0047792107597538665 0.0010699666714947382 -0.0065759856048774427 0.0070613661784767945 0.0035358098619723203 0.0089225445100171354 -0.014470742481025634 0.013945781595250218 0.0041113081947593685 0.00018130286240371614 -0.010581792066250329 0.00012902227050862333 0.0075933322944166754 -0.027426731171893298 -0.014414281862065042
leaf_weight=14460.073218952515 1788.4544633381302 4070.2668126272038 8233.2077256244374 4838.1826759419055 2329.9270886797458 72.388904231600463 2881.4591850266443 941.22169107774971 548.7633449039422 64906.962041947263 1189.2865503369831 3508.3264396395534 8024.5472752549103 269.67807312970399 247.51935126259923
leaf_count=38623 7107 10472 41843 10330 3067 583 15917 3274 3391 254287 4972 5112 22573 3413 483
internal_value=-8.3033e-07 0.000934299 -0.000648201 0.0013733 -0.00434092 -0.000590126 -0.00564381 0.00170737 -0.0114843 -0.000119949 -1.42634e-05 0.00391529 0.00540455 -0.0195987 -0.000874987
internal_weight=118310 45712.1 29861.4 19298.3 10563.1 72598.2 6159.9 2729.68 3430.22 66438.3 66096.2 15850.7 12094.8 342.067 3755.85
internal_count=425447 132503 93863 48953 44910 292944 29689 10381 19308 263255 259259 38640 33045 3996 5595
is_linear=0
shrinkage=0.03


Tree=361
num_leaves=16
num_cat=0
split_feature=4 19 13 22 10 27 13 4 19 9 18 4 7 10 11
split_gain=72.7054 141.893 149.541 136.475 136.022 96.5195 103.711 82.1871 234.159 111.083 106.685 93.9364 152.496 91.6462 68.1131
threshold=0.456832298136646 121641233.50000001 775.97082622467167 33.500000000000007 4.0833333333333348 5168304.6438360689 6.45850885720664 0.5887605042016808 119918520.50000001 61.500000000000007 887.50000000000011 0.94771018455228984 5.7530321848525334 3.077651515151516 102.50000000000001
decision_type=2 2 2 2 2 2 2 2 2 2 2 2 2 2 2
left_child=1 2 4 -4 -1 6 -3 8 9 -2 -10 12 -9 -13 -7
right_child=7 5 3 -5 -6 14 -8 11 10 -11 -12 13 -14 -15 -16
leaf_value=-0.01692929761544501 0.026565568720966545 -0.017990614425651211 -0.031503194360612267 0.018155941627467285 0.016976321967118527 -0.0063152835465996836 0.013992990843440975 0.0038464295674654689 0.010764419596331285 -0.022585127744303785 0.038997094228445953 3.4063253412030911e-05 -0.0093253903124673725 0.0049712628942423604 -0.019801672229645201
leaf_weight=381.0630442147376 35.791826107772067 122.08776756725274 40.670697697380092 544.32183585257735 131.39317632291932 667.06218104425352 257.5667654365534 1191.2783669483615 686.02151895558927 240.47712019819301 139.3433340662159 107338.70778008242 2285.962574893143 3479.3764376576873 731.34666546771768
leaf_count=2306 66 595 714 2508 779 4514 1159 5145 2969 1420 458 368345 11781 16154 6534
internal_value=-9.47741e-07 -0.00470063 0.00373173 0.0139522 -0.00794351 -0.00990963 0.00333895 0.000116497 0.00821609 -0.0150743 0.0161775 3.70988e-05 -0.00480709 0.00019 -0.013525
internal_weight=118272 2875.51 1097.45 584.993 512.456 1778.06 379.655 115397 1101.63 276.269 825.365 114295 3477.24 110818 1398.41
internal_count=425447 19109 6307 3222 3085 12802 1754 406338 4913 1486 3427 401425 16926 384499 11048
is_linear=0
shrinkage=0.03


Tree=362
num_leaves=16
num_cat=0
split_feature=14 27 27 17 15 14 1 5 7 14 1 27 3 8 31
split_gain=72.8195 140.087 133.035 231.892 199.815 169.017 180.92 170.533 137.586 126.144 190.206 99.5272 88.8395 76.6402 23.523
threshold=599978.80000000016 705214.82785830705 1933168.6001275512 0.15532644093036654 0.32051282051282054 3225469.464285715 392.50000000000006 0.60903532608695665 7.4862394332954736 252619.18750000003 177.50000000000003 3416415.9389426662 4.4921855921855931 86.316282923425788 0.054302429841323947
decision_type=2 2 2 2 2 2 2 2 2 2 2 2 2 2 2
left_child=1 9 3 4 -2 7 -7 -4 -5 12 -11 13 -1 -3 -13
right_child=2 11 5 8 -6 6 -8 -9 -10 10 -12 14 -14 -15 -16
leaf_value=-0.0036840802435523252 -0.0088153075411044578 -0.02811007812169759 -0.013780601476927765 -0.002286536552717953 0.0062988006346087182 -0.0050667384658272738 4.701719943115532e-05 0.0044478728196332114 0.016291460465535843 -0.011282705689406286 0.009781015522841453 -0.057324658500439878 0.0071585892629372544 0.011852110797717166 -0.0044697965678337634
leaf_weight=944.95527412090451 5223.638710135594 29.990324293263257 468.38469230040209 717.7049664366059 912.97845246084034 6695.7254913628567 86160.918303517101 10348.156914580613 691.27415331313387 1417.81975375209 513.5894419439137 7.9535183720290688 2317.9455285575241 1799.3774785720743 17.550228587118909
leaf_count=2547 16300 125 4228 1822 1279 28433 330098 27059 1249 3967 960 62 3760 3521 37
internal_value=-8.87004e-07 0.00295241 -0.000188713 -0.00403066 -0.00655195 9.11669e-05 -0.000322162 0.00363777 0.00688274 0.000410439 -0.00563393 0.00999439 0.00400685 0.0109574 -0.0368187
internal_weight=118268 7049.18 111219 7545.6 6136.62 103673 92856.6 10816.5 1408.98 5194.31 1931.41 1854.87 3262.9 1829.37 25.5037
internal_count=425447 14979 410468 20650 17579 389818 358531 31287 3071 11234 4927 3745 6307 3646 99
is_linear=0
shrinkage=0.03


Tree=363
num_leaves=8
num_cat=0
split_feature=15 15 15 15 4 30 20
split_gain=72.3993 72.8663 76.8805 81.7661 73.3992 4.26001 11.6517
threshold=-0.74166666666666659 -0.70714285714285696 -0.65833333333333321 -0.54195804195804176 2.203892668178383 27.500000000000004 52438.000000000007
decision_type=2 2 2 2 2 2 2
left_child=-1 5 4 -4 -3 -2 -7
right_child=1 2 3 -5 -6 6 -8
leaf_value=-0.026476911613314905 0.040521461229387115 0.0032953118851404019 0.013421149170733693 2.2786922848772706e-06 -0.022033914436879132 -0.010145578966870622 0.020473927055536894
leaf_weight=77.885349318181397 26.192629911005497 156.31772893588641 395.12562656402588 117310.33051362826 259.1670868928195 6.9960049744695398 8.9557013176381588
leaf_count=2136 31 2538 758 415694 4205 76 9
internal_value=-1.16315e-06 1.93925e-05 2.75341e-06 4.92838e-05 -0.0126518 0.0338877 0.00766695
internal_weight=118241 118163 118121 117705 415.485 42.1443 15.9517
internal_count=425447 423311 423195 416452 6743 116 85
is_linear=0
shrinkage=0.03


Tree=364
num_leaves=16
num_cat=0
split_feature=5 31 30 7 1 13 1 14 26 1 24 17 15 11 0
split_gain=71.5 149.438 225.029 172.344 187.668 154.436 128.958 109.935 96.718 114.871 193.339 155.578 111.501 157.611 136.119
threshold=4.5933134661948225 0.048395402146108109 11.500000000000002 8.6204979428863826 108634.50000000001 5.0891035151847301 16110.500000000002 1127719.0416666667 5.5935136292279157 583.50000000000011 0.97844481164248942 0.13522463291883471 0.54509283819628662 112.50000000000001 211465368.00000003
decision_type=2 2 2 2 2 2 2 2 2 2 2 2 2 2 2
left_child=8 3 5 7 -5 -3 -4 -2 12 10 -10 -11 13 -1 -14
right_child=1 2 6 4 -6 -7 -8 -9 9 11 -12 -13 14 -15 -16
leaf_value=-0.00041753762482255058 0.012911809241843833 0.022431120237233954 -0.0023084698871136959 0.012642609230664292 -0.026317615228986069 -0.022741621716464482 0.0083398758448007728 -0.00067570673680006398 0.038714262618401538 -0.010444785649961668 -0.0066009415855538094 0.012063280036379298 0.0035098801413528842 -0.0044090051540105098 -0.00069997392511979609
leaf_weight=66163.084704883455 612.35431526787579 64.05960151553154 3612.230894275941 2582.2278469316661 102.08200389333069 587.68161812564358 1410.4132035113871 3648.4851558189839 214.56735944713 463.40608466276899 126.60213693743572 638.89453089120798 12942.344258632511 10278.626364573953 14788.216580647975
leaf_count=281893 985 122 12387 6652 544 3351 4913 11649 577 2301 592 2327 17581 57041 22532
internal_value=-1.05231e-06 0.00213155 -0.00147435 0.00507881 0.0110119 -0.0178518 0.000691676 0.00130848 -0.000256417 0.00741468 0.0222445 0.00256087 -0.000364052 -0.000955397 0.00126459
internal_weight=118235 12619.5 5674.39 6945.15 2684.31 651.741 5022.64 4260.84 105616 1443.47 341.169 1102.3 104172 76441.7 27730.6
internal_count=425447 40603 20773 19830 7196 3473 17300 12634 384844 5797 1169 4628 379047 338934 40113
is_linear=0
shrinkage=0.03


Tree=365
num_leaves=9
num_cat=0
split_feature=5 17 17 0 10 14 10 28
split_gain=71.1836 70.6463 112.328 99.7548 88.538 80.5929 77.5598 54.5151
threshold=1.0000000180025095e-35 0.31788682937622076 0.30725073814392095 17794490.500000004 1.4185110663983906 31603146.750000004 2.1054964539007099 5476.554129734086
decision_type=2 2 2 2 2 2 2 2
left_child=-1 2 5 7 -5 -2 -4 -3
right_child=1 3 6 4 -6 -7 -8 -9
leaf_value=-0.025387255155349533 0.00054189543691864496 0.0047000619041207402 -0.0057948334800925474 -0.014427694492811309 0.012408630346575782 -0.0011613146343777347 -0.030466154367317849 -0.036066455953411125
leaf_weight=84.326488506863825 79933.471730123041 43.227965909987688 398.61792440898716 110.0463376743719 1037.3276648991741 36366.536815711064 154.53933451604098 56.069389510899782
leaf_count=14563 238589 93 1489 457 3381 165709 899 267
internal_value=-8.97772e-07 2.01965e-05 -5.57787e-05 0.0070813 0.00965594 8.96962e-06 -0.0133626 -0.019769
internal_weight=118184 118100 116853 1246.67 1147.37 116300 553.157 99.2974
internal_count=425447 410884 406686 4198 3838 404298 2388 360
is_linear=0
shrinkage=0.03


Tree=366
num_leaves=16
num_cat=0
split_feature=15 5 29 24 31 31 5 17 5 8 10 13 13 17 4
split_gain=70.184 97.7879 102.108 192.054 124.533 80.1473 90.3372 100.365 90.0534 111.048 82.1937 77.0818 139.169 75.8416 26.6253
threshold=-0.36931818181818177 0.92031746031746042 2413111.4542031982 5.2161084324013904 0.068510534733328701 0.14837129237288138 0.14670014347202298 0.28288784623146063 2.2945998071359694 86.691926806838907 3.7749287749287759 68.964013568039931 62.786720542876395 0.22333983331918719 0.29758481886141469
decision_type=2 2 2 2 2 2 2 2 2 2 2 2 2 2 2
left_child=1 11 4 -4 -3 6 7 -2 13 -10 -8 12 -1 -7 -13
right_child=5 2 3 -5 -6 8 10 -9 9 -11 -12 14 -14 -15 -16
leaf_value=-0.018351266800482192 -0.024956052698005462 -0.010017814773806784 0.014676746873550618 -0.0067953018141707735 0.002490776975751344 -0.0057658236090197901 0.00018936522336363752 0.012388510559812433 0.012851592271444367 -0.017748060414820473 0.0065043209614333809 0.0019966053354976859 0.048864039719478156 0.012117768518682815 -0.03222738931819228
leaf_weight=77.352541205997113 233.65794885996729 1954.3942790445872 744.12807200150564 725.75169669790193 1112.7258194629103 621.2713204206666 109394.82196328323 75.989268533652648 112.9574588239193 707.23908588476479 1872.4747734349221 19.00802262299112 24.589215436484665 306.05509559309576 192.88639362255344
leaf_count=1576 13504 16694 5169 6135 11387 3912 349394 1443 384 3440 5789 552 96 1315 4657
internal_value=-1.26433e-06 -0.00352956 -0.00236868 0.00409319 -0.00548003 0.000149946 0.000250438 -0.0155501 -0.00619682 -0.0133428 0.000296769 -0.0193471 0.00179322 0.000203585 -0.0290961
internal_weight=118175 4850.84 4537 1469.88 3067.12 113324 111577 309.647 1747.52 820.197 111267 313.836 101.942 927.326 211.894
internal_count=425447 46266 39385 11304 28081 379181 370130 14947 9051 3824 355183 6881 1672 5227 5209
is_linear=0
shrinkage=0.03


Tree=367
num_leaves=8
num_cat=0
split_feature=15 15 15 28 15 31 25
split_gain=69.7862 69.7294 71.8441 80.3935 77.7195 5.08066 9.84727
threshold=-0.74166666666666659 -0.70714285714285696 -0.65833333333333321 4801.927545409847 -0.54195804195804176 0.038196812945278165 1.8019480519480524
decision_type=2 2 2 2 2 2 2
left_child=-1 5 3 -3 -4 -2 -7
right_child=1 2 4 -5 -6 6 -8
leaf_value=-0.026299914755490185 0.03953945409869588 0.015545765728230207 0.013086969995752101 -0.018060143561425296 1.2226446197639482e-06 -0.0096320544717519042 0.018645869610448118
leaf_weight=75.744458104512887 27.265452053397894 64.880355808883905 394.92911835387349 345.08691428016755 117235.5068158675 6.718700569123027 8.414979200810194
leaf_count=2136 36 340 758 6403 415694 77 3
internal_value=-1.28079e-06 1.86728e-05 2.34352e-06 -0.0123102 4.70744e-05 0.0330763 0.00655071
internal_weight=118159 118083 118040 409.967 117630 42.3991 15.1337
internal_count=425447 423311 423195 6743 416452 116 80
is_linear=0
shrinkage=0.03


Tree=368
num_leaves=15
num_cat=0
split_feature=28 28 18 30 17 7 5 26 5 26 1 23 30 17
split_gain=69.1061 172.215 141.73 141.084 114.515 94.5735 170.737 143.583 145.305 144.067 126.362 108.06 80.4281 47.5914
threshold=4108606.6893981504 8435910.2062841561 1933.5000000000002 24.500000000000004 0.28184948861598974 9.3919998079122227 0.68148880105401854 0.02508797126848715 1.9172374429223746 0.083040880838132519 12060.500000000002 1.3599863177191844 8.5000000000000018 0.23032531142234805
decision_type=2 2 2 2 2 2 2 2 2 2 2 2 2 2
left_child=5 3 4 12 -3 7 11 8 -1 -9 -8 -7 -2 -5
right_child=1 2 -4 13 -6 6 10 9 -10 -11 -12 -13 -14 -15
leaf_value=0.00049206941257143701 -0.012342850912953349 -0.0047111688963861354 0.050456707991207626 -0.018236671429329533 0.013800736921059322 -0.01398913413788253 0.00069817216093955741 0.0029033830391000017 -0.030698563138094312 -0.00073192266062961327 0.0051415131383439486 0.0062944213109050306 0.002029758306641454 -0.045299856065727215
leaf_weight=252.91783774388023 827.35016736254329 875.16195011755917 40.703641325235367 222.8563248438295 438.82624027744168 951.95367194362916 17132.904823922552 11243.744501519017 266.39127701893449 76230.81700002079 8682.3367285630666 300.78507635663846 588.23193363368046 97.314719561487436
leaf_count=1074 4918 4966 39 1396 1713 8931 57754 30755 1236 275120 31387 2354 3200 604
internal_value=-1.11407e-06 -0.00441743 0.00356289 -0.0106401 0.00153458 0.000117803 0.00166822 -0.000358987 -0.0158644 -0.00026389 0.00219586 -0.0090785 -0.00639082 -0.0282111
internal_weight=118152 3090.44 1354.69 1735.75 1313.99 115062 27068 87993.9 519.309 87474.6 25815.2 1252.74 1415.58 320.171
internal_count=425447 16836 6718 10118 6679 408611 100426 308185 2310 305875 89141 11285 8118 2000
is_linear=0
shrinkage=0.03


Tree=369
num_leaves=16
num_cat=0
split_feature=4 19 13 20 10 14 2 8 14 31 6 12 26 26 1
split_gain=68.3119 133.826 140.575 145.839 128.083 98.3544 115.347 78.7584 150.791 155.83 150.064 140.613 132.355 74.2331 72.0125
threshold=0.456832298136646 121641233.50000001 775.97082622467167 78.500000000000014 4.0833333333333348 3876717.944444445 2.9327683615819216 90.594372447527917 128528971.3169643 0.0095307443093506309 1.1834174376226523 36.500000000000007 0.02508797126848715 12.812576424553683 177.50000000000003
decision_type=2 2 2 2 2 2 2 2 2 2 2 2 2 2 2
left_child=1 2 4 -4 -1 6 -3 8 9 -2 -10 14 -13 -7 -9
right_child=7 5 3 -5 -6 13 -8 11 10 -11 -12 12 -14 -15 -16
leaf_value=-0.01647641637096503 0.0051864707171105796 -0.012215951802619404 -0.032849941987362213 0.017955386184528674 0.016452148048149488 -0.015071610648700729 0.016087723479609989 0.006394699223787448 -0.012806568433144445 0.00031767959289419074 0.0030973156897354929 -0.015365505940906939 -0.00014091222052680527 0.027965422575151118 -0.0214144076695248
leaf_weight=379.00291398743866 9568.411291662138 247.49574512889376 41.839919344522059 542.65916461180313 131.32223894144408 1260.2241144840955 240.65128331375308 95.578537112101912 1240.1995845372439 15504.746322655992 916.51297885272652 502.02966312749777 87047.535964471579 23.29897321248427 402.30668224219698
leaf_count=2306 28822 1491 740 2482 779 10353 885 207 10871 56294 4241 2168 302157 73 1578
internal_value=-1.25376e-06 -0.00456397 0.00363243 0.0135376 -0.00771796 -0.0096338 0.00174146 0.000112522 0.0015223 0.00217889 -0.00605955 -0.000323314 -0.000231173 -0.0139533 -0.0159865
internal_weight=118144 2866.49 1094.82 584.499 510.325 1771.67 488.147 115277 27229.9 25073.2 2156.71 88047.5 87549.6 1283.52 497.885
internal_count=425447 19109 6307 3222 3085 12802 2376 406338 100228 85116 15112 306110 304325 10426 1785
is_linear=0
shrinkage=0.03


Tree=370
num_leaves=9
num_cat=0
split_feature=15 14 1 31 14 1 2 26
split_gain=67.7025 67.3538 88.9175 213.745 162.226 43.5775 86.9194 51.2188
threshold=-0.74166666666666659 64525.439516129038 140.50000000000003 0.021690017985170815 2005537.9671052634 30.500000000000004 4.2189640410958917 0.75078579579837224
decision_type=2 2 2 2 2 2 2 2
left_child=-1 5 3 -3 -4 6 -2 -7
right_child=1 2 4 -5 -6 7 -8 -9
leaf_value=-0.026154818367638805 -0.015902760884478121 0.0019754157997282219 0.0041111293162155449 -0.0063192917219857909 -0.00013194910182966356 0.0042897165622740908 0.0093872351412910161 0.026855805048331349
leaf_weight=74.016214132949244 151.84975286875851 5075.4822164165089 8833.4334216679563 6184.180967125867 97009.851157888159 192.26381371868774 441.99976707622409 175.86845161987003
leaf_count=2136 495 12738 20929 21132 366825 329 671 192
internal_value=-1.35826e-06 1.8104e-05 -4.70799e-05 -0.00258 0.000222417 0.0078626 0.00263874 0.0157779
internal_weight=118139 118065 117103 11259.7 105843 961.982 593.85 368.132
internal_count=425447 423311 421624 33870 387754 1687 1166 521
is_linear=0
shrinkage=0.03


Tree=371
num_leaves=9
num_cat=0
split_feature=5 4 12 6 23 4 6 31
split_gain=67.2047 67.5451 213.682 140.083 85.3341 152.875 109.807 70.468
threshold=1.0000000180025095e-35 6.6975214198286421 53.500000000000007 0.50301204819277123 0.095133961002133907 5.1918985270049109 0.13487525987525992 0.17067902860454096
decision_type=2 2 2 2 2 2 2 2
left_child=-1 4 3 -3 5 -2 -6 -4
right_child=1 2 7 -5 6 -7 -8 -9
leaf_value=-0.025175595313425898 0.00099960853520517914 0.0016976519425680779 -0.017681956512089175 0.013337905603280433 0.0032721873025841389 0.012175598303170257 -0.00078307591015441868 0.019107706608892064
leaf_weight=80.364180737378774 18684.800860963063 2575.4899688286241 473.15559453098103 1452.9295095549896 6437.136185121024 1156.779966310598 87229.819945129566 38.804592893458903
leaf_count=14563 55472 8895 2184 3404 25099 2875 312875 80
internal_value=-1.30835e-06 1.87718e-05 0.00360088 0.00593727 -0.000124706 0.00166139 -0.000503584 -0.014372
internal_weight=118129 118049 4540.38 4028.42 113509 19841.6 93667 511.96
internal_count=425447 410884 14563 12299 396321 58347 337974 2264
is_linear=0
shrinkage=0.03


Tree=372
num_leaves=15
num_cat=0
split_feature=5 31 30 14 6 13 1 24 24 5 26 18 15 1
split_gain=66.6625 136.521 212.704 149.128 155.733 146.597 121.454 90.5792 171.04 167.567 138.823 175.272 163.484 110.739
threshold=4.5933134661948225 0.048395402146108109 11.500000000000002 320469932.72727281 0.57932875667429451 5.0891035151847301 16110.500000000002 5.2161084324013904 2.3984159579248723 3.5696938475125113 0.089116975383541699 313.50000000000006 0.09232954545454547 17498.500000000004
decision_type=2 2 2 2 2 2 2 2 2 2 2 2 2 2
left_child=7 3 5 4 -2 -3 -4 8 13 -10 11 -9 -12 -1
right_child=1 2 6 -5 -6 -7 -8 10 9 -11 12 -13 -14 -15
leaf_value=0.00018098611654256377 0.0018584869902602337 0.021816585025018875 -0.0021965512572206234 -0.035873900890682139 0.011208424021486254 -0.022124675879833335 0.0081391042653137097 0.005922614033679538 0.0043087304674842208 -0.0055510067737387248 -0.0059451121230185821 -0.012186482998962325 0.00050836171091827708 -0.0026531435972075887
leaf_weight=56596.821648630663 4330.8996037701145 64.346408046782017 3612.1149135911837 64.962180329486728 2547.0119836144149 585.62063340144232 1409.7037019934505 3064.0662710372126 12832.538871497934 1748.8072263309732 9083.0498944600404 554.89694171026349 5758.8326682019979 15871.273316290986
leaf_count=204560 13575 122 12387 640 5615 3351 4913 8056 41118 5563 45234 1559 8558 70196
internal_value=-1.21911e-06 0.00205829 -0.00138897 0.00487568 0.00534214 -0.0173354 0.000714472 -0.000247993 0.000156586 0.00311966 -0.00215593 0.00309884 -0.00344108 -0.000439725
internal_weight=118125 12614.7 5671.79 6942.87 6877.91 649.967 5021.82 105510 87049.4 14581.3 18460.8 3618.96 14841.9 72468.1
internal_count=425447 40603 20773 19830 19190 3473 17300 384844 321437 46681 63407 9615 53792 274756
is_linear=0
shrinkage=0.03


Tree=373
num_leaves=16
num_cat=0
split_feature=17 15 19 17 15 18 15 31 27 2 17 0 19 15 31
split_gain=66.5714 192.337 214.136 317.071 192.33 207.81 225.541 175.031 167.768 133.156 143.764 107.764 99.9533 107.022 71.4221
threshold=0.19823817908763888 0.43650793650793657 131272392.50000001 0.069544728845357909 1.2111111111111115 12.500000000000002 0.11437908496732027 0.086799004192872134 51929961.532331549 20.726613152207474 0.073729019612073912 3875455154.0000005 183320297.50000003 2.0714285714285716 0.028244961307775436
decision_type=2 2 2 2 2 2 2 2 2 2 2 2 2 2 2
left_child=1 2 8 -4 5 7 -7 -2 -1 10 -3 -11 13 -6 -14
right_child=4 9 3 -5 12 6 -8 -9 -10 11 -12 -13 14 -15 -16
leaf_value=-0.00049378225491185986 -0.0049474302581681961 0.0001739326273889516 0.00058700708228240134 -0.0048728454605898768 -0.0098989027381010189 0.0049155046639827215 -0.0011050321879394749 0.013987914915200855 0.0054400741985985279 -0.0017333006540716678 0.0052112131539749623 -0.01815296707364733 -0.016268922630380472 -0.036786188968149107 0.0020593893605063448
leaf_weight=16767.335252884659 5309.1473633798887 10156.142797852866 16169.431835125055 23406.88289876515 779.90009685233235 16818.744609563961 8373.9112446364015 463.76262950003729 5742.6667686692963 2130.0703625390306 10254.024847408757 420.32527949661016 224.81902353838086 153.39868582040071 927.56905127316713
leaf_count=58405 22128 14898 67806 119022 1445 74726 12839 1983 32161 3261 13526 944 451 451 1401
internal_value=-1.30671e-06 -0.000445592 -0.00131343 -0.00264201 0.0011407 0.00173665 0.00291365 -0.00338878 0.00102132 0.00189909 0.00270809 -0.0045414 -0.0076422 -0.0148618 -0.00165367
internal_weight=118098 85046.9 62086.3 39576.3 33051.3 30965.6 25192.7 5772.91 22510 22960.6 20410.2 2550.4 2085.69 933.299 1152.39
internal_count=425447 310023 277394 186828 115424 111676 87565 24111 90566 32629 28424 4205 3748 1896 1852
is_linear=0
shrinkage=0.03


Tree=374
num_leaves=16
num_cat=0
split_feature=14 27 27 5 14 1 24 27 19 6 15 5 3 8 15
split_gain=67.1249 130.247 127.538 177.189 118.063 175.598 111.047 96.8051 94.511 101.128 91.3678 83.5777 82.588 73.3247 6.5724
threshold=599978.80000000016 705214.82785830705 980387.38556132873 1.8211620469083158 252619.18750000003 177.50000000000003 12.54665770282578 3416415.9389426662 835604227.50000012 2.8554093567251466 0.44671201814058964 3.6518445322793149 4.4921855921855931 86.316282923425788 1.2916666666666667
decision_type=2 2 2 2 2 2 2 2 2 2 2 2 2 2 2
left_child=1 4 3 10 12 -6 -5 13 9 -4 -2 -10 -1 -3 -9
right_child=2 7 8 6 5 -7 -8 14 11 -11 -12 -13 -14 -15 -16
leaf_value=-0.0035473294924739463 -0.02398180639281576 -0.027625600565760355 -0.00013114561854368507 0.0007774237355778358 -0.01089118805383796 0.0093726456376626872 -0.019504350738645756 -0.042057329959098354 -0.0092744027795774574 0.0038660828964560243 0.0068562841043181069 0.0089516957791679064 0.0069179664038041102 0.011469192931300285 -0.0012322564124140982
leaf_weight=943.50127381109633 587.63174980739132 29.94580699596554 100509.84935927697 1724.5720692202449 1416.7139908690006 511.9172804215923 267.20782522857189 18.838153334567327 1591.1780070413952 6023.1243180520833 92.51274211332202 249.71334896888584 2308.7679523248225 1794.6114267740631 6.7427223958075038
leaf_count=2547 2263 125 383577 3905 3967 960 791 86 6015 13091 130 696 3760 3521 13
internal_value=-1.51411e-06 0.00283767 -0.000181911 -0.00663843 0.00038322 -0.00546629 -0.00205398 0.00963639 -2.1554e-05 9.50792e-05 -0.0196866 -0.00673353 0.0038704 0.0105912 -0.0364688
internal_weight=118077 7031.04 111046 2671.92 5180.9 1928.63 1991.78 1850.14 108374 106533 680.144 1840.89 3252.27 1824.56 25.5809
internal_count=425447 14979 410468 7089 11234 4927 4696 3745 403379 396668 2393 6711 6307 3646 99
is_linear=0
shrinkage=0.03


Tree=375
num_leaves=16
num_cat=0
split_feature=17 1 27 1 28 3 2 17 28 24 29 27 17 18 10
split_gain=66.1894 139.131 222.812 275.124 188.065 175.868 152.544 130.103 166.298 204.575 120.528 108.44 224.686 145.525 99.4516
threshold=0.039001181721687324 3160.5000000000005 11525974.891365392 24711.000000000004 964757.89477009943 2.8242647058823533 5.6311740890688275 0.059137627482414253 89097.421204438579 0.45247503887209767 9746.7836439466864 10302128.82438479 0.14910929650068286 2391.0000000000005 1.6530054644808747
decision_type=2 2 2 2 2 2 2 2 2 2 2 2 2 2 2
left_child=1 4 14 -4 6 -6 -1 8 10 -10 -2 12 -9 -13 -3
right_child=7 2 3 -5 5 -7 -8 11 9 -11 -12 13 -14 -15 -16
leaf_value=-0.0038320940989392473 -0.0012082441746757533 0.012852089882309261 -0.011847949175390801 0.0036928423943762322 -0.01765039901737242 0.03600913665155317 0.0025624437602549811 -0.0035787516026852704 -0.0096014455114933495 0.0034235458597552454 0.010158707687897683 0.00085334431597373656 0.0022032552918980785 -0.0095926369634586582 -0.023259702822417856
leaf_weight=6328.7194684672286 1075.1381577426801 705.30879407376051 3781.7245202561899 1392.7540276227519 61.083880380087066 217.30491032858845 7114.9585699171294 17993.214430198539 1463.602329435409 4064.6128953768057 3697.674308296293 59807.115741372341 9088.983034167788 1209.5405346681364 61.590561746619642
leaf_count=31034 2724 1303 16706 4682 767 682 18405 56117 5009 10613 8200 238519 25569 4808 309
internal_value=-1.80901e-06 -0.00159038 -0.0054192 -0.00766065 6.93435e-05 0.0238325 -0.000446523 0.000315528 0.00350317 -3.60761e-05 0.00759612 -5.7383e-05 -0.00163702 0.000643474 0.00952296
internal_weight=118063 19663.4 5941.38 5174.48 13722.1 278.389 13443.7 98399.9 10301 5528.22 4772.81 88098.9 27082.2 61016.7 766.899
internal_count=425447 73888 23000 21388 50888 1449 49439 351559 26546 15622 10924 325013 81686 243327 1612
is_linear=0
shrinkage=0.03


Tree=376
num_leaves=15
num_cat=0
split_feature=15 19 29 29 6 15 0 6 10 11 1 17 12 12
split_gain=66.9863 94.6875 108.312 185.765 112.607 76.9205 193.716 75.397 169.317 81.188 74.9116 64.9084 14.2175 21.4695
threshold=-0.36931818181818177 718908583.00000012 2413111.4542031982 5962019.3186788969 0.90443574690150041 -0.29772727272727267 460012029.50000006 3.2010638297872345 1.2270400481782597 131.50000000000003 439.50000000000006 0.12584165483713153 47.500000000000007 46.500000000000007
decision_type=2 2 2 2 2 2 2 2 2 2 2 2 2 2
left_child=1 2 4 -4 -1 6 10 9 -9 -7 -2 -8 13 -3
right_child=5 12 3 -5 -6 7 11 8 -10 -11 -12 -13 -14 -15
leaf_value=-0.010558744023229311 0.025526404604213893 -0.023088734588095454 0.015994723290886637 -0.0053140297066155478 0.00072112628476771461 -0.00031657232895407903 0.0042845944446718688 0.0013091185657885063 0.018270070146592047 0.0034261372852950043 0.0088516638680806066 -0.0089929209204161614 -0.034049447883140654 0.0098826086437742971
leaf_weight=1857.4977251146338 319.97707189619541 21.9957684717956 638.83621287590358 827.8632344128564 1374.8131673737662 101292.6445251744 585.36921648308635 3147.1835444467142 623.87298781424761 5483.8867320124991 1041.1558982729912 723.32668221741915 86.333226690534502 20.592672305356245
leaf_count=24162 205 268 4842 7491 8406 348974 986 6227 987 19086 1258 1458 1019 78
internal_value=-1.77916e-06 -0.00345717 -0.00270684 0.00401494 -0.00577062 0.000145743 0.00516313 2.36126e-05 0.00418428 -0.000123617 0.0130289 -0.00305008 -0.0274648 -0.00820368
internal_weight=118045 4827.93 4699.01 1466.7 3232.31 113217 2669.83 110548 3771.06 106777 1361.13 1308.7 128.922 42.5884
internal_count=425447 46266 44901 12333 32568 379181 3907 375274 7214 368060 1463 2444 1365 346
is_linear=0
shrinkage=0.03


Tree=377
num_leaves=16
num_cat=0
split_feature=14 0 14 0 0 1 13 24 28 4 14 17 17 1 17
split_gain=68.5823 310.455 288.979 212.738 198.564 262.646 212.73 183.312 197.45 182.556 167.765 177.059 152.471 126.692 124.647
threshold=14470667.66134752 78935608.000000015 5046954.8253968256 23490407.500000004 306033072.00000006 27826.500000000004 43.194834823612815 0.31646034895358882 650186.21529343456 3.4244499792445002 60890640.514285721 0.086981520056724562 0.077137582004070296 17498.500000000004 0.092771746218204512
decision_type=2 2 2 2 2 2 2 2 2 2 2 2 2 2 2
left_child=1 2 3 -1 5 6 -2 14 -9 -4 13 -12 -7 -6 -3
right_child=4 7 9 -5 10 12 -8 8 -10 -11 11 -13 -14 -15 -16
leaf_value=-0.00054452111329508833 0.0070836396308569475 -0.0058264295397186866 -0.0073884610351416368 0.0050147919433620727 0.0048815591595641021 0.015832901588446056 -0.0051015872400773706 0.0051664328893771027 0.019176969810477246 8.3176268230246853e-06 0.0025561431023319275 -0.0036096448220439975 -0.0038849662136219124 0.00019363640937991784 0.0045590851905433598
leaf_weight=22417.243697924947 1381.1431020143209 2197.6260342138121 7454.6775389859686 8540.9214874427998 9609.8728544358746 968.78370637440821 16870.782774836873 9999.0713828214793 986.49437561281957 5008.3166384684155 6275.1037175300298 12535.822158586176 539.34094709187048 11289.03114722739 1946.2428328047972
leaf_count=66416 5564 5953 34478 21236 25368 4142 83233 22872 1803 19130 34809 65538 2527 28191 4187
internal_value=-1.67912e-06 0.000726811 -0.00056235 0.000989932 -0.000719415 -0.00317582 -0.00417282 0.00442555 0.00645173 -0.00441719 0.000502901 -0.00155082 0.00879282 0.00235266 -0.000942621
internal_weight=118020 58550.6 43421.2 30958.2 59469.9 19760.1 18251.9 15129.4 10985.6 12463 39709.8 18810.9 1508.12 20898.9 4143.87
internal_count=425447 176075 141260 87652 249372 95466 88797 34815 24675 53608 153906 100347 6669 53559 10140
is_linear=0
shrinkage=0.03


Tree=378
num_leaves=16
num_cat=0
split_feature=14 13 27 14 5 6 1 12 14 0 27 14 17 1 30
split_gain=67.1679 187.761 146.563 174.484 182.19 138.983 125.407 122.832 96.6523 274.139 179.915 94.5378 88.1632 76.5151 75.0705
threshold=968726.70000000007 6.0031452362226041 882687.61406101368 526917.56250000012 1.253532338308458 0.47930936073059366 177.50000000000003 53.500000000000007 3225469.464285715 22736621.500000004 10302128.82438479 8400048.833333334 1.0000000180025095e-35 2407.5000000000005 18.500000000000004
decision_type=2 2 2 2 2 2 2 2 2 2 2 2 2 2 2
left_child=2 5 3 6 -5 13 -1 12 9 -3 -10 -7 -4 -2 -9
right_child=1 8 7 4 -6 11 -8 14 10 -11 -12 -13 -14 -15 -16
leaf_value=9.7343619244749262e-05 -0.016079859302849012 -0.00095857308157178437 0.0008330902364084593 -0.039503395266032859 -0.0056953511259127797 -0.0025109875683545055 0.012374769255357959 -0.00049239949799278506 -0.0032227167821057465 0.0086411584336910496 0.0002598402959281495 0.053621248669157677 0.012142044578238807 0.029805160836506261 -0.029592716053808546
leaf_weight=4536.6662103097187 1278.4122094274499 7261.1941447243444 852.90064655616879 149.416326492792 1227.7406347524375 1406.3161293915473 883.05966881103814 308.68575080099981 16122.462531865109 4219.3980310218176 77254.601576201356 12.508433155715464 2343.9626451844815 19.785108305513859 93.894072247669101
leaf_count=10032 5057 24496 2294 707 3035 3692 1494 940 56012 8339 304434 16 4520 15 364
internal_value=-1.44959e-06 -0.000224356 0.00229916 -0.000291621 -0.00977106 -0.00798858 0.00213191 0.00718058 -2.17728e-05 0.00257362 -0.000341557 -0.00143942 0.00915222 -0.0150252 -0.00817054
internal_weight=117971 107575 10396.3 6796.88 1377.16 2717.02 5419.73 3599.44 104858 11480.6 93377.1 1418.82 3196.86 1298.2 402.58
internal_count=425447 402061 23386 15268 3742 8780 11526 8118 393281 32835 360446 3708 6814 5072 1304
is_linear=0
shrinkage=0.03


Tree=379
num_leaves=16
num_cat=0
split_feature=14 28 9 13 24 0 15 24 13 28 2 15 2 6 14
split_gain=66.6128 283.357 261.356 162.505 272.88 234.283 383.426 173.367 142.909 289.295 182.028 139.284 125.935 116.877 85.094
threshold=19995885.222222228 669184.15091986256 92.500000000000014 43.194834823612815 0.43907527459923235 306033072.00000006 0.44671201814058964 0.38871697849118614 86.626011356288672 146663.62658462097 20.197402597402601 0.18465909090909094 1.8021739130434786 0.24037037037037037 30000279.312500004
decision_type=2 2 2 2 2 2 2 2 2 2 2 2 2 2 2
left_child=1 8 13 4 7 6 -5 -2 9 -1 -10 -4 -7 -3 -6
right_child=3 2 11 5 14 12 -8 -9 10 -11 -12 -13 -14 -15 -16
leaf_value=-1.416297283125798e-05 0.018865424211013105 -0.021176952769559148 0.016951732059526058 -0.008428610847189863 0.0014335864297012387 -0.027393434261588284 0.0026308550096671404 0.07075467395317675 0.0033722098448561934 -0.0088013021517471951 -0.0067956772746279289 0.0018922482262862393 0.00028025864899827285 0.013052211250649688 -0.035594162209948599
leaf_weight=42569.665668007859 280.83873728848994 317.27795028896071 1971.4359784756089 8107.9871475661348 222.09810440638103 133.58001148334006 4308.5293109491467 66.49793830094859 16725.196236113727 3647.7379984374274 1734.6030368059874 778.02113123610616 36918.779068296193 110.3226380496053 58.559307497809641
leaf_count=128041 1063 2218 5025 62039 834 2040 5742 189 50454 15287 3742 1043 146923 374 433
internal_value=-1.32215e-06 0.000610953 0.00933668 -0.000831159 0.0141511 -0.00102619 -0.00459002 0.0314003 0.000179801 -0.000710973 0.0024104 0.0127346 0.000168636 -0.0121349 -0.00760468
internal_weight=117951 67854.3 3177.06 50096.9 627.994 49468.9 12416.5 347.337 64677.2 46217.4 18459.8 2749.46 37052.4 427.601 280.657
internal_count=425447 206184 8660 219263 2519 216744 67781 1252 197524 143328 54196 6068 148963 2592 1267
is_linear=0
shrinkage=0.03


Tree=380
num_leaves=16
num_cat=0
split_feature=14 0 14 0 15 1 23 23 24 18 5 16 15 31 14
split_gain=66.5003 220.471 223.359 214.626 185.226 172.538 286.485 241.892 169.552 133.193 153.27 136.208 124.16 140.27 58.8234
threshold=8754962.7647058833 36826609.500000007 2303145.1597222225 12000974.500000002 0.32051282051282054 917.50000000000011 0.26061023289777074 0.18756624336555155 0.30120750404420216 2391.0000000000005 1.7951631701631705 7.5000000000000009 0.33908045977011497 0.14837129237288138 4444669.5260869572
decision_type=2 2 2 2 2 2 2 2 2 2 2 2 2 2 2
left_child=1 2 3 -1 -4 6 7 -2 -8 11 -11 -7 13 -3 -14
right_child=5 12 4 -5 -6 9 8 -9 -10 10 -12 -13 14 -15 -16
leaf_value=-0.00044844057329838975 -0.0036034569345002542 0.0055042005810818527 -0.0061122308597171748 0.0070404666764571164 0.0032720895961964279 0.000618489437700627 -0.0010591248739333459 0.016314405171171876 -0.015625593993032101 0.0068724462736952496 -0.01671882523667035 -0.0033238617499947234 -0.0076144309402819696 -0.033422556399890523 0.0011132550908604288
leaf_weight=14254.342544169864 1990.9326641456573 11993.566654253053 8513.9683101717092 4523.3483758194488 2417.9528476092964 55912.015543152345 1043.2547927304404 740.12491025857162 2350.1543128048652 335.44602111633867 850.6682293144986 9167.0821026770282 902.7669123839587 68.959683680557646 2838.48977246508
leaf_count=37926 7920 32525 43278 9444 3215 224271 5362 2433 13974 1312 3660 34012 1631 520 3964
internal_value=-1.25616e-06 0.000896864 -0.000625308 0.00135814 -0.0040322 -0.000566412 -0.00537777 0.00184305 -0.0111805 -0.00012016 -0.0100195 6.20686e-05 0.00375818 0.00523794 -0.00100675
internal_weight=117903 45513.4 29709.6 18777.7 10931.9 72389.7 6124.47 2731.06 3393.41 66265.2 1186.11 65079.1 15803.8 12062.5 3741.26
internal_count=425447 132503 93863 47370 46493 292944 29689 10353 19336 263255 4972 258283 38640 33045 5595
is_linear=0
shrinkage=0.03


Tree=381
num_leaves=16
num_cat=0
split_feature=17 1 19 27 28 3 2 0 17 28 24 24 17 26 4
split_gain=64.965 134.633 227.567 285.614 174.902 161.513 142.214 139.642 119.136 158.475 188.843 100.357 158.885 145.796 99.704
threshold=0.039001181721687324 3160.5000000000005 119129982.00000001 11525974.891365392 999259.85479151213 2.8242647058823533 5.6311740890688275 1889102940.5000002 0.059137627482414253 89097.421204438579 0.45247503887209767 4.8333705213871179 0.12547172605991366 0.02508797126848715 0.63356807511737101
decision_type=2 2 2 2 2 2 2 2 2 2 2 2 2 2 2
left_child=1 4 7 -4 6 -6 -1 -3 9 14 -11 13 -13 -10 -2
right_child=8 2 3 -5 5 -7 -8 -9 11 10 -12 12 -14 -15 -16
leaf_value=-0.0036969814723774815 -0.019691560287437442 -0.0023653066992072799 0.011045598915273371 -0.013859301654208761 -0.016559576648855191 0.035804188528925925 0.0024795089070756521 0.01428634282614852 -0.017631660238008485 -0.0092855502113718454 0.0032394626340724155 -0.0058743440684115977 0.00021419286039165689 0.00053749028705653344 0.0080500346674768995
leaf_weight=6323.7836759313359 105.09351198200602 1951.9599465556093 469.24240698106587 2938.2987369066686 59.26127739000367 203.42508788383566 7109.968336431426 573.63733876287006 384.63410716434009 1461.4184708712855 4054.3357900067931 6342.0435449501383 9784.8958590412221 71455.17777058779 4652.0805808460573
leaf_count=31090 518 7914 880 12413 744 643 18411 1793 1749 5009 10613 24918 32498 265848 10406
internal_value=-1.43946e-06 -0.00157662 -0.00534535 -0.0103876 5.78243e-05 0.0236266 -0.000426652 0.00146698 0.00031319 0.00336787 -8.98425e-05 -4.37145e-05 -0.00218155 0.000436134 0.00737092
internal_weight=117869 19629.6 5933.14 3407.54 13696.4 262.686 13433.8 2525.6 98239.7 10272.9 5515.75 87966.8 16126.9 71839.8 4757.17
internal_count=425447 73888 23000 13293 50888 1387 49501 9707 351559 26546 15622 325013 57416 267597 10924
is_linear=0
shrinkage=0.03


Tree=382
num_leaves=16
num_cat=0
split_feature=15 5 29 24 31 13 13 11 28 3 5 28 10 30 31
split_gain=66.7039 92.5013 93.0613 173.07 118.741 75.6132 129.671 73.1813 142.164 161.192 122.631 120.274 143.576 135.112 19.2389
threshold=-0.36931818181818177 0.92031746031746042 2413111.4542031982 5.2161084324013904 0.068510534733328701 68.964013568039931 62.786720542876395 101.50000000000001 8435910.2062841561 3.3739406779661021 4.1678403755868549 4108606.6893981504 3.077651515151516 24.500000000000004 0.10795028622052612
decision_type=2 2 2 2 2 2 2 2 2 2 2 2 2 2 2
left_child=1 5 4 -4 -3 6 -1 11 10 -10 -9 12 -2 -13 -7
right_child=7 2 3 -5 -6 14 -8 8 9 -11 -12 13 -14 -15 -16
leaf_value=-0.017979412678803566 0.00059413448881931571 -0.0097819454010861541 0.013818822237577483 -0.0065763272485259185 0.0024695698052443452 -0.032234139918884998 0.046702806950310573 -0.0020395473114060568 -0.014570738625077365 0.018767966738617137 0.0029987040582067628 -0.003994356001031229 0.0082298340366141389 -0.029780378350466884 -0.0024192468807422442
leaf_weight=75.493032490718178 74408.065857734648 1934.3369591860101 748.5140702095814 719.79654199886136 1108.3626339531038 178.44231243451941 25.29441597184632 28994.121224237955 152.82870927965268 597.58998917322606 5096.6594528667629 1319.8193899274338 2270.4071463152068 199.59716597944498 26.964488324942067
leaf_count=1576 226109 16694 5169 6135 11387 4444 96 115981 1433 1868 16824 6332 9600 1034 765
internal_value=-1.44003e-06 -0.00345341 -0.00232997 0.00383507 -0.00531906 -0.0190294 0.00194193 0.00014584 -0.000997109 0.0117866 -0.00128445 0.000655561 0.00082218 -0.00765928 -0.0288874
internal_weight=117856 4817.2 4511.01 1468.31 3042.7 306.194 100.787 113039 34841.2 750.419 34090.8 78197.9 76678.5 1519.42 205.407
internal_count=425447 46266 39385 11304 28081 6881 1672 379181 136106 3301 132805 243075 235709 7366 5209
is_linear=0
shrinkage=0.03


Tree=383
num_leaves=8
num_cat=0
split_feature=15 15 15 28 15 31 10
split_gain=65.5249 65.0767 67.7833 77.466 72.271 4.65083 9.48478
threshold=-0.74166666666666659 -0.70714285714285696 -0.65833333333333321 4801.927545409847 -0.59545454545454535 0.038196812945278165 1.8019480519480524
decision_type=2 2 2 2 2 2 2
left_child=-1 5 3 -3 -4 -2 -7
right_child=1 2 4 -5 -6 6 -8
leaf_value=-0.02600596162443861 0.037985052933461605 0.015212052012925362 0.01410108946784226 -0.017788846690731747 5.1200719083039091e-06 -0.0095662428175537807 0.01817462984093068
leaf_weight=72.144865174923325 27.704656165093184 65.087239979300648 313.28533308207989 338.79591407181579 117008.85821611623 6.6713312566280338 8.3906856998801231
leaf_count=2136 36 340 573 6403 415879 77 3
internal_value=-1.55548e-06 1.74299e-05 1.55444e-06 -0.0120447 4.4814e-05 0.0318513 0.00624721
internal_weight=117841 117769 117726 403.883 117322 42.7667 15.062
internal_count=425447 423311 423195 6743 416452 116 80
is_linear=0
shrinkage=0.03


Tree=384
num_leaves=15
num_cat=0
split_feature=28 9 0 14 17 8 5 11 29 23 21 1 31 11
split_gain=64.8495 169.152 189.438 146.379 121.922 89.5056 161.22 126.722 125.898 123.187 120.177 118.822 58.8231 27.0965
threshold=4108606.6893981504 701.50000000000011 5756244992.000001 537181347.04166687 0.33111621439456945 90.594372447527917 0.68148880105401854 59.500000000000007 739539.18139636843 0.022415373167208142 124.50000000000001 12060.500000000002 0.0095307443093506309 86.500000000000014
decision_type=2 2 2 2 2 2 2 2 2 2 2 2 2 2
left_child=5 2 4 -4 -2 6 10 8 -7 -9 -1 -8 13 -3
right_child=1 12 3 -5 -6 7 11 9 -10 -11 -12 -13 -14 -15
leaf_value=0.006808701753412221 -0.0072271032665383594 0.0042058355409236772 0.023977987486804603 -0.015925443476068175 0.02387338426353779 -0.021564533747086181 0.00068426312801191244 -0.014520505297230271 0.001527025574155999 -0.00014573700992843373 -0.014249761564325855 0.0050079623312724577 -0.047430905846165744 -0.025675868421912013
leaf_weight=316.66420967696467 2357.9183644276927 47.021813999861479 350.63309724174906 94.53969071287429 104.31481880391948 484.68428968847729 16986.516023129108 524.96628222899744 362.49139440467115 86521.701687225635 927.49765351170208 8630.2021326054819 88.579061672091484 37.09590404946357
leaf_count=3144 13909 103 993 774 387 1782 57440 2340 822 303736 8141 31206 515 155
internal_value=-1.38153e-06 -0.00428671 -0.00248022 0.0151958 -0.00576081 0.000113924 0.0016292 -0.000349012 -0.0117946 -0.000235261 -0.00884887 0.00214415 -0.0319111 -0.0105607
internal_weight=117835 3080.1 2907.41 445.173 2462.23 114755 26860.9 87893.8 847.176 87046.7 1244.16 25616.7 172.697 84.1177
internal_count=425447 16836 16063 1767 14296 408611 99931 308680 2604 306076 11285 88646 773 258
is_linear=0
shrinkage=0.03


Tree=385
num_leaves=9
num_cat=0
split_feature=5 14 13 1 14 30 10 31
split_gain=64.5388 64.0274 173.796 145.274 100.784 69.4316 91.893 55.0941
threshold=1.0000000180025095e-35 252619.18750000003 1.6063427322740904 177.50000000000003 968726.70000000007 55.500000000000007 1.360607182524991 0.11378277926904813
decision_type=2 2 2 2 2 2 2 2
left_child=-1 5 3 -3 -4 6 -2 -7
right_child=1 2 4 -5 -6 7 -8 -9
leaf_value=-0.025024709237335959 -0.0087876013882501325 -0.018597843229083751 0.0038151146012512273 0.0049277853098946651 -0.00019676224140063929 0.016021614822205876 0.0047188314461667985 -0.01276991787199639
leaf_weight=77.693481867434457 550.98293621651828 794.92973384447396 5932.8831348563544 323.43145705573261 107289.30272783583 552.33736473787576 2255.0782593004405 54.527121031656861
leaf_count=14563 1122 2513 13222 712 388059 675 4440 141
internal_value=-1.66442e-06 1.77762e-05 -0.000103072 -0.0117926 1.36741e-05 0.00405793 0.00202352 0.0131408
internal_weight=117831 117753 114341 1118.36 113222 3412.93 2806.06 606.864
internal_count=425447 410884 404506 3225 401281 6378 5562 816
is_linear=0
shrinkage=0.03


Tree=386
num_leaves=9
num_cat=0
split_feature=15 17 15 18 17 31 17 19
split_gain=63.566 63.6252 183.652 197.856 179.909 193.612 152.486 94.0964
threshold=-0.74166666666666659 0.19823817908763888 1.2111111111111115 12.500000000000002 0.13006633520126346 0.0095307443093506309 0.11827412620186807 183320297.50000003
decision_type=2 2 2 2 2 2 2 2
left_child=-1 4 3 -3 6 -6 -2 -4
right_child=1 2 7 -5 5 -7 -8 -9
leaf_value=-0.025859038790697945 -0.00054322434946001521 -0.0032905650696611146 -0.01441813771910099 0.002866621137772626 0.00089412175190663006 -0.0069820539023272348 0.0029022767326637726 -0.0016195878152264042
leaf_weight=70.505446770956041 58649.141005262267 5757.1530470461585 937.87379842810333 25159.007611820649 4633.9541920669144 7081.2829134769272 14381.400985251239 1152.8597263172269
leaf_count=2136 216518 24033 1896 86802 16074 31452 44684 1852
internal_value=-1.74695e-06 1.67723e-05 0.00113411 0.00171803 -0.000418181 -0.00386692 0.00013532 -0.00743689
internal_weight=117823 117753 33006.9 30916.2 84745.8 11715.2 73030.5 2090.73
internal_count=425447 423311 114583 110835 308728 47526 261202 3748
is_linear=0
shrinkage=0.03


Tree=387
num_leaves=16
num_cat=0
split_feature=17 18 17 1 29 8 29 16 29 10 29 4 9 1 0
split_gain=63.2679 118.327 106.625 103.798 96.6698 93.2728 80.1381 161.947 108.683 74.1108 70.2706 63.85 60.9151 34.0146 12.1927
threshold=0.31788682937622076 425.50000000000006 0.30725073814392095 3081.5000000000005 66100281.638047144 84.796183092807041 23585008.240229946 6.5000000000000009 2086496.172945854 2.1054964539007099 305675.0035939471 2.3165611814345994 42.500000000000007 8846.5000000000018 65406045.500000007
decision_type=2 2 2 2 2 2 2 2 2 2 2 2 2 2 2
left_child=2 4 6 14 5 -2 8 -8 -1 10 -4 -6 -11 -5 -3
right_child=1 3 9 13 11 -7 7 -9 -10 12 -12 -13 -14 -15 -16
leaf_value=-0.00027425810417120485 0.030593293117263616 -0.027256237119698733 -0.021964813592312768 0.080184148689921464 -0.0076062194318782571 -0.0011863255111445863 0.0010062958324983809 -0.010571218538628788 0.0022303106420394161 0.015580596075474839 0.0034711238443729431 0.041379903164239298 -0.0358247948321615 0.017080955083650557 0.0072807437230873098
leaf_weight=92891.234554989787 75.407553357305005 8.4597245249897224 136.66186950053088 23.250424394384027 25.250562228728086 1007.7826276005362 2517.4337740711635 1890.6015244173468 18721.48161152727 14.506225620163603 261.64139814418741 79.547815300989896 139.03990924265236 24.429817572236061 5.0787476897239676
leaf_count=331569 214 50 678 21 156 4127 9530 7418 69722 29 825 121 952 33 2
internal_value=-1.88294e-06 0.00667302 -7.45187e-05 0.0429992 0.00426333 0.00138638 -1.08438e-05 -0.00397152 0.000145823 -0.0130541 -0.00566404 0.029852 -0.0298359 0.0601557 -0.016232
internal_weight=117822 1249.21 116573 61.2187 1187.99 1083.19 116021 4408.04 111613 551.849 398.303 104.798 153.546 47.6802 13.5385
internal_count=425447 4724 420723 106 4618 4341 418239 16948 401291 2484 1503 277 981 54 52
is_linear=0
shrinkage=0.03


Tree=388
num_leaves=16
num_cat=0
split_feature=14 28 3 15 0 15 0 14 12 6 0 14 23 18 30
split_gain=63.5859 249.63 181.868 208.557 153.432 247.696 243.211 167.469 184.293 122.735 112.725 279.637 138.726 100.681 71.0888
threshold=25844775.590909097 669184.15091986256 2.3917306052855927 0.18465909090909094 397586766.50000006 0.90454545454545465 63990447.500000007 60890640.514285721 51.500000000000007 0.26713615023474185 118458064.50000001 7745007.2782805441 0.45343982300504043 439.00000000000006 3.5000000000000004
decision_type=2 2 2 2 2 2 2 2 2 2 2 2 2 2 2
left_child=1 10 9 -4 5 6 -2 13 -9 -3 11 -1 -12 -6 -7
right_child=4 2 3 -5 7 14 -8 8 -10 -11 12 -13 -14 -15 -16
leaf_value=0.0006032132134918722 0.035441351281327672 -0.019170171939938748 0.013388912712990194 -0.0012571217192268026 0.0006389695895756951 -0.0063598662088778582 -0.0075690395750461926 -0.0040791925956427735 0.0022644333076514331 0.01952295953071892 0.0038492811156274477 -0.0045391894438479947 -0.001737124440044062 0.0060271457309217704 0.0038857793471978718
leaf_weight=39451.667724646715 105.32204870367423 338.04391161547392 2991.407751415798 1225.796823143959 7913.2766861921409 723.05108357965946 7765.000994987844 11014.711553905683 6562.2024169838405 79.5537398327142 12678.656691856566 12524.276759081258 5822.8080462147482 5158.899901359051 3465.220063790679
leaf_count=116582 842 2551 8438 1781 21454 1169 62185 59918 32020 351 27944 57424 16185 12075 4528
internal_value=-1.46249e-06 0.000523777 0.00725638 0.00913536 -0.000925789 -0.00379036 -0.00692334 0.000201574 -0.00170923 -0.0113083 7.91449e-05 -0.00063629 0.00208952 0.00277216 0.00209348
internal_weight=117820 75112.2 4634.8 4217.2 42707.7 12058.6 7870.32 30649.1 17576.9 417.598 70477.4 51975.9 18501.5 13072.2 4188.27
internal_count=425447 231256 13121 10219 194191 68724 63027 125467 91938 2902 218135 174006 44129 33529 5697
is_linear=0
shrinkage=0.03


Tree=389
num_leaves=9
num_cat=0
split_feature=5 10 5 11 16 5 7 14
split_gain=62.4957 62.836 152.391 152.187 125.224 89.1991 175.44 116.109
threshold=1.0000000180025095e-35 3.077651515151516 2.2366028708133974 103.50000000000001 5.5000000000000009 2.8839743589743594 12.105404077926897 636931959.50000012
decision_type=2 2 2 2 2 2 2 2
left_child=-1 5 4 -4 -3 7 -7 -2
right_child=1 2 3 -5 -6 6 -8 -9
leaf_value=-0.024902044001594934 -0.00068713257344165432 0.001191745418758708 0.0035371746061186793 -0.013475592265380884 0.014131186588511556 0.00038169720979970106 0.0073696130698698292 -0.01747573281580185
leaf_weight=75.644488293532049 70287.596968218219 1284.5836660582572 1241.6731495657004 743.63764362642542 1418.9910505223088 38832.401490519289 3513.8518273262307 357.91385488538072
leaf_count=14563 255441 4898 4311 3678 4520 123653 11271 3112
internal_value=-1.29415e-06 1.76287e-05 0.00341521 -0.00287356 0.00803464 -0.000123532 0.00096466 -0.000776306
internal_weight=117756 117681 4688.89 1985.31 2703.57 112992 42346.3 70645.5
internal_count=425447 410884 17407 7989 9418 393477 134924 258553
is_linear=0
shrinkage=0.03


Tree=390
num_leaves=15
num_cat=0
split_feature=4 0 14 14 8 10 30 5 9 13 22 22 8 18
split_gain=62.138 172.755 227.945 157.176 115.217 95.0803 114.42 108.899 235.974 177.161 107.863 88.6196 88.5805 86.2151
threshold=1.4080290010741141 2905506051.5000005 148297304.20833334 636931959.50000012 94.346629514849894 3.077651515151516 1.0000000180025095e-35 1.2251760563380285 101.50000000000001 17198.953996672859 223.50000000000003 121.50000000000001 88.806853250593591 775.50000000000011
decision_type=2 2 2 2 2 2 2 2 2 2 2 2 2 2
left_child=1 2 4 12 -1 7 11 9 -9 -2 -8 -7 -3 -4
right_child=5 3 13 -5 -6 6 10 8 -10 -11 -12 -13 -14 -15
leaf_value=-0.0036697956513461658 -0.0029339693815027814 -0.011586419200511637 -0.029734569615058253 -0.034181533422537894 0.0022767987552008155 0.0056551059210437522 0.0029983511298127888 -0.011689829354200165 0.00067847214436857651 0.027681223314812174 -0.018696642746068817 0.020789782368583361 0.018392487977237883 0.0014543074442860057
leaf_weight=9685.6265890059294 12358.20514036098 89.720892392098904 356.82732969973586 49.252446091850288 4184.4239578152483 984.72156079678098 1380.5902886466647 1396.0379858128726 85539.606081243604 157.42233486357145 226.98563989589456 545.81363829365 698.53890540904831 97.529609254153911
leaf_count=45026 59401 368 5034 596 19254 4083 7076 6532 271437 712 1437 1781 1855 855
internal_value=-1.37241e-06 -0.00179327 -0.00257337 0.0113244 -0.0018731 0.000263388 0.00539241 0.000100455 0.000477531 -0.00251382 -0.000190961 0.0112212 0.0147903 -0.0231433
internal_weight=117751 15161.9 14324.4 837.512 13870.1 102589 3138.11 99451.3 86935.6 12515.6 1607.58 1530.54 788.26 454.357
internal_count=425447 72988 70169 2819 64280 352459 14377 338082 277969 60113 8513 5864 2223 5889
is_linear=0
shrinkage=0.03


Tree=391
num_leaves=16
num_cat=0
split_feature=15 19 29 29 14 31 5 7 5 17 25 17 23 13 15
split_gain=64.3824 90.7732 97.9019 168.784 131.076 71.6197 85.9055 104.801 81.1423 95.4944 73.0999 68.3229 17.8632 17.5043 11.7639
threshold=-0.36931818181818177 718908583.00000012 2413111.4542031982 5962019.3186788969 15000068.571428573 0.14837129237288138 2.2945998071359694 13.220732254855685 0.14670014347202298 0.28288784623146063 3.7749287749287759 0.22333983331918719 0.18756624336555155 17198.953996672859 -0.59545454545454535
decision_type=2 2 2 2 2 2 2 2 2 2 2 2 2 2 2
left_child=1 2 4 -4 -1 8 11 -8 9 -2 -10 -7 13 -3 -14
right_child=5 12 3 -5 -6 6 7 -9 10 -11 -12 -13 14 -15 -16
leaf_value=-0.00053610351809354963 -0.02449877109801572 -0.03445212778098021 0.015057469302202645 -0.0052372143814386433 -0.01286466291644881 -0.0053073132990450163 -0.017178553655524807 0.012598474019851112 0.00017988057601794181 0.012210201268040509 0.0061412594764546687 0.011698478274095337 0.014996675812171454 0.0028516624831648211 -0.014686300184533371
leaf_weight=1900.0703430503781 223.28841356746852 99.23762788932072 643.77994750768994 822.7170334343682 1305.0519899766659 616.57255896274 702.43611270748079 112.52066005021334 109035.01545976847 75.384209434851073 1868.7479946333915 305.36699028406292 9.2012775315670297 8.5234485461842251 8.8522691719117574
leaf_count=15917 13504 1186 4842 7491 16651 3912 3440 384 349394 1443 5789 1315 24 42 113
internal_value=-1.47897e-06 -0.00340004 -0.00266854 0.00371398 -0.00560187 0.000143052 -0.00587483 -0.0128777 0.000238096 -0.014997 0.000281418 0.000390476 -0.0271706 -0.0312693 0
internal_weight=117737 4797.43 4671.62 1466.5 3205.12 112939 1736.9 814.957 111202 298.673 110904 921.94 125.815 107.761 18.0535
internal_count=425447 46266 44901 12333 32568 379181 9051 3824 370130 14947 355183 5227 1365 1228 137
is_linear=0
shrinkage=0.03


Tree=392
num_leaves=15
num_cat=0
split_feature=28 9 0 14 17 8 5 20 26 5 8 16 30 11
split_gain=62.2099 161.329 176.705 134.06 113.105 84.1435 150.672 129.051 120.126 134.736 133.27 97.5612 55.9336 25.5585
threshold=4108606.6893981504 701.50000000000011 5756244992.000001 537181347.04166687 0.33111621439456945 90.594372447527917 0.60903532608695665 2359.0000000000005 0.02508797126848715 1.9172374429223746 90.68031509894719 3.5000000000000004 17.500000000000004 86.500000000000014
decision_type=2 2 2 2 2 2 2 2 2 2 2 2 2 2
left_child=5 2 4 -4 -2 6 11 -8 9 -7 -10 -1 13 -3
right_child=1 12 3 -5 -6 8 7 -9 10 -11 -12 -13 -14 -15
leaf_value=0.018749694173276515 -0.0070318837046449718 0.0040074903162288268 0.022989233100580719 -0.015323732017045337 0.022887827500793982 0.00097480614310505953 0.0034359989127705614 -0.0011402933695199746 -0.013040418415214866 -0.028951808216187518 -0.00014259277578577029 -0.013021812731907608 -0.046520731636050375 -0.025031268071339447
leaf_weight=82.485563556547277 2352.347319078166 46.700040724128485 351.41093316674232 93.538050941191614 104.61655269993935 257.7893765338813 17858.271661078092 8020.0097610452212 712.16218592680525 263.76539819035679 86579.081048929045 875.22285950055812 87.570586277171969 37.288904147222638
leaf_count=408 13909 103 993 774 387 1110 63512 26517 2996 1236 303338 9494 515 155
internal_value=-1.62528e-06 -0.00420341 -0.00244054 0.0146327 -0.00561462 0.000111288 0.00158116 0.00201675 -0.000337764 -0.0144903 -0.000250385 -0.0100076 -0.0312675 -0.0104213
internal_weight=117722 3073.47 2901.91 444.949 2456.96 114649 26836 25878.3 87812.8 521.555 87291.2 957.708 171.56 83.9889
internal_count=425447 16836 16063 1767 14296 408611 99931 90029 308680 2346 306334 9902 773 258
is_linear=0
shrinkage=0.03


Tree=393
num_leaves=8
num_cat=0
split_feature=15 15 15 28 15 10 13
split_gain=61.5512 62.1615 64.4855 74.2774 68.2427 3.81801 9.46146
threshold=-0.74166666666666659 -0.70714285714285696 -0.65833333333333321 4801.927545409847 -0.59545454545454535 1.37937595129376 4119.2035909304559
decision_type=2 2 2 2 2 2 2
left_child=-1 5 3 -3 -4 6 -2
right_child=1 2 4 -5 -6 -7 -8
leaf_value=-0.025705985581692205 -0.0095352037334441031 0.014748056620913186 0.013720075019208142 -0.017535462721242304 4.0068808395289231e-06 0.037119370006740697 0.018037393623175541
leaf_weight=68.78633432710194 6.3464431352913353 65.543357951100916 312.39492176473141 333.48222569032805 116896.69189030846 27.085407929494977 9.5872940458357334
leaf_count=2136 61 340 573 6403 415879 35 20
internal_value=-1.90499e-06 1.61434e-05 5.72974e-07 -0.011818 4.25709e-05 0.031061 0.00678702
internal_weight=117720 117651 117608 399.026 117209 43.0191 15.9337
internal_count=425447 423311 423195 6743 416452 116 81
is_linear=0
shrinkage=0.03


Tree=394
num_leaves=16
num_cat=0
split_feature=17 28 13 16 1 1 14 4 17 28 19 11 27 14 17
split_gain=61.3049 128.787 193.787 223.421 195.223 150.277 144.278 129.556 113.858 178.67 171.937 150.408 119.434 344.108 264.422
threshold=0.039001181721687324 27131.979714325924 1179.095619583577 7.5000000000000009 3160.5000000000005 256.50000000000006 185965.20454545456 1.1164728682170544 0.069544728845357909 156318.866527943 150589743.00000003 99.500000000000014 10302128.82438479 4802571.166666667 0.14910929650068286
decision_type=2 2 2 2 2 2 2 2 2 2 2 2 2 2 2
left_child=1 5 4 -4 -3 6 -1 -7 9 10 -2 -11 14 -14 -10
right_child=8 2 3 -5 -6 7 -8 -9 12 11 -12 -13 13 -15 -16
leaf_value=0.0066440845869725216 0.00039377251014147759 -0.0022628704377783406 0.0081110153790401717 -0.020300311241995973 -0.011876230136856519 -0.017953262228325908 -0.0060261830924602773 0.0055231891549714484 -0.0042548259306079824 0.0016554159759917574 0.0084292304794185008 -0.0088879068545116759 0.014804349946762165 0.00022752128566632377 0.002181850161399569
leaf_weight=1043.520302442601 4109.5096917646006 4912.2714702208759 1805.8371934467577 273.61068134941161 3106.502880988206 206.25578929949552 3409.4226673010271 4845.2523070437601 15598.496466364653 3969.0723706660792 5767.1358367301291 1737.7535777275043 1481.3858587020077 56379.509525664966 9068.430168245919
leaf_count=1872 11796 24851 7450 1605 12829 1158 11124 12999 48697 12015 14843 7318 2968 228353 25569
internal_value=-1.72409e-06 -0.00153295 -0.00389011 0.00423976 -0.00600608 0.00097049 -0.00303793 0.0045084 0.000304098 0.00265475 0.00509451 -0.00156471 -0.000139807 0.000604984 -0.00188737
internal_weight=117714 19602.7 10098.2 2079.45 8018.77 9504.45 4452.94 5051.51 98111.3 15583.5 9876.65 5706.83 82527.8 57860.9 24666.9
internal_count=425447 73888 46735 9055 37680 27153 12996 14157 351559 45972 26639 19333 305587 231321 74266
is_linear=0
shrinkage=0.03


Tree=395
num_leaves=16
num_cat=0
split_feature=14 13 14 0 14 8 8 13 10 11 26 11 14 13 1
split_gain=60.7697 121.25 124.213 114.795 231.143 192.529 178.247 176.36 102.992 102.303 99.2823 96.1956 94.8498 78.8994 73.8084
threshold=599978.80000000016 2.3097261152362329 526917.56250000012 10981796.000000002 2703284.9785714294 92.455655553917779 92.347619724520158 19.469296287487417 1.9803921568627458 118.50000000000001 0.36266862186839893 141.50000000000003 1549586.1750000003 14.682640152224346 392.50000000000006
decision_type=2 2 2 2 2 2 2 2 2 2 2 2 2 2 2
left_child=1 2 8 5 9 6 -2 -6 -1 -5 11 -3 -7 -12 -4
right_child=3 10 14 4 7 12 -8 -9 -10 -11 13 -13 -14 -15 -16
leaf_value=0.0023201911087063903 -0.00010032536118876028 -0.002391002710416226 -0.03590402892926247 0.0060852064255057601 -0.0056818638154823159 -0.0055047946963444425 0.030753865812208306 -5.3321982822419591e-06 -0.011927362905088961 -0.0073122038756299069 0.01379955002814557 0.029292143303998392 -0.016229092340560542 -0.0083553328078498166 0.012862194031809908
leaf_weight=3524.7609326583333 3207.2399689040612 999.3970767648425 118.21637156000361 7054.1895307977684 5195.0335861823987 3056.958431298146 162.74682760238647 90487.210943346145 509.09384410374332 538.65726944862399 1603.5027250576532 79.241459299344569 986.33166962221731 147.28472801798489 26.042376711964607
leaf_count=7102 9909 2206 469 15811 19851 9384 300 348986 1642 1674 3030 76 4553 420 34
internal_value=-1.73136e-06 0.00270423 -0.000539753 -0.000173656 8.51364e-05 -0.00377585 0.00151053 -0.000314693 0.000477138 0.00511827 0.00748263 0.000278984 -0.00817862 0.0118636 -0.0265298
internal_weight=117696 7007.54 4178.11 110688 103275 7413.28 3369.99 95682.2 4033.85 7592.85 2829.43 1078.64 4043.29 1750.79 144.259
internal_count=425447 14979 9247 410468 386322 24146 10209 368837 8744 17485 5732 2282 13937 3450 503
is_linear=0
shrinkage=0.03


Tree=396
num_leaves=16
num_cat=0
split_feature=15 0 14 19 14 0 31 15 0 14 23 11 21 9 6
split_gain=61.3526 87.9294 168.142 142.061 136.459 249.096 228.749 69.614 185.262 210.643 74.6041 144.672 98.6118 70.8773 66.7653
threshold=-0.36931818181818177 46278499.000000007 1376570.0538461541 134537895.00000003 8578206.7613636386 300006034.00000006 0.072585013804913875 -0.29772727272727267 460012029.50000006 68058064.037500009 0.079171169177164866 143.50000000000003 8895.0000000000018 1542.0000000000002 0.075235849056603785
decision_type=2 2 2 2 2 2 2 2 2 2 2 2 2 2 2
left_child=1 2 3 -1 6 -6 -3 8 13 -10 11 -9 -12 -2 -4
right_child=7 4 14 -5 5 -7 -8 10 9 -11 12 -13 -14 -15 -16
leaf_value=0.029963301332015184 0.014912461293334012 -0.002151694207888989 0.024179325015642024 -0.010027600037110704 -0.019021532428366128 0.0003129049767978888 0.031683825736291998 0.0016217604587003506 -0.012896601384177642 0.011374271660632387 -6.0859561704713742e-05 0.022886782408666186 -0.0046155971416193204 -0.0077892464060463646 -0.029655427129617391
leaf_weight=97.849306889693253 1217.628727376461 508.61950785224326 10.526216387108432 258.7600543666631 769.82380808034213 2528.4527706930239 260.5196822892176 13638.073604516918 780.29210487753153 525.36879789829254 91858.474557629786 279.57444759027567 4472.9014697056264 126.52464657463133 345.82036934501957
leaf_count=466 1241 2761 199 1802 11839 22242 1314 37675 1488 956 325907 571 11121 222 5643
internal_value=-1.6967e-06 -0.00332544 -0.0129361 0.00163123 -0.00159216 -0.00425642 0.00965753 0.000139195 0.00493051 -0.00308956 2.31095e-05 0.00207526 -0.000273344 0.0126911 -0.0270719
internal_weight=117679 4780.37 712.956 356.609 4067.42 3298.28 769.139 112899 2649.81 1305.66 110249 13917.6 96331.4 1344.15 356.347
internal_count=425447 46266 8110 2268 38156 34081 4075 379181 3907 2444 375274 38246 337028 1463 5842
is_linear=0
shrinkage=0.03


Tree=397
num_leaves=15
num_cat=0
split_feature=24 24 0 24 6 1 13 6 1 0 13 18 0 18
split_gain=59.7689 158.205 158.079 131.165 130.42 121.043 126.024 120.858 117.997 149.438 112.825 112.665 105.267 82.5027
threshold=5.2161084324013904 2.3984159579248723 181247042.50000003 5.950713546435666 0.092807924203273051 280382.00000000006 3855.949084993103 0.4836021505376345 12060.500000000002 224308953.00000003 3623.2798725346624 36.500000000000007 961628087.00000012 46.500000000000007
decision_type=2 2 2 2 2 2 2 2 2 2 2 2 2 2
left_child=1 5 13 10 -4 6 -1 -7 11 -10 12 -5 -2 -3
right_child=3 2 4 8 -6 7 -8 -9 9 -11 -12 -13 -14 -15
leaf_value=-0.00033413403573778413 -0.011470759317257148 0.019336216019576136 0.031780702798144184 0.0010324247493096893 0.0050897557163707514 0.014432888774665158 0.0059972718453221718 -0.015060606941191672 0.015693375519554218 0.00075240981315788955 -0.044912236012543072 -0.0053326860782694488 0.007856532507992257 -0.00097652093173451868
leaf_weight=77672.900138211873 1280.4133598898479 169.88450658676447 153.98149750556331 4086.8235728588479 9050.9907383942627 133.6617572910618 2921.1800433534663 823.63056780095212 642.52301375905517 7298.8289487211732 63.489991509006359 6396.9824280053144 302.13751420518383 6662.7750048442977
leaf_count=288268 5201 694 576 15971 27486 655 13321 3558 1884 24112 563 20040 891 22227
internal_value=-1.48891e-06 0.000304949 0.00302742 -0.00149204 0.00559048 -0.000230533 -0.000103203 -0.0107526 -0.000761735 0.00199234 -0.00956806 -0.00285064 -0.00772293 -0.000425842
internal_weight=117660 97589 16037.6 20071.2 9204.97 81551.4 80594.1 957.292 18425.2 7941.35 1646.04 10483.8 1582.55 6832.66
internal_count=425447 356785 50983 68662 28062 305802 301589 4213 62007 25996 6655 36011 6092 22921
is_linear=0
shrinkage=0.03


Tree=398
num_leaves=16
num_cat=0
split_feature=14 0 14 15 0 15 1 15 29 14 17 1 15 15 2
split_gain=63.2402 279.905 259.893 241.494 170.535 268.899 274.198 164.334 256.157 148.24 170.738 134.604 130.359 93.8881 86.3531
threshold=14470667.66134752 78935608.000000015 7745007.2782805441 0.44671201814058964 306033072.00000006 0.90454545454545465 23274.500000000004 0.37797619047619052 29156.308340932945 60890640.514285721 0.086981520056724562 3395.5000000000005 0.30384615384615393 1.4500000000000002 18.76076807228916
decision_type=2 2 2 2 2 2 2 2 2 2 2 2 2 2 2
left_child=1 2 11 -4 5 6 -2 8 -3 12 -11 -1 -6 -7 -9
right_child=4 7 3 -5 9 13 -8 14 -10 10 -12 -13 -14 -15 -16
leaf_value=-6.8047530969428114e-05 -0.0067883571134766413 -0.001737277740260765 -0.0099887059350056984 0.003643106323929952 0.0039743256333267746 0.0034947292816908692 0.0073879148736932668 0.0010326104488124143 0.0088380280876063453 0.0025446208665751329 -0.0035161797324374643 0.0073082650209862253 -0.000949089646135831 -0.008210857626317675 -0.010743999746057213
leaf_weight=34991.280075333692 12105.431233465759 2748.7161790590617 4355.2803469525534 1584.2583528198302 13266.135326187476 5514.0821829214692 1352.0575606070925 3560.2522110268474 8124.6668211261276 6263.2270517868747 12507.456743283547 2362.2769982280442 7594.2669629529119 678.55750367790461 649.14099999144673
leaf_count=106485 78409 6729 26656 2011 42397 7134 8775 4939 21964 34809 65538 6108 11162 1148 1183
internal_value=-1.32497e-06 0.00069922 -0.000526587 -0.00634762 -0.00069168 -0.00297583 -0.00535522 0.00421675 0.0061632 0.000440805 -0.00149185 0.000400382 0.00218112 0.00219052 -0.00080809
internal_weight=117657 58375.9 43293.1 5939.54 59281.2 19650.1 13457.5 15082.8 10873.4 39631.1 18770.7 37353.6 20860.4 6192.64 4209.39
internal_count=425447 176075 141260 28667 249372 95466 87184 34815 28693 153906 100347 112593 53559 8282 6122
is_linear=0
shrinkage=0.03


Tree=399
num_leaves=16
num_cat=0
split_feature=14 28 15 18 13 24 0 1 12 24 26 5 0 18 4
split_gain=61.4787 229.81 150.734 254.532 149.985 262.127 181.669 418.08 156.882 139.374 119.107 135.741 125.919 77.4576 28.0253
threshold=25844775.590909097 669184.15091986256 0.18465909090909094 76.500000000000014 38.827702376891303 0.43907527459923235 397586766.50000006 36628.500000000007 51.500000000000007 0.39504193941669036 0.45018798114514952 3.3233031674208151 123308941.00000001 506.50000000000006 5.4298029556650258
decision_type=2 2 2 2 2 2 2 2 2 2 2 2 2 2 2
left_child=1 10 3 -3 5 9 7 -6 -8 -2 12 -12 -1 -4 -7
right_child=4 2 13 -5 6 14 8 -9 -10 -11 11 -13 -14 -15 -16
leaf_value=4.7683420879705705e-05 0.020097622107138276 0.00015124673449623898 0.0024685534207649846 0.017249106183492815 -0.0061414046591267259 -0.025918855975963963 -0.0013819903739823512 0.012269228979915689 0.0031346850429261109 0.084237703259519459 -0.0023656864919301382 0.0015527596864877851 0.0038990080142347226 -0.01436950434902675 0.0093766658481885031
leaf_weight=22346.418620954471 97.624304238939658 1304.3306493034179 1061.3534321337938 1962.3843714955729 10547.402548750659 63.748247951152734 20077.585002172942 1225.5284865092253 10541.810287798289 42.706600457429886 24680.513358100172 11716.833134680055 11607.86943190312 303.35728844627738 17.111693797400221
leaf_count=68290 380 5351 1408 5783 61768 410 83180 6054 42286 84 90695 34101 25049 579 29
internal_value=-1.3578e-06 0.000515465 0.00697742 0.0104633 -0.000911328 0.0229246 -0.00104447 -0.00420919 0.000172829 0.0460601 8.82351e-05 -0.00110334 0.00136635 -0.00136811 -0.0178381
internal_weight=117597 74983.1 4631.43 3266.72 42613.5 221.191 42392.3 11772.9 30619.4 140.331 70351.6 36397.3 33954.3 1364.71 80.8599
internal_count=425447 231256 13121 11134 194191 903 193288 67822 125466 464 218135 124796 93339 1987 439
is_linear=0
shrinkage=0.03


end of trees

feature_importances:
점포당_평균_매출=728
전년_동기_대비_폐업_증감률=638
당월_매출_금액=536
상권_업종_적합도=510
당월_매출_건수=330
폐업_률_y=320
점포당_매출_밀도=209
직장인구_1인당_매출=199
운영_영업_개월_평균=137
집객시설_수=136
집객시설_밀도=131
유효_수요_전환율=129
프랜차이즈_점포_수_y=122
총_아파트_세대수=120
상권_내부_업종_점유율(%)=109
개업_율_y=107
아파트세대당_매출=91
점포_수_y=85
직장인구_100명당_유사업종수=85
폐업_영업_개월_평균=82
상권_전체점포_수=80
아파트_100세대당_점포수=74
유사_업종_점포_수_y=73
아파트_평균_시가=59
개인점포비율(%)=51
직장인구_100명당_점포수=45
프랜차이즈점포비율(%)=42
소득_구간_코드=35
총_직장_인구_수=30
여성_직장_인구_수=26
남성_직장_인구_수=23
유사업종_점포비율=16

parameters:
[boosting: gbdt]
[objective: binary]
[metric: binary_logloss]
[tree_learner: serial]
[device_type: cpu]
[data_sample_strategy: bagging]
[data: ]
[valid: ]
[num_iterations: 400]
[learning_rate: 0.03]
[num_leaves: 31]
[num_threads: 24]
[seed: 42]
[deterministic: 0]
[force_col_wise: 0]
[force_row_wise: 0]
[histogram_pool_size: -1]
[max_depth: 4]
[min_data_in_leaf: 20]
[min_sum_hessian_in_leaf: 0.001]
[bagging_fraction: 0.8]
[pos_bagging_fraction: 1]
[neg_bagging_fraction: 1]
[bagging_freq: 0]
[bagging_seed: 400]
[bagging_by_query: 0]
[feature_fraction: 0.8]
[feature_fraction_bynode: 1]
[feature_fraction_seed: 30056]
[extra_trees: 0]
[extra_seed: 12879]
[early_stopping_round: 0]
[early_stopping_min_delta: 0]
[first_metric_only: 0]
[max_delta_step: 0]
[lambda_l1: 1]
[lambda_l2: 15]
[linear_lambda: 0]
[min_gain_to_split: 0]
[drop_rate: 0.1]
[max_drop: 50]
[skip_drop: 0.5]
[xgboost_dart_mode: 0]
[uniform_drop: 0]
[drop_seed: 17869]
[top_rate: 0.2]
[other_rate: 0.1]
[min_data_per_group: 100]
[max_cat_threshold: 32]
[cat_l2: 10]
[cat_smooth: 10]
[max_cat_to_onehot: 4]
[top_k: 20]
[monotone_constraints: ]
[monotone_constraints_method: basic]
[monotone_penalty: 0]
[feature_contri: ]
[forcedsplits_filename: ]
[refit_decay_rate: 0.9]
[cegb_tradeoff: 1]
[cegb_penalty_split: 0]
[cegb_penalty_feature_lazy: ]
[cegb_penalty_feature_coupled: ]
[path_smooth: 0]
[interaction_constraints: ]
[verbosity: -1]
[saved_feature_importance_type: 0]
[use_quantized_grad: 0]
[num_grad_quant_bins: 4]
[quant_train_renew_leaf: 0]
[stochastic_rounding: 1]
[linear_tree: 0]
[max_bin: 255]
[max_bin_by_feature: ]
[min_data_in_bin: 3]
[bin_construct_sample_cnt: 200000]
[data_random_seed: 175]
[is_enable_sparse: 1]
[enable_bundle: 1]
[use_missing: 1]
[zero_as_missing: 0]
[feature_pre_filter: 1]
[pre_partition: 0]
[two_round: 0]
[header: 0]
[label_column: ]
[weight_column: ]
[group_column: ]
[ignore_column: ]
[categorical_feature: ]
[forcedbins_filename: ]
[precise_float_parser: 0]
[parser_config_file: ]
[objective_seed: 16083]
[num_class: 1]
[is_unbalance: 0]
[scale_pos_weight: 33.3296]
[sigmoid: 1]
[boost_from_average: 1]
[reg_sqrt: 0]
[alpha: 0.9]
[fair_c: 1]
[poisson_max_delta_step: 0.7]
[tweedie_variance_power: 1.5]
[lambdarank_truncation_level: 30]
[lambdarank_norm: 1]
[label_gain: ]
[lambdarank_position_bias_regularization: 0]
[eval_at: ]
[multi_error_top_k: 1]
[auc_mu_weights: ]
[num_machines: 1]
[local_listen_port: 12400]
[time_out: 120]
[machine_list_filename: ]
[machines: ]
[gpu_platform_id: -1]
[gpu_device_id: -1]
[gpu_use_dp: 0]
[num_gpu: 1]

end of parameters

pandas_categorical:[]
